variant,family,category,mode,n_active,n_long,n_short,sharpe,sharpe_long,sharpe_short
atr_10,atr,volatility,momentum,256318,129593,126725,-0.00046623173228086355,0.00678588780572285,-0.007656464160434697
atr_10,atr,volatility,reversion,27154,16539,10615,-0.0015924643720423024,0.010850057857326687,-0.013338459465965322
atr_20,atr,volatility,momentum,256278,129719,126559,-0.0013830316394895013,0.005838015745734722,-0.008578480790748839
atr_20,atr,volatility,reversion,15647,9660,5987,0.0019519445856342028,0.009226904803406296,-0.0060515423010946865
atr_50,atr,volatility,momentum,256111,129527,126584,-0.0017268943760890448,0.0021799552138227958,-0.005605672891282984
atr_50,atr,volatility,reversion,7660,4635,3025,0.021105417285051754,0.04482761383505733,-0.006087006657652999
atr_100,atr,volatility,momentum,255862,129449,126413,-0.0026939848640686825,0.0028993320128856918,-0.008244368592252518
atr_100,atr,volatility,reversion,4442,2795,1647,0.006589900103422797,0.01945563760434816,-0.01620975316185787
realized_vol_10,realized_vol,volatility,momentum,256320,128826,127494,-0.0034997520978694166,0.0012424428390942033,-0.00817136777508471
realized_vol_10,realized_vol,volatility,reversion,50693,29148,21545,0.00406384814754576,0.014527243362737814,-0.004026517040214208
realized_vol_20,realized_vol,volatility,momentum,256266,128889,127377,-0.004990258993983257,-0.001667153106323252,-0.008274460890835713
realized_vol_20,realized_vol,volatility,reversion,26743,15331,11412,0.007324023360911009,-0.00215898543329868,0.016040620564897076
realized_vol_50,realized_vol,volatility,momentum,256056,128518,127538,-0.004510286879638898,-0.0010437227627608369,-0.007912585480998054
realized_vol_50,realized_vol,volatility,reversion,12332,7183,5149,0.0007496455027366464,0.006520278345450454,-0.005625008554618294
realized_vol_100,realized_vol,volatility,momentum,255681,128275,127406,-0.005585521554560399,-0.0017476754187704605,-0.009360484445583503
realized_vol_100,realized_vol,volatility,reversion,7097,4231,2866,0.009009144090631874,0.027450181158716173,-0.017905717510700636
bb_width_10,bb_width,volatility,momentum,256278,129110,127168,-0.005910191538852453,-0.0010732253232422937,-0.010704045892382628
bb_width_10,bb_width,volatility,reversion,65816,36393,29423,0.0006868603829251915,0.01453607869372914,-0.009600410233342632
bb_width_20,bb_width,volatility,momentum,256223,128893,127330,-0.005184241913611061,0.0022739668142333727,-0.012555557624368604
bb_width_20,bb_width,volatility,reversion,33722,18746,14976,0.003113354182301855,0.017292649183560636,-0.008848667569061332
bb_width_50,bb_width,volatility,momentum,255955,128708,127247,-0.007557102675665649,0.0032387300454260015,-0.018205915192371778
bb_width_50,bb_width,volatility,reversion,14761,8378,6383,0.009739441244005491,0.028039772954969178,-0.008798746818593418
bb_width_100,bb_width,volatility,momentum,255595,128223,127372,-0.008784710732175249,-0.002609784441446033,-0.014845538753622607
bb_width_100,bb_width,volatility,reversion,7862,4522,3340,0.02484685412205502,0.03940726024259353,0.008738941202800192
keltner_width_10,keltner_width,volatility,momentum,256376,129222,127154,-0.0032245084992443556,-0.00020014460985305296,-0.006218444914565899
keltner_width_10,keltner_width,volatility,reversion,33175,18050,15125,0.00954340885396769,0.015669974020198228,0.005609613081078857
keltner_width_20,keltner_width,volatility,momentum,256319,128938,127381,-0.004050342861465692,-0.002943247220872526,-0.005143715649256673
keltner_width_20,keltner_width,volatility,reversion,19011,10319,8692,0.015898693673246415,0.014377260456237847,0.017644920676061934
keltner_width_50,keltner_width,volatility,momentum,256138,128761,127377,-0.004509698616552187,-0.0025062355917811665,-0.006482073355595893
keltner_width_50,keltner_width,volatility,reversion,9722,5133,4589,-0.012665405030290518,0.0025815360212344267,-0.026132900486021723
keltner_width_100,keltner_width,volatility,momentum,255838,128656,127182,-0.005145036739804896,0.0027099231959829295,-0.01290186252163438
keltner_width_100,keltner_width,volatility,reversion,5885,3251,2634,-0.0016247331228341803,0.02021638926398692,-0.02937101518952955
vol_of_vol_10,vol_of_vol,volatility,momentum,255800,128645,127155,-0.0035683140535457732,0.004775102825557423,-0.011811526109335417
vol_of_vol_10,vol_of_vol,volatility,reversion,75996,44624,31372,0.003179020925448548,0.01205966912724081,-0.004828895197983345
vol_of_vol_20,vol_of_vol,volatility,momentum,255664,128369,127295,-0.004130828844037735,0.004248909803870831,-0.012394299787123876
vol_of_vol_20,vol_of_vol,volatility,reversion,38217,22495,15722,0.011037539920855252,0.024275848490627652,-0.0013706380518654748
vol_of_vol_50,vol_of_vol,volatility,momentum,254902,127838,127064,-0.005541124075856678,0.00019059789372090954,-0.01119322215843119
vol_of_vol_50,vol_of_vol,volatility,reversion,16037,9232,6805,-0.004333780108784464,0.004130654088876065,-0.01551263565397956
vol_of_vol_100,vol_of_vol,volatility,momentum,254877,127560,127317,-0.00402188053380289,-0.0020341068623308174,-0.005978163164817774
vol_of_vol_100,vol_of_vol,volatility,reversion,9550,5730,3820,0.02129416512437817,0.025959793678022963,0.01369419053621037
adx_10,adx,trend_strength,momentum,254681,127724,126957,-0.011730426903077093,-0.0020086725980773563,-0.021385334648184342
adx_10,adx,trend_strength,reversion,64623,34972,29651,0.00039092350407282325,0.007176165363774975,-0.007598589190936787
adx_20,adx,trend_strength,momentum,254765,128119,126646,-0.006194570468770527,0.009654890068655815,-0.021920362358986277
adx_20,adx,trend_strength,reversion,32030,17662,14368,0.0034391107809204355,0.016287819659656196,-0.012004071982087965
adx_50,adx,trend_strength,momentum,254709,127556,127153,-0.00872967562838982,1.9432008720673116e-05,-0.017426552198988355
adx_50,adx,trend_strength,reversion,12658,7074,5584,0.010545490960465639,0.01722545510377352,0.002672317157348428
adx_100,adx,trend_strength,momentum,254712,127471,127241,-0.004827440460812809,-0.002635330023045243,-0.006979036368930688
adx_100,adx,trend_strength,reversion,6338,3532,2806,-0.0009114671519152888,-0.0005509202024115875,-0.0013757571377169425
adx_slope_10,adx_slope,trend_strength,momentum,254740,127844,126896,-0.007590180812621262,0.003019871425482963,-0.018101870393345668
adx_slope_10,adx_slope,trend_strength,reversion,137024,68573,68451,-2.568223938345987e-05,0.006821166304123119,-0.007066804932421732
adx_slope_20,adx_slope,trend_strength,momentum,254835,127939,126896,-0.010039747778109256,0.002754281796042299,-0.0228038669364356
adx_slope_20,adx_slope,trend_strength,reversion,62018,31096,30922,-0.00498022570388475,0.003584103121259261,-0.013704582387096582
adx_slope_50,adx_slope,trend_strength,momentum,254892,128109,126783,-0.010476065417031766,0.005748833215870711,-0.026854285918000723
adx_slope_50,adx_slope,trend_strength,reversion,25028,12521,12507,-0.0033988213729264014,-0.0013137790038765629,-0.005471555816523691
adx_slope_100,adx_slope,trend_strength,momentum,254769,127683,127086,-0.006771751999715217,-0.0006526770263969161,-0.012816300026600851
adx_slope_100,adx_slope,trend_strength,reversion,12002,5945,6057,0.007516774430945039,0.029691671068233703,-0.014317889499948994
ma_slope_10,ma_slope,momentum,momentum,255708,128709,126999,-0.005750145802552681,-0.008084693393687642,-0.0033623637598610835
ma_slope_10,ma_slope,momentum,reversion,47113,23533,23580,0.001312640240066592,0.010274314162938065,-0.007742876122946277
ma_slope_20,ma_slope,momentum,momentum,255518,127531,127987,-0.008134214440881988,-0.002011999551479032,-0.014325120037953915
ma_slope_20,ma_slope,momentum,reversion,23474,11706,11768,-0.006900659738386089,-0.0068006950886701015,-0.007004370404504201
ma_slope_50,ma_slope,momentum,momentum,255157,127658,127499,-0.010084417147964679,0.0018792476647721702,-0.022153548575795934
ma_slope_50,ma_slope,momentum,reversion,9344,4650,4694,-0.006757830242260759,0.010780820585032982,-0.028169584618276712
ma_slope_100,ma_slope,momentum,momentum,254732,127238,127494,-0.010763187182017403,0.003499821161382001,-0.025152935648089472
ma_slope_100,ma_slope,momentum,reversion,4654,2294,2360,-0.024094800418869435,-0.04237108387035309,-0.009668000302905098
efficiency_ratio_10,efficiency_ratio,trend_strength,momentum,254829,128281,126548,-0.009913690020822059,0.004532643833526943,-0.023912405247228416
efficiency_ratio_10,efficiency_ratio,trend_strength,reversion,236750,151174,85576,0.002909458231828512,0.006665763037031369,-0.0035084132740075633
efficiency_ratio_20,efficiency_ratio,trend_strength,momentum,255008,128633,126375,-0.012029441256175,-0.00022631956383071335,-0.023704872462045366
efficiency_ratio_20,efficiency_ratio,trend_strength,reversion,185381,123469,61912,-0.0013265445353437297,0.0030542542306619376,-0.009938724431472916
efficiency_ratio_50,efficiency_ratio,trend_strength,momentum,255074,129034,126040,-0.010318224786511232,0.008936811732926998,-0.02938850407232641
efficiency_ratio_50,efficiency_ratio,trend_strength,reversion,124265,85346,38919,7.598216996569491e-05,0.007705041803651565,-0.0159543386564433
efficiency_ratio_100,efficiency_ratio,trend_strength,momentum,254893,128730,126163,-0.008832449837012627,0.003920321591768451,-0.021370690649024315
efficiency_ratio_100,efficiency_ratio,trend_strength,reversion,86921,60139,26782,-0.0007726141868070967,0.006553939884760227,-0.016357776520477204
variance_ratio_2_10,variance_ratio_2,trend_strength,momentum,254541,127863,126678,-0.005186349700516992,0.0045899675804442356,-0.014968507301105775
variance_ratio_2_10,variance_ratio_2,trend_strength,reversion,189756,83672,106084,-0.001138662921823728,0.013822530029982731,-0.012797332126222626
variance_ratio_2_20,variance_ratio_2,trend_strength,momentum,254719,127748,126971,-0.006067501960852651,0.005187160030808638,-0.017247829645292728
variance_ratio_2_20,variance_ratio_2,trend_strength,reversion,125777,56680,69097,0.0011397891522182113,0.009454246636895829,-0.005748159020257747
variance_ratio_2_50,variance_ratio_2,trend_strength,momentum,254900,127417,127483,-0.0052845638667864715,0.0018365657332646747,-0.01233901875156574
variance_ratio_2_50,variance_ratio_2,trend_strength,reversion,74624,35227,39397,0.004480212347088308,0.014772588135237937,-0.0050239834522205285
variance_ratio_2_100,variance_ratio_2,trend_strength,momentum,254670,127631,127039,-0.0046935514875373,0.001711157151110213,-0.01101608271755931
variance_ratio_2_100,variance_ratio_2,trend_strength,reversion,49171,23722,25449,0.0017999193748257222,0.01748862182968005,-0.012312310811098489
autocorr_returns_10,autocorr_returns,momentum,momentum,255143,127708,127435,-0.0067239034328880915,0.002677637600238651,-0.01602860967862207
autocorr_returns_10,autocorr_returns,momentum,reversion,148437,72989,75448,0.0027224477393024433,0.013344459663119368,-0.007116537265264554
autocorr_returns_20,autocorr_returns,momentum,momentum,255131,127795,127336,-0.0060793428724664035,0.0042320238596817335,-0.016279682122896162
autocorr_returns_20,autocorr_returns,momentum,reversion,92913,46154,46759,0.0009471686549566486,0.007524028319846087,-0.005352305770291648
autocorr_returns_50,autocorr_returns,momentum,momentum,255158,127508,127650,-0.006362829826708818,0.0008991925038652022,-0.013547644850122487
autocorr_returns_50,autocorr_returns,momentum,reversion,53559,27053,26506,0.007498607803841418,0.018678941154124443,-0.00367885196116001
autocorr_returns_100,autocorr_returns,momentum,momentum,254853,127605,127248,-0.004433852713441373,0.0018646496450139413,-0.010639579637791705
autocorr_returns_100,autocorr_returns,momentum,reversion,34621,17682,16939,0.003991860851844975,0.027182271069679687,-0.017648648383774435
rsi_10,rsi,mean_reversion,momentum,254790,167755,87035,-0.006263594300400831,-0.006379894908052789,-0.006034774787171367
rsi_10,rsi,mean_reversion,reversion,139051,70055,68996,0.003976672733923458,0.006014957423646291,0.0018542045535116397
rsi_20,rsi,mean_reversion,momentum,254953,154421,100532,-0.006879201513294139,-0.006409447648263426,-0.007629803697070513
rsi_20,rsi,mean_reversion,reversion,99856,50384,49472,0.003038366349021786,0.01064878450912495,-0.004948379794846308
rsi_50,rsi,mean_reversion,momentum,254952,144196,110756,-0.005374519491997455,0.002031732817972832,-0.01545986286506595
rsi_50,rsi,mean_reversion,reversion,63403,31991,31412,-0.00458944240760053,0.007852291186470425,-0.01826296100005473
rsi_100,rsi,mean_reversion,momentum,254756,138401,116355,-0.006423036629757504,0.004854140433649526,-0.0205105907987728
rsi_100,rsi,mean_reversion,reversion,43496,22066,21430,-0.007236979234119655,0.007418886352859804,-0.02430312721679105
zscore_vs_ma_10,zscore_vs_ma,mean_reversion,momentum,255620,220692,34928,-0.0044582749523065365,-0.0064253983007617485,0.0077188958510709844
zscore_vs_ma_10,zscore_vs_ma,mean_reversion,reversion,214258,106965,107293,0.006069314760218034,0.011487426959814868,0.00053527308142163
zscore_vs_ma_20,zscore_vs_ma,mean_reversion,momentum,255387,191870,63517,-0.0034398279663269693,-0.005894950846953822,0.00398967272483714
zscore_vs_ma_20,zscore_vs_ma,mean_reversion,reversion,148498,74203,74295,0.004664145354406355,0.009369851870770428,-0.00016083064171402685
zscore_vs_ma_50,zscore_vs_ma,mean_reversion,momentum,255292,166542,88750,-0.0019069824654515946,0.0034434578699143494,-0.01213018933570444
zscore_vs_ma_50,zscore_vs_ma,mean_reversion,reversion,92340,46236,46104,9.101841016673261e-05,0.009524824930768297,-0.009667105812256039
zscore_vs_ma_100,zscore_vs_ma,mean_reversion,momentum,255332,154381,100951,-0.002318194137187589,0.007819018591173475,-0.01833207599771054
zscore_vs_ma_100,zscore_vs_ma,mean_reversion,reversion,64086,32042,32044,-0.008783137297057113,-0.004768817183131801,-0.013240460739819299
stochastic_k_10,stochastic_k,mean_reversion,momentum,255099,214024,41075,-0.003941886003402005,-0.0052376233780164075,0.0029404536821116397
stochastic_k_10,stochastic_k,mean_reversion,reversion,209768,104300,105468,0.0027270770413992222,0.006756341206446236,-0.0013167917789606125
stochastic_k_20,stochastic_k,mean_reversion,momentum,254961,192645,62316,-0.0028835724872672414,-0.005308760166667847,0.004930982071732138
stochastic_k_20,stochastic_k,mean_reversion,reversion,154451,76595,77856,0.0002751341188913116,0.006391993379299781,-0.005824534150040519
stochastic_k_50,stochastic_k,mean_reversion,momentum,254968,169770,85198,-0.0007019268808538444,0.0023264663232116724,-0.007168698496954906
stochastic_k_50,stochastic_k,mean_reversion,reversion,100538,49475,51063,-0.011133544037480963,-0.004510651664805676,-0.0179023313621087
stochastic_k_100,stochastic_k,mean_reversion,momentum,254889,157306,97583,7.441178000204539e-05,0.006200709490899201,-0.010539229468836276
stochastic_k_100,stochastic_k,mean_reversion,reversion,71501,34900,36601,-0.021616075422237972,-0.016090617908241962,-0.02745105344231784
stochastic_d_10,stochastic_d,mean_reversion,momentum,254811,153005,101806,-0.0031740222747904546,-0.004818314039735424,-0.0006430309226051217
stochastic_d_10,stochastic_d,mean_reversion,reversion,116933,58512,58421,0.005805880289356569,0.011735364911819694,-0.00023756112246145502
stochastic_d_20,stochastic_d,mean_reversion,momentum,254882,144718,110164,-0.0028858607411787283,-0.005398673932716363,0.000516885386445171
stochastic_d_20,stochastic_d,mean_reversion,reversion,87097,43408,43689,0.0031864976888880984,0.012187202359013844,-0.006003135864161173
stochastic_d_50,stochastic_d,mean_reversion,momentum,254926,137666,117260,-0.0031557928574015835,0.001741053782586941,-0.009142096845668647
stochastic_d_50,stochastic_d,mean_reversion,reversion,57196,28200,28996,-0.008075471036205577,0.0029033659538323783,-0.019218707425755634
stochastic_d_100,stochastic_d,mean_reversion,momentum,254869,134085,120784,-0.004361324502730376,0.003799917545727429,-0.013807210042577511
stochastic_d_100,stochastic_d,mean_reversion,reversion,40781,19984,20797,-0.017602090764681423,-0.00472214914425149,-0.031272818460331704
williams_r_10,williams_r,mean_reversion,momentum,255099,214024,41075,-0.003941886003402005,-0.0052376233780164075,0.0029404536821116397
williams_r_10,williams_r,mean_reversion,reversion,209768,104300,105468,0.0027270770413992222,0.006756341206446236,-0.0013167917789606125
williams_r_20,williams_r,mean_reversion,momentum,254961,192645,62316,-0.0028835724872672414,-0.005308760166667847,0.004930982071732138
williams_r_20,williams_r,mean_reversion,reversion,154451,76595,77856,0.0002751341188913116,0.006391993379299781,-0.005824534150040519
williams_r_50,williams_r,mean_reversion,momentum,254968,169770,85198,-0.0007019268808538444,0.0023264663232116724,-0.007168698496954906
williams_r_50,williams_r,mean_reversion,reversion,100538,49475,51063,-0.011133544037480963,-0.004510651664805676,-0.0179023313621087
williams_r_100,williams_r,mean_reversion,momentum,254889,157306,97583,7.441178000204539e-05,0.006200709490899201,-0.010539229468836276
williams_r_100,williams_r,mean_reversion,reversion,71501,34900,36601,-0.021616075422237972,-0.016090617908241962,-0.02745105344231784
cci_10,cci,mean_reversion,momentum,255232,181868,73364,-0.00046731438668675855,-0.00294771218622062,0.005656585281113955
cci_10,cci,mean_reversion,reversion,157323,78825,78498,0.007939379893997543,0.013919969192852138,0.0017242198353263308
cci_20,cci,mean_reversion,momentum,255194,163976,91218,-0.003186471553717605,-0.002857905556624902,-0.0037884098621890246
cci_20,cci,mean_reversion,reversion,106642,53517,53125,0.00720639547664794,0.011388967433673465,0.002881067437094397
cci_50,cci,mean_reversion,momentum,255274,148853,106421,-0.002413940264470706,0.007392191032718959,-0.016554836232497986
cci_50,cci,mean_reversion,reversion,64136,32246,31890,9.363876619401653e-05,0.009223769889092973,-0.009604332010060068
cci_100,cci,mean_reversion,momentum,255259,141940,113319,-0.0030977302324881506,0.014091028096609805,-0.025418717631384074
cci_100,cci,mean_reversion,reversion,43745,22230,21515,-0.011034275912618092,-0.0047104121712889385,-0.018322650882194928
roc_10,roc,momentum,momentum,255863,162443,93420,-0.006045467206485047,-0.007916588354190858,-0.0028247932511496505
roc_10,roc,momentum,reversion,123245,61701,61544,0.009353136108697976,0.016982418102173914,0.0017410155511973031
roc_20,roc,momentum,momentum,255769,151075,104694,-0.006754397852483478,-0.00484393751431951,-0.009534895250675465
roc_20,roc,momentum,reversion,87322,43908,43414,0.0030762821728841554,0.0054824873172007686,0.0005715382198984998
roc_50,roc,momentum,momentum,255558,142317,113241,-0.00569230134991092,-0.0005306150433990544,-0.012416221036458208
roc_50,roc,momentum,reversion,55444,27983,27461,-0.005743982666248177,-0.010796423935780073,-0.0005630651758414674
roc_100,roc,momentum,momentum,255176,137432,117744,-0.007457291811306806,0.0010221091691741018,-0.017769269523372187
roc_100,roc,momentum,reversion,38361,19289,19072,-0.0009238008007560444,0.012185438705755312,-0.014720294797149718
dist_from_high_10,dist_from_high,price_action,momentum,253167,205657,47510,-0.006855237490655283,-0.008879077586713687,0.005510288446572746
dist_from_high_10,dist_from_high,price_action,reversion,156986,53015,103971,0.003810740655311621,0.006177642188945294,0.0022082276193072445
dist_from_high_20,dist_from_high,price_action,momentum,253295,189307,63988,-0.003758575879527008,-0.008513228474431781,0.015448294267328687
dist_from_high_20,dist_from_high,price_action,reversion,115469,36690,78779,-0.0002478497982186447,0.004998251912374642,-0.0036304036711347887
dist_from_high_50,dist_from_high,price_action,momentum,253758,170285,83473,-0.00018264103692898124,0.0013324621831445312,-0.004159021649522568
dist_from_high_50,dist_from_high,price_action,reversion,76064,22693,53371,-0.007813428017316092,-0.004002133661326919,-0.01002406994330606
dist_from_high_100,dist_from_high,price_action,momentum,254291,158995,95296,0.0013164377679554741,0.007486936810289664,-0.011211471264833446
dist_from_high_100,dist_from_high,price_action,reversion,54334,15475,38859,-0.01296380789322129,0.002771272258122788,-0.020839003559162034
dist_from_low_10,dist_from_low,price_action,momentum,256197,168270,87927,-0.0020532404997671066,-0.0004199966882529492,-0.004978321567361707
dist_from_low_10,dist_from_low,price_action,reversion,151025,99445,51580,0.00935560045502317,0.01635347003782999,0.00029727172445190254
dist_from_low_20,dist_from_low,price_action,momentum,256087,155575,100512,-0.0036334973646518806,-0.001176839786276665,-0.0073277343791959965
dist_from_low_20,dist_from_low,price_action,reversion,110645,75122,35523,0.007572997069098858,0.016451537620428138,-0.005573600773317052
dist_from_low_50,dist_from_low,price_action,momentum,255886,144582,111304,-0.005506235741807081,-0.0023670207126752565,-0.009643939328678793
dist_from_low_50,dist_from_low,price_action,reversion,71981,50354,21627,0.0012550406068455983,0.0024441692828291207,-0.0007952096247754328
dist_from_low_100,dist_from_low,price_action,momentum,255411,139113,116298,-0.006909487469060558,-0.002974405505595061,-0.011767715492744905
dist_from_low_100,dist_from_low,price_action,reversion,50974,36029,14945,-0.003676614806232827,-0.0003056615280061982,-0.010239619213797459
donchian_position_10,donchian_position,mean_reversion,momentum,255099,214024,41075,-0.003941886003402005,-0.0052376233780164075,0.0029404536821116397
donchian_position_10,donchian_position,mean_reversion,reversion,209768,104300,105468,0.0027270770413992222,0.006756341206446236,-0.0013167917789606125
donchian_position_20,donchian_position,mean_reversion,momentum,254961,192645,62316,-0.0028835724872672414,-0.005308760166667847,0.004930982071732138
donchian_position_20,donchian_position,mean_reversion,reversion,154451,76595,77856,0.0002751341188913116,0.006391993379299781,-0.005824534150040519
donchian_position_50,donchian_position,mean_reversion,momentum,254968,169770,85198,-0.0007019268808538444,0.0023264663232116724,-0.007168698496954906
donchian_position_50,donchian_position,mean_reversion,reversion,100538,49475,51063,-0.011133544037480963,-0.004510651664805676,-0.0179023313621087
donchian_position_100,donchian_position,mean_reversion,momentum,254889,157306,97583,7.441178000204539e-05,0.006200709490899201,-0.010539229468836276
donchian_position_100,donchian_position,mean_reversion,reversion,71501,34900,36601,-0.021616075422237972,-0.016090617908241962,-0.02745105344231784
ma_cross_count_10,ma_cross_count,mean_reversion,momentum,380522,190275,190247,-0.00038951014774513067,0.011017271702011706,-0.011564315169538725
ma_cross_count_10,ma_cross_count,mean_reversion,reversion,67464,34935,32529,0.002826566846608375,0.011534484223971811,-0.006330386077806515
ma_cross_count_20,ma_cross_count,mean_reversion,momentum,371608,185946,185662,-0.001134844236002412,0.00637082432293265,-0.008512457839417566
ma_cross_count_20,ma_cross_count,mean_reversion,reversion,34896,16659,18237,0.007620367940837639,0.01635934320505373,7.562380953600452e-05
ma_cross_count_50,ma_cross_count,mean_reversion,momentum,267881,134157,133724,-0.0013784628814444502,0.0004339782978442244,-0.003154566811346816
ma_cross_count_50,ma_cross_count,mean_reversion,reversion,13844,6478,7366,0.01164563462579297,0.03199015561673098,-0.007484731788276825
ma_cross_count_100,ma_cross_count,mean_reversion,momentum,292565,146595,145970,-0.0012077580228720465,0.010893853251978735,-0.013191143720161324
ma_cross_count_100,ma_cross_count,mean_reversion,reversion,7274,3204,4070,-0.003658759184852381,0.013462495711770762,-0.016569699405126176
mean_reversion_speed_10,mean_reversion_speed,mean_reversion,momentum,254223,127400,126823,-0.0012265144571228183,0.010815238233757083,-0.013212776165919789
mean_reversion_speed_10,mean_reversion_speed,mean_reversion,reversion,167020,92217,74803,0.002090440257837862,0.008166462751569596,-0.005667601104761708
mean_reversion_speed_20,mean_reversion_speed,mean_reversion,momentum,254148,127325,126823,-0.0019793482069743627,0.005985031484556437,-0.009767641218130396
mean_reversion_speed_20,mean_reversion_speed,mean_reversion,reversion,105051,59412,45639,0.0002085544182499996,0.00271125625395162,-0.003198295204251391
mean_reversion_speed_50,mean_reversion_speed,mean_reversion,momentum,254391,127244,127147,-0.0035637612246133326,0.005016738387286093,-0.012122408020873469
mean_reversion_speed_50,mean_reversion_speed,mean_reversion,reversion,60718,35087,25631,0.006854970367105151,0.013004389823647697,-0.0018763107682253904
mean_reversion_speed_100,mean_reversion_speed,mean_reversion,momentum,254476,127444,127032,-0.0012849794213475947,0.002127710207225873,-0.004665724154655365
mean_reversion_speed_100,mean_reversion_speed,mean_reversion,reversion,41181,24194,16987,-0.0008935475121258344,0.013222591429940764,-0.022094277927507476
skew_returns_10,skew_returns,price_action,momentum,254517,117102,137415,-0.0020117641299756683,0.002838486756053919,-0.006329223736869593
skew_returns_10,skew_returns,price_action,reversion,131316,65990,65326,0.005946917551502832,0.013412815071439224,-0.0017604629513159051
skew_returns_20,skew_returns,price_action,momentum,254499,122278,132221,-0.006505256268219297,-0.0011135009831010922,-0.011721226320427413
skew_returns_20,skew_returns,price_action,reversion,72416,36483,35933,0.0066660331968799846,0.015996853048877085,-0.003159987112032156
skew_returns_50,skew_returns,price_action,momentum,254569,126310,128259,-0.0038283235655322246,-0.0024817767162869124,-0.005214576852937373
skew_returns_50,skew_returns,price_action,reversion,34101,17058,17043,0.01050512602233751,0.020284908617971577,-2.954471512872478e-05
skew_returns_100,skew_returns,price_action,momentum,254524,127207,127317,-0.004518317785313079,0.008511993547754464,-0.018041148109015064
skew_returns_100,skew_returns,price_action,reversion,18508,9243,9265,0.00882348785101208,0.008736207539055204,0.008955143987952639
kurt_returns_10,kurt_returns,price_action,momentum,253931,127407,126524,-0.0036949302569301875,0.01130997835976021,-0.01868467727257506
kurt_returns_10,kurt_returns,price_action,reversion,151625,81734,69891,-0.0036835840220212214,0.0021872140111435638,-0.010567445589967592
kurt_returns_20,kurt_returns,price_action,momentum,253993,127095,126898,-0.006356374959034791,0.009566930838822112,-0.02227185545521992
kurt_returns_20,kurt_returns,price_action,reversion,82279,46785,35494,0.004347304491757885,0.01143142960864507,-0.004665654774873915
kurt_returns_50,kurt_returns,price_action,momentum,254205,127117,127088,-0.004067602354149053,0.012774297049331884,-0.020904034210749635
kurt_returns_50,kurt_returns,price_action,reversion,36928,22511,14417,-0.00034437024791929093,0.005244741664540245,-0.00921910504176967
kurt_returns_100,kurt_returns,price_action,momentum,254328,127521,126807,-0.0030337420315651887,0.014480909596616659,-0.020731599318684738
kurt_returns_100,kurt_returns,price_action,reversion,19640,12447,7193,0.012074233363427089,0.024897347338165298,-0.011506786940433418
mfi_10,mfi,volume,momentum,253242,151190,102052,-0.00520436462819535,-0.003323580601251889,-0.00805964665682014
mfi_10,mfi,volume,reversion,121498,60852,60646,0.0008209692333000106,0.005609364500342497,-0.004195019706891225
mfi_20,mfi,volume,momentum,254645,144237,110408,-0.004971702846586109,-0.002877145442811288,-0.007827825549039312
mfi_20,mfi,volume,reversion,89731,45098,44633,-0.0035524979977494143,0.011141637231939077,-0.018726843840553127
mfi_50,mfi,volume,momentum,254715,137682,117033,-0.00834858310693782,0.002853528105855905,-0.021994216120952714
mfi_50,mfi,volume,reversion,58833,29491,29342,-0.006478509688791481,0.0032886101058080762,-0.01712763237266025
mfi_100,mfi,volume,momentum,254632,134718,119914,-0.008846243212269752,0.0040159000957752,-0.023792172106612997
mfi_100,mfi,volume,reversion,42289,21301,20988,0.0035147397144980382,0.013398761671584457,-0.007170726857043728
choppiness_index_10,choppiness_index,trend_strength,momentum,254244,126847,127397,-0.00237801693236696,0.006943215581210459,-0.011541759003636295
choppiness_index_10,choppiness_index,trend_strength,reversion,126354,59200,67154,0.0038608758866662384,0.012020493058678994,-0.0036097225268296135
choppiness_index_20,choppiness_index,trend_strength,momentum,254250,126938,127312,0.0007758292877203591,0.00432040617345446,-0.0026801437892999213
choppiness_index_20,choppiness_index,trend_strength,reversion,72359,33186,39173,-0.0016245954750468158,0.008234266046086383,-0.010311306525118899
choppiness_index_50,choppiness_index,trend_strength,momentum,254504,127129,127375,-4.921616631948427e-05,0.0029215951162440174,-0.0029656107919464863
choppiness_index_50,choppiness_index,trend_strength,reversion,33921,15063,18858,0.007658201595609562,0.020895107996536603,-0.0033781746379719932
choppiness_index_100,choppiness_index,trend_strength,momentum,254706,127233,127473,-0.0026772011033359797,0.0027348788152109075,-0.008017553883087876
choppiness_index_100,choppiness_index,trend_strength,reversion,18898,8441,10457,-0.007283341959511184,0.00957302952096659,-0.021247309723030076
aroon_up_10,aroon_up,momentum,momentum,311618,183847,127771,-0.0021672167487405912,-0.00682660021596651,0.0046657499522585605
aroon_up_10,aroon_up,momentum,reversion,212856,111125,101731,0.012979094738887743,0.020321813680297434,0.0049851295653786
aroon_up_20,aroon_up,momentum,momentum,268299,148322,119977,-0.0025869200493050543,-0.01016813553867229,0.0069779083948273025
aroon_up_20,aroon_up,momentum,reversion,135075,78063,57012,0.00926009569949226,0.011144529748842407,0.0067186770396586645
aroon_up_50,aroon_up,momentum,momentum,266180,137420,128760,-0.0028404706893640926,-0.0019108247667019907,-0.0038437097582097114
aroon_up_50,aroon_up,momentum,reversion,52986,29290,23696,0.0003890929607931596,0.006569115797844603,-0.007121162251645701
aroon_up_100,aroon_up,momentum,momentum,261752,132787,128965,-0.004661860838858589,0.0021553667935738344,-0.011896845050784999
aroon_up_100,aroon_up,momentum,reversion,26019,13601,12418,0.00010085766395847728,0.015558249612367516,-0.017202892147178496
aroon_down_10,aroon_down,momentum,momentum,298964,124137,174827,-0.011953407978032977,0.013282123674052137,-0.02903213286626
aroon_down_10,aroon_down,momentum,reversion,99537,0,99537,-0.016303022618383723,,-0.016303022618383723
aroon_down_20,aroon_down,momentum,momentum,302022,142006,160016,-0.00945580259080746,0.01759925305349877,-0.032219820928943516
aroon_down_20,aroon_down,momentum,reversion,130831,81546,49285,-0.0056175011172557195,0.0017680991225867456,-0.017026532151895316
aroon_down_50,aroon_down,momentum,momentum,261776,128415,133361,-0.007463306741552544,0.014445475852371574,-0.027515372060803
aroon_down_50,aroon_down,momentum,reversion,52482,31069,21413,0.003730052300869652,0.014874580289275177,-0.01043848174400545
aroon_down_100,aroon_down,momentum,momentum,262444,130487,131957,-0.007327256150255234,0.00729281252537356,-0.021179991089954355
aroon_down_100,aroon_down,momentum,reversion,26890,16124,10766,0.005493250034030811,0.0016370665195118792,0.010409643432191995
parkinson_vol_10,parkinson_vol,volatility,momentum,256351,129116,127235,-0.0034311800375850057,-0.0004079868068312635,-0.006416749941743582
parkinson_vol_10,parkinson_vol,volatility,reversion,32847,18038,14809,0.012353169519645176,0.017583743430483946,0.009212187690393966
parkinson_vol_20,parkinson_vol,volatility,momentum,256297,128814,127483,-0.0037032293486374723,-0.0009503465163584683,-0.006420263019086462
parkinson_vol_20,parkinson_vol,volatility,reversion,18872,10383,8489,0.01771366815888938,0.015404805637236414,0.020207260839742787
parkinson_vol_50,parkinson_vol,volatility,momentum,256093,128782,127311,-0.00446457239986828,-6.964018774625782e-05,-0.008798867878981905
parkinson_vol_50,parkinson_vol,volatility,reversion,9575,5205,4370,-0.010347985951714699,0.007892783050061102,-0.02926744006984219
parkinson_vol_100,parkinson_vol,volatility,momentum,255719,128496,127223,-0.0053219908081090705,0.0017527703916627889,-0.012306632967965098
parkinson_vol_100,parkinson_vol,volatility,reversion,5760,3298,2462,0.00928130301543977,0.03469637974121001,-0.025270451449792543
garman_klass_vol_10,garman_klass_vol,volatility,momentum,256339,129068,127271,-0.0035085167067694435,6.601891393548062e-05,-0.00703968951183719
garman_klass_vol_10,garman_klass_vol,volatility,reversion,31705,17286,14419,0.010251342320923144,0.018536148056261376,0.0047844463867884775
garman_klass_vol_20,garman_klass_vol,volatility,momentum,256290,128817,127473,-0.00414823540283995,-0.0016747172397674132,-0.00658690524824722
garman_klass_vol_20,garman_klass_vol,volatility,reversion,18336,10107,8229,0.01692512443158253,0.019763415745822778,0.014860331181107989
garman_klass_vol_50,garman_klass_vol,volatility,momentum,256101,128900,127201,-0.004433601070874829,0.0010344044282855536,-0.009827254641826561
garman_klass_vol_50,garman_klass_vol,volatility,reversion,9389,5099,4290,-0.005660462229814406,0.01518264339835734,-0.025955254199355824
garman_klass_vol_100,garman_klass_vol,volatility,momentum,255727,128654,127073,-0.004956809973691783,0.0030796799070151953,-0.012906642818701054
garman_klass_vol_100,garman_klass_vol,volatility,reversion,5676,3231,2445,-0.0031896842783003367,0.02960956990835089,-0.04651560621033609
linreg_r2_10,linreg_r2,trend_strength,momentum,255019,128234,126785,-0.008464985550231242,0.0032586006939610457,-0.02009387243187286
linreg_r2_10,linreg_r2,trend_strength,reversion,200576,129258,71318,0.0033049364234769524,0.008133617771210935,-0.005212363999622078
linreg_r2_20,linreg_r2,trend_strength,momentum,255069,128209,126860,-0.011846927953147547,-0.004727020045400389,-0.018915342094275263
linreg_r2_20,linreg_r2,trend_strength,reversion,104597,67803,36794,0.00016435090976728444,0.00604094726460476,-0.010954235490258715
linreg_r2_50,linreg_r2,trend_strength,momentum,255075,128013,127062,-0.008951067746954946,0.011611697474940714,-0.029490616154284364
linreg_r2_50,linreg_r2,trend_strength,reversion,41999,27357,14642,0.0009853277254887054,0.01201902845726386,-0.01994785598945749
linreg_r2_100,linreg_r2,trend_strength,momentum,255011,127496,127515,-0.0075149233667727855,0.0002943452429438742,-0.015229161250627546
linreg_r2_100,linreg_r2,trend_strength,reversion,20746,13397,7349,0.005144317404024059,0.00878069332728856,-0.0008785279445450986
avg_gap_10,avg_gap,price_action,momentum,254889,128056,126833,-0.010269849541748281,0.005910673600555096,-0.02637858565505373
avg_gap_10,avg_gap,price_action,reversion,56223,40299,15924,0.004011608585013656,0.009272004578017946,-0.005022302823637184
avg_gap_20,avg_gap,price_action,momentum,254725,127717,127008,-0.0101728902902176,0.006541411782981152,-0.026796332442258188
avg_gap_20,avg_gap,price_action,reversion,32512,24297,8215,0.0032820027449473785,0.011547896035546283,-0.013052902716164804
avg_gap_50,avg_gap,price_action,momentum,254777,127697,127080,-0.007728751777630722,0.012287892102720788,-0.027766671419370566
avg_gap_50,avg_gap,price_action,reversion,15716,12016,3700,0.023596949694367115,0.025526221876369888,0.019952962084290985
avg_gap_100,avg_gap,price_action,momentum,254776,127652,127124,-0.009157535438928915,0.007550540643013059,-0.025736517585420306
avg_gap_100,avg_gap,price_action,reversion,9080,7043,2037,0.009571480892856666,0.007275536839422421,0.015919684548797768
atr_10_pctrank500,atr,volatility,momentum,257827,129654,128173,-0.0013587888912926468,0.005847445338681777,-0.008460170600133769
atr_10_pctrank500,atr,volatility,reversion,41683,23290,18393,0.007202892138442056,0.022250260538423376,-0.0056389059945267965
atr_10_pctrank2000,atr,volatility,momentum,256250,128745,127505,-0.00029745588754982147,0.0014154048410950485,-0.00197651912710445
atr_10_pctrank2000,atr,volatility,reversion,40588,22470,18118,0.00038355656020630155,0.020890150128410594,-0.01732188136172672
atr_20_pctrank500,atr,volatility,momentum,257132,129355,127777,-0.0016341797118261854,0.002918751203473098,-0.006161501329798596
atr_20_pctrank500,atr,volatility,reversion,25354,14552,10802,0.009408895070133075,0.023220783159726706,-0.004601417665261948
atr_20_pctrank2000,atr,volatility,momentum,255943,128849,127094,-0.00033434835208565804,-0.0006453216082708122,-2.934614795462053e-05
atr_20_pctrank2000,atr,volatility,reversion,24170,13580,10590,0.009182360771888557,0.021112661935213967,-0.0036841691655102797
atr_50_pctrank500,atr,volatility,momentum,257825,129594,128231,-0.003603323214231281,0.004202716467890318,-0.011390600012631107
atr_50_pctrank500,atr,volatility,reversion,15521,8884,6637,0.008031519068284827,0.016169445600985214,-0.0015738857783393415
atr_50_pctrank2000,atr,volatility,momentum,255462,128321,127141,-0.001822269460603406,-0.004881887758657791,0.0011829341668139288
atr_50_pctrank2000,atr,volatility,reversion,13782,7881,5901,0.006536370041933144,0.021343443274312403,-0.011956236419254756
atr_100_pctrank500,atr,volatility,momentum,255670,128397,127273,-0.004877166785953889,0.005422775734637043,-0.015179463948368067
atr_100_pctrank500,atr,volatility,reversion,11507,6213,5294,0.005885320667265559,0.006020648252809482,0.005721887332798361
atr_100_pctrank2000,atr,volatility,momentum,255076,128038,127038,-0.0024426715440729794,-0.00047711111418003333,-0.0043682654978877775
atr_100_pctrank2000,atr,volatility,reversion,9228,5101,4127,0.0008609328793452961,0.014575643098071352,-0.019103893027910563
realized_vol_10_pctrank500,realized_vol,volatility,momentum,256515,129048,127467,-0.0029776941150372696,0.007769386296494461,-0.013644756844393601
realized_vol_10_pctrank500,realized_vol,volatility,reversion,61112,35141,25971,-0.003307073491661517,0.004073382468072262,-0.010435765957349899
realized_vol_10_pctrank2000,realized_vol,volatility,momentum,256165,128743,127422,-0.0007547679252881329,0.006533754958113859,-0.007921379312796522
realized_vol_10_pctrank2000,realized_vol,volatility,reversion,59711,34187,25524,-0.0007979828390964639,0.009856891737664455,-0.010991259114787062
realized_vol_20_pctrank500,realized_vol,volatility,momentum,257040,129281,127759,-0.0035706434780900685,0.007063497007166477,-0.01414671836253145
realized_vol_20_pctrank500,realized_vol,volatility,reversion,34408,20087,14321,0.009413419541528181,0.012727974346632105,0.005878434777458456
realized_vol_20_pctrank2000,realized_vol,volatility,momentum,255682,128494,127188,-0.0006393433146105563,0.0011437158128357458,-0.002387643317002119
realized_vol_20_pctrank2000,realized_vol,volatility,reversion,32575,19037,13538,0.0033931929223633733,0.00920788967222226,-0.0031304470896003312
realized_vol_50_pctrank500,realized_vol,volatility,momentum,257269,129334,127935,-0.004822621107455406,0.0016224030819480789,-0.011297852728073043
realized_vol_50_pctrank500,realized_vol,volatility,reversion,19008,11529,7479,-0.0007195232914017442,0.00978224001281586,-0.014494386233243598
realized_vol_50_pctrank2000,realized_vol,volatility,momentum,255734,128552,127182,-0.0021424894498277007,-0.0018086329200445836,-0.0024713223155535522
realized_vol_50_pctrank2000,realized_vol,volatility,reversion,16593,10093,6500,0.007750270306560791,0.02185151239086902,-0.011371015557092485
realized_vol_100_pctrank500,realized_vol,volatility,momentum,255445,128319,127126,-0.004141198862570808,0.005302660505472584,-0.013642189577591295
realized_vol_100_pctrank500,realized_vol,volatility,reversion,12824,7723,5101,-0.0044178137551585525,-0.0035754901609681526,-0.0056280445480908995
realized_vol_100_pctrank2000,realized_vol,volatility,momentum,254812,127795,127017,-0.0020676500653735753,3.733320534320951e-05,-0.004115345531603626
realized_vol_100_pctrank2000,realized_vol,volatility,reversion,10410,6298,4112,0.013450179522832435,0.023929796841826428,-0.0036559034108335896
bb_width_10_pctrank500,bb_width,volatility,momentum,257401,129307,128094,-0.005887981944012817,0.005501951858805026,-0.017246872538754694
bb_width_10_pctrank500,bb_width,volatility,reversion,75150,41506,33644,0.0005606480956347129,0.010531007313440982,-0.008439280713649872
bb_width_10_pctrank2000,bb_width,volatility,momentum,255831,128598,127233,-0.005362996128236151,0.0004177685451714642,-0.011060806941565048
bb_width_10_pctrank2000,bb_width,volatility,reversion,74014,40939,33075,0.0011368931073793712,0.0103783451699886,-0.007043544928949764
bb_width_20_pctrank500,bb_width,volatility,momentum,257821,129490,128331,-0.007567935649021926,0.0012731173966480372,-0.01633990298212391
bb_width_20_pctrank500,bb_width,volatility,reversion,40042,22348,17694,-0.0012146280570584428,0.006389701760634337,-0.008851848388476956
bb_width_20_pctrank2000,bb_width,volatility,momentum,255764,128639,127125,-0.005267731281103967,0.00205785139797368,-0.012517172966677141
bb_width_20_pctrank2000,bb_width,volatility,reversion,38503,21525,16978,0.0035608174982860482,0.009373763723219495,-0.0022586790881432006
bb_width_50_pctrank500,bb_width,volatility,momentum,256503,128759,127744,-0.006813183773033955,0.0051222610967259575,-0.018733086592118326
bb_width_50_pctrank500,bb_width,volatility,reversion,18508,10785,7723,0.005026815610125619,0.02516142058685944,-0.021962515507255576
bb_width_50_pctrank2000,bb_width,volatility,momentum,255364,128379,126985,-0.0050102342792499935,0.0045004211036010185,-0.01452966160309401
bb_width_50_pctrank2000,bb_width,volatility,reversion,17131,9899,7232,0.005828976807013931,0.02088832112759771,-0.014135617331672833
bb_width_100_pctrank500,bb_width,volatility,momentum,257616,129099,128517,-0.00771974375160185,0.005123191627761021,-0.020508154414413834
bb_width_100_pctrank500,bb_width,volatility,reversion,10859,6367,4492,0.020342765438818033,0.02817319007182979,0.00932239927579413
bb_width_100_pctrank2000,bb_width,volatility,momentum,254793,127625,127168,-0.00726235650222675,-0.001299913777033122,-0.013134575778797649
bb_width_100_pctrank2000,bb_width,volatility,reversion,9391,5521,3870,0.01515544229030406,0.02790973125249259,-0.002739357867748167
keltner_width_10_pctrank500,keltner_width,volatility,momentum,257597,129530,128067,-0.0013274773349212954,0.005515311977183632,-0.00807491799451782
keltner_width_10_pctrank500,keltner_width,volatility,reversion,41611,23271,18340,0.007934504641074352,0.024162182922978455,-0.005796508060432397
keltner_width_10_pctrank2000,keltner_width,volatility,momentum,256363,128740,127623,4.418845919406372e-06,0.0025935306732794397,-0.002529412722253622
keltner_width_10_pctrank2000,keltner_width,volatility,reversion,40744,22627,18117,-0.0006049426411829672,0.0188422678544597,-0.017853894414416666
keltner_width_20_pctrank500,keltner_width,volatility,momentum,257118,129294,127824,-0.001954745156360883,0.0027327471405263403,-0.006611352910001721
keltner_width_20_pctrank500,keltner_width,volatility,reversion,25480,14636,10844,0.012297129162421677,0.022078874281372243,0.0017619753289048426
keltner_width_20_pctrank2000,keltner_width,volatility,momentum,256092,128981,127111,-0.0003734069999349459,-0.0003290220678369427,-0.0004171025751682498
keltner_width_20_pctrank2000,keltner_width,volatility,reversion,24127,13620,10507,0.011958443326508228,0.016668357421264737,0.0069719184736008145
keltner_width_50_pctrank500,keltner_width,volatility,momentum,257450,129407,128043,-0.0037249652468235965,0.003926041084775483,-0.011362822462643628
keltner_width_50_pctrank500,keltner_width,volatility,reversion,15422,8803,6619,0.012947143558142698,0.025415740935317857,-0.0013641887392063365
keltner_width_50_pctrank2000,keltner_width,volatility,momentum,255396,128337,127059,-0.0018294737479758614,-0.004656745742120333,0.0009379783086600762
keltner_width_50_pctrank2000,keltner_width,volatility,reversion,13792,7842,5950,0.00981504819000803,0.02161518086244687,-0.004554285580314047
keltner_width_100_pctrank500,keltner_width,volatility,momentum,257581,129378,128203,-0.004842626477618675,0.004736538784676571,-0.014368234656826651
keltner_width_100_pctrank500,keltner_width,volatility,reversion,11497,6191,5306,0.005971117295166807,0.012777882542613823,-0.0024231500010383363
keltner_width_100_pctrank2000,keltner_width,volatility,momentum,254986,127981,127005,-0.001755831410998144,-7.051919259295126e-05,-0.003404258328679935
keltner_width_100_pctrank2000,keltner_width,volatility,reversion,9248,5084,4164,-0.009109821446577303,0.017546588316305747,-0.046581175012339535
vol_of_vol_10_pctrank500,vol_of_vol,volatility,momentum,255524,128492,127032,-0.002514131533759734,0.0061386012106282375,-0.01117502420501179
vol_of_vol_10_pctrank500,vol_of_vol,volatility,reversion,83805,49891,33914,0.0045170620946686346,0.010813792871677,-0.002832743540852013
vol_of_vol_10_pctrank2000,vol_of_vol,volatility,momentum,255450,128679,126771,-0.00031270537971395975,0.0055052460343360705,-0.00602523639714499
vol_of_vol_10_pctrank2000,vol_of_vol,volatility,reversion,83120,49319,33801,0.0034648583487889555,0.010482077240239984,-0.004339760059174764
vol_of_vol_20_pctrank500,vol_of_vol,volatility,momentum,256997,129005,127992,-0.0032475291837991086,0.011957785165776974,-0.01844774891042226
vol_of_vol_20_pctrank500,vol_of_vol,volatility,reversion,42750,25803,16947,0.008481988220513319,0.01500387078573636,0.00022187587649745395
vol_of_vol_20_pctrank2000,vol_of_vol,volatility,momentum,255052,128017,127035,-0.0024269530154947217,0.009180292715173186,-0.013890225528186176
vol_of_vol_20_pctrank2000,vol_of_vol,volatility,reversion,41794,25089,16705,0.007822098254736193,0.010615332438074786,0.004571124306554179
vol_of_vol_50_pctrank500,vol_of_vol,volatility,momentum,256033,128421,127612,-0.005839404551285869,0.010318230918567201,-0.022009357452450685
vol_of_vol_50_pctrank500,vol_of_vol,volatility,reversion,18487,10857,7630,-0.0024534849480634946,0.005605893375000854,-0.015413391335224968
vol_of_vol_50_pctrank2000,vol_of_vol,volatility,momentum,254643,127678,126965,-0.00440393598615762,0.004392335640255685,-0.013106670324486005
vol_of_vol_50_pctrank2000,vol_of_vol,volatility,reversion,17604,10270,7334,0.0077234347894911464,0.0068938379247395175,0.009029080045375238
vol_of_vol_100_pctrank500,vol_of_vol,volatility,momentum,256002,128247,127755,-0.004534385558659094,0.000661734673564036,-0.009743006375214261
vol_of_vol_100_pctrank500,vol_of_vol,volatility,reversion,11518,6799,4719,0.0169127396655052,0.0266821382815464,-0.000353343451341936
vol_of_vol_100_pctrank2000,vol_of_vol,volatility,momentum,254773,127480,127293,-0.004151993391453781,-0.00043564971391229726,-0.007806563735321558
vol_of_vol_100_pctrank2000,vol_of_vol,volatility,reversion,10596,6391,4205,0.007259056436937822,0.0166980889996241,-0.011467129171376402
adx_10_pctrank500,adx,trend_strength,momentum,254652,127627,127025,-0.012711375413892691,-0.0017294123441646888,-0.023636306652535993
adx_10_pctrank500,adx,trend_strength,reversion,65336,35452,29884,-0.0017042885962521087,0.0069695465327615025,-0.01209332842900978
adx_10_pctrank2000,adx,trend_strength,momentum,253091,126901,126190,-0.0118543565363477,0.00010961321705486377,-0.023698541615935837
adx_10_pctrank2000,adx,trend_strength,reversion,64472,34917,29555,-0.00013473362396625716,0.007743653196482165,-0.009416954137453559
adx_20_pctrank500,adx,trend_strength,momentum,255382,128652,126730,-0.007704325966024891,0.010364051488663876,-0.025747413916663343
adx_20_pctrank500,adx,trend_strength,reversion,33218,18382,14836,-0.0017423100769783893,0.009645412528959937,-0.01601816376529705
adx_20_pctrank2000,adx,trend_strength,momentum,254379,128158,126221,-0.007736655484466363,0.0093716209695667,-0.024809226419297607
adx_20_pctrank2000,adx,trend_strength,reversion,32394,17898,14496,0.0008734352718785659,0.014488145224054795,-0.015887793531393586
adx_50_pctrank500,adx,trend_strength,momentum,254788,127574,127214,-0.008067880616168015,0.005042431658767701,-0.021079993417752595
adx_50_pctrank500,adx,trend_strength,reversion,13950,7917,6033,0.014084449803646187,0.025402380251712976,-0.0014987875504363544
adx_50_pctrank2000,adx,trend_strength,momentum,254354,127451,126903,-0.007927158882134739,0.004747443547705784,-0.020527090401469508
adx_50_pctrank2000,adx,trend_strength,reversion,13056,7367,5689,0.017891866479118595,0.022691664263230944,0.011768327696365944
adx_100_pctrank500,adx,trend_strength,momentum,255494,127990,127504,-0.007028084226647963,0.0020455850712637028,-0.016036173504884683
adx_100_pctrank500,adx,trend_strength,reversion,7613,4311,3302,0.007968715657610788,-0.005105491585881408,0.02523571094159709
adx_100_pctrank2000,adx,trend_strength,momentum,254886,127779,127107,-0.00506484477908965,0.00558550199344255,-0.015647950385103537
adx_100_pctrank2000,adx,trend_strength,reversion,6738,3752,2986,0.00033507297418226796,0.009276416071022678,-0.011703044316104604
adx_slope_10_pctrank500,adx_slope,trend_strength,momentum,256672,128845,127827,-0.007281135609325493,0.0036734410025940326,-0.018114973006217963
adx_slope_10_pctrank500,adx_slope,trend_strength,reversion,137599,68762,68837,-0.0005788415639356851,0.006322415903801956,-0.0076621945621316995
adx_slope_10_pctrank2000,adx_slope,trend_strength,momentum,252520,126734,125786,-0.00718477408120538,0.004613673739996229,-0.018907556788509434
adx_slope_10_pctrank2000,adx_slope,trend_strength,reversion,135779,67949,67830,0.0003144139200938238,0.007819857829511417,-0.007388696773757389
adx_slope_20_pctrank500,adx_slope,trend_strength,momentum,255732,128346,127386,-0.009540571902263902,0.003707120827711762,-0.022824661818763144
adx_slope_20_pctrank500,adx_slope,trend_strength,reversion,62846,31465,31381,-0.005302422978413116,0.006173733725334882,-0.016646053315386298
adx_slope_20_pctrank2000,adx_slope,trend_strength,momentum,254548,127874,126674,-0.009682006405632848,0.0034346926771639196,-0.02278908215417104
adx_slope_20_pctrank2000,adx_slope,trend_strength,reversion,62025,31081,30944,-0.003891143828062832,0.006126046107928936,-0.013931257636593718
adx_slope_50_pctrank500,adx_slope,trend_strength,momentum,255613,128168,127445,-0.010754897262213743,0.001963087673725726,-0.023492068475325256
adx_slope_50_pctrank500,adx_slope,trend_strength,reversion,26301,13072,13229,0.0012460676446096346,0.0023304916145839515,0.00019149791052607682
adx_slope_50_pctrank2000,adx_slope,trend_strength,momentum,254617,127929,126688,-0.010591306716146257,0.004361718023150204,-0.02567150998270636
adx_slope_50_pctrank2000,adx_slope,trend_strength,reversion,25360,12700,12660,0.0010978489444608218,0.00710798702829285,-0.00506707682029626
adx_slope_100_pctrank500,adx_slope,trend_strength,momentum,255473,127866,127607,-0.0062910552370442395,0.0008918099026015579,-0.013410245962297137
adx_slope_100_pctrank500,adx_slope,trend_strength,reversion,13394,6618,6776,-0.00026706331452189795,0.017093850016361486,-0.01775126362425731
adx_slope_100_pctrank2000,adx_slope,trend_strength,momentum,254400,127566,126834,-0.007489899522290327,0.0013265483132483481,-0.016178219089074936
adx_slope_100_pctrank2000,adx_slope,trend_strength,reversion,12432,6134,6298,0.0142265782172067,0.014395919006051909,0.014064689972855541
ma_slope_10_pctrank500,ma_slope,momentum,momentum,255577,128819,126758,-0.007344522795761617,-0.004517987650889946,-0.010262123721081973
ma_slope_10_pctrank500,ma_slope,momentum,reversion,49218,24575,24643,0.0049877323562390425,0.013355708348431408,-0.0033827634445672034
ma_slope_10_pctrank2000,ma_slope,momentum,momentum,255075,128544,126531,-0.00783873115152504,-0.00937207058342724,-0.006246752407697288
ma_slope_10_pctrank2000,ma_slope,momentum,reversion,48421,24053,24368,0.0016310888764371632,0.008458769055138704,-0.005207161110742274
ma_slope_20_pctrank500,ma_slope,momentum,momentum,257557,128705,128852,-0.007050660944926003,-0.001105901865530971,-0.013148141103919224
ma_slope_20_pctrank500,ma_slope,momentum,reversion,25174,12520,12654,-0.003562449884123537,-0.004041311641762157,-0.003061041118822206
ma_slope_20_pctrank2000,ma_slope,momentum,momentum,255373,127340,128033,-0.005692218421475517,-0.0016623229138554802,-0.009794365871498761
ma_slope_20_pctrank2000,ma_slope,momentum,reversion,24406,12148,12258,-0.005800539461707348,-0.005411133416663088,-0.006214564124460526
ma_slope_50_pctrank500,ma_slope,momentum,momentum,255443,127755,127688,-0.00872008815481371,0.005741554661505314,-0.02330035805880814
ma_slope_50_pctrank500,ma_slope,momentum,reversion,10921,5441,5480,-0.019125634872414088,-0.009511027429561806,-0.029940254429805985
ma_slope_50_pctrank2000,ma_slope,momentum,momentum,254826,127294,127532,-0.012326719882043211,0.002995753488577036,-0.027778282782202648
ma_slope_50_pctrank2000,ma_slope,momentum,reversion,9876,4926,4950,-0.01743238143285938,-0.01368831289109715,-0.02192050527060821
ma_slope_100_pctrank500,ma_slope,momentum,momentum,254803,127000,127803,-0.007758180497150678,0.008879481239666323,-0.024495256965991027
ma_slope_100_pctrank500,ma_slope,momentum,reversion,5991,2985,3006,-0.02383116205095356,-0.02686952820913114,-0.020852481389267784
ma_slope_100_pctrank2000,ma_slope,momentum,momentum,254206,126443,127763,-0.00915152223218317,0.004024714512183352,-0.022511435795257405
ma_slope_100_pctrank2000,ma_slope,momentum,reversion,5178,2558,2620,-0.015058840487889188,-0.009047702564749894,-0.021050618638107903
efficiency_ratio_10_pctrank500,efficiency_ratio,trend_strength,momentum,254823,128223,126600,-0.009941724604268022,0.0051885527058340725,-0.024668147269334893
efficiency_ratio_10_pctrank500,efficiency_ratio,trend_strength,reversion,235775,149928,85847,0.0013213435493579445,0.0053835644863115435,-0.005602921638272825
efficiency_ratio_10_pctrank2000,efficiency_ratio,trend_strength,momentum,251360,126497,124863,-0.009349873558395378,0.005356151274264272,-0.023608039950117274
efficiency_ratio_10_pctrank2000,efficiency_ratio,trend_strength,reversion,233557,148940,84617,0.0029162644866955675,0.006481499567058812,-0.0031618611985611564
efficiency_ratio_20_pctrank500,efficiency_ratio,trend_strength,momentum,256923,129514,127409,-0.01088236762024754,0.0012636352243145504,-0.022843378532123013
efficiency_ratio_20_pctrank500,efficiency_ratio,trend_strength,reversion,185586,122616,62970,-0.0030305501214217346,0.0011458579053732505,-0.011232395558529165
efficiency_ratio_20_pctrank2000,efficiency_ratio,trend_strength,momentum,254966,128689,126277,-0.011243184182349594,-0.00010755536442329954,-0.022222031470227055
efficiency_ratio_20_pctrank2000,efficiency_ratio,trend_strength,reversion,185171,123067,62104,-0.0009338055198932311,0.0026295300501571564,-0.007935381474868391
efficiency_ratio_50_pctrank500,efficiency_ratio,trend_strength,momentum,255168,128910,126258,-0.008692632834227146,0.009660901506455032,-0.0268171695337879
efficiency_ratio_50_pctrank500,efficiency_ratio,trend_strength,reversion,126080,85576,40504,0.00040530594100568896,0.008288556501792402,-0.015863980550295503
efficiency_ratio_50_pctrank2000,efficiency_ratio,trend_strength,momentum,254827,128853,125974,-0.009700680120736351,0.009927446843387084,-0.029100503067508884
efficiency_ratio_50_pctrank2000,efficiency_ratio,trend_strength,reversion,124672,85208,39464,-9.810561068705893e-05,0.006143296761277757,-0.01319846433112569
efficiency_ratio_100_pctrank500,efficiency_ratio,trend_strength,momentum,257073,129554,127519,-0.0073626741753912124,0.004598624405826431,-0.019076341733868293
efficiency_ratio_100_pctrank500,efficiency_ratio,trend_strength,reversion,90467,61521,28946,-0.0017942295226546976,0.0018906516033043233,-0.00927487809298932
efficiency_ratio_100_pctrank2000,efficiency_ratio,trend_strength,momentum,255052,128630,126422,-0.00934793449949916,0.003321680686711047,-0.021735504862692368
efficiency_ratio_100_pctrank2000,efficiency_ratio,trend_strength,reversion,87933,60558,27375,-0.006234052302366999,0.0026841871261777117,-0.025482857572415762
variance_ratio_2_10_pctrank500,variance_ratio_2,trend_strength,momentum,254697,127949,126748,-0.005350468208632219,0.004549375143491383,-0.015321131785640204
variance_ratio_2_10_pctrank500,variance_ratio_2,trend_strength,reversion,190700,84228,106472,-0.0012282478872677367,0.011334647820199715,-0.011203433009780944
variance_ratio_2_10_pctrank2000,variance_ratio_2,trend_strength,momentum,253464,127126,126338,-0.005622946664108248,0.0036101289840740763,-0.01486723902597257
variance_ratio_2_10_pctrank2000,variance_ratio_2,trend_strength,reversion,189598,83883,105715,-0.000573389440754328,0.014167609980342792,-0.012271605748723822
variance_ratio_2_20_pctrank500,variance_ratio_2,trend_strength,momentum,255170,127835,127335,-0.004046594772150575,0.007437283757432198,-0.015509877446018673
variance_ratio_2_20_pctrank500,variance_ratio_2,trend_strength,reversion,127760,57878,69882,-0.0016365713576320102,0.006175678109729869,-0.008240003272271718
variance_ratio_2_20_pctrank2000,variance_ratio_2,trend_strength,momentum,254774,127787,126987,-0.00523816585528431,0.006518007534589636,-0.01695384278331878
variance_ratio_2_20_pctrank2000,variance_ratio_2,trend_strength,reversion,126601,57181,69420,-0.00130218066323379,0.007696744725626767,-0.00905610383971648
variance_ratio_2_50_pctrank500,variance_ratio_2,trend_strength,momentum,255865,128008,127857,-0.006061215884609514,0.0014424974365720422,-0.013515995476609633
variance_ratio_2_50_pctrank500,variance_ratio_2,trend_strength,reversion,79355,37510,41845,0.007039726441958599,0.016656474809216587,-0.001938405631564916
variance_ratio_2_50_pctrank2000,variance_ratio_2,trend_strength,momentum,254679,127532,127147,-0.006594011138743349,0.0026449622404076958,-0.015741035769630672
variance_ratio_2_50_pctrank2000,variance_ratio_2,trend_strength,reversion,76023,35860,40163,0.009251630548537266,0.015351543805003573,0.003589600192089328
variance_ratio_2_100_pctrank500,variance_ratio_2,trend_strength,momentum,254967,127501,127466,-0.005263155450702606,0.005131319351856564,-0.01555100782441865
variance_ratio_2_100_pctrank500,variance_ratio_2,trend_strength,reversion,54979,26865,28114,-0.0015316856822671708,0.014902741158777575,-0.018016568386435367
variance_ratio_2_100_pctrank2000,variance_ratio_2,trend_strength,momentum,254237,127342,126895,-0.0041221164685305315,0.0010232425304126328,-0.009201734268871824
variance_ratio_2_100_pctrank2000,variance_ratio_2,trend_strength,reversion,51387,24866,26521,-0.0017612341181593714,0.016987793920994042,-0.02013388625782659
autocorr_returns_10_pctrank500,autocorr_returns,momentum,momentum,254984,127746,127238,-0.0062719544828656795,0.003833647256070179,-0.016345319282312955
autocorr_returns_10_pctrank500,autocorr_returns,momentum,reversion,148732,73285,75447,0.0004948565761599108,0.010990325981238737,-0.009393620545978861
autocorr_returns_10_pctrank2000,autocorr_returns,momentum,momentum,254050,127126,126924,-0.007170450501488109,0.0016301427396111768,-0.01586066274412432
autocorr_returns_10_pctrank2000,autocorr_returns,momentum,reversion,148189,72989,75200,0.0021796795456330872,0.00990747520517154,-0.005126087416218302
autocorr_returns_20_pctrank500,autocorr_returns,momentum,momentum,255578,128022,127556,-0.004086583457337647,0.00753552255679626,-0.015643418884548954
autocorr_returns_20_pctrank500,autocorr_returns,momentum,reversion,95177,47407,47770,0.0008895834666357874,0.006120445279209024,-0.00415878695328397
autocorr_returns_20_pctrank2000,autocorr_returns,momentum,momentum,255221,127826,127395,-0.006178414171797901,0.005426418428572167,-0.017701747257185117
autocorr_returns_20_pctrank2000,autocorr_returns,momentum,reversion,93829,46726,47103,0.0026004073305310187,0.008377745980643624,-0.002975133815602219
autocorr_returns_50_pctrank500,autocorr_returns,momentum,momentum,255208,127668,127540,-0.005912079977109291,0.0020574508204203932,-0.013822592296220716
autocorr_returns_50_pctrank500,autocorr_returns,momentum,reversion,57192,28850,28342,0.010637205416046841,0.02817624585136505,-0.007207735578807738
autocorr_returns_50_pctrank2000,autocorr_returns,momentum,momentum,254700,127363,127337,-0.006457091691303702,0.0020047412504136703,-0.014781506199756034
autocorr_returns_50_pctrank2000,autocorr_returns,momentum,reversion,54619,27616,27003,0.0116590796530344,0.021599103759683796,0.0014426409852407972
autocorr_returns_100_pctrank500,autocorr_returns,momentum,momentum,256127,127904,128223,-0.00405689881506562,0.006314349630024658,-0.014264713509679651
autocorr_returns_100_pctrank500,autocorr_returns,momentum,reversion,39572,20160,19412,0.00657263084132748,0.01743823728081778,-0.004303304936152526
autocorr_returns_100_pctrank2000,autocorr_returns,momentum,momentum,254811,127500,127311,-0.004120988968437292,0.0010428723201550637,-0.009184562960420946
autocorr_returns_100_pctrank2000,autocorr_returns,momentum,reversion,36356,18528,17828,-0.001737468422651773,0.017623110630960084,-0.021079777771868532
rsi_10_pctrank500,rsi,mean_reversion,momentum,219494,144840,74654,-0.006614337640548341,-0.005701921721449229,-0.008425612188920165
rsi_10_pctrank500,rsi,mean_reversion,reversion,120840,60932,59908,0.0037619450410736194,0.00443497924768567,0.0030530904191049
rsi_10_pctrank2000,rsi,mean_reversion,momentum,140548,92613,47935,-0.00805825362081616,-0.007283010124459064,-0.009608608658099886
rsi_10_pctrank2000,rsi,mean_reversion,reversion,77255,38811,38444,0.006392582071242566,0.009492465051837555,0.0031259965891850634
rsi_20_pctrank500,rsi,mean_reversion,momentum,256744,156026,100718,-0.0063183085594165,-0.0029056862964522484,-0.011775318415721662
rsi_20_pctrank500,rsi,mean_reversion,reversion,101416,51154,50262,0.00022847818655932252,0.0040368029268767255,-0.003800684520649863
rsi_20_pctrank2000,rsi,mean_reversion,momentum,254087,154102,99985,-0.0072968864878338565,-0.006359680480426746,-0.008791886842488923
rsi_20_pctrank2000,rsi,mean_reversion,reversion,99712,50226,49486,0.0031304121080663982,0.007322874905043083,-0.0012892058940098146
rsi_50_pctrank500,rsi,mean_reversion,momentum,254889,145057,109832,-0.0043031380308695385,0.004932991324193411,-0.017065104173492242
rsi_50_pctrank500,rsi,mean_reversion,reversion,66382,33705,32677,-0.009776074000345804,-0.005883731455995369,-0.013992204423811138
rsi_50_pctrank2000,rsi,mean_reversion,momentum,254612,144184,110428,-0.0046342905583097675,0.0018201370436471884,-0.013441003498737388
rsi_50_pctrank2000,rsi,mean_reversion,reversion,64306,32613,31693,-0.005448745108828353,-0.000759902220199033,-0.01070671658964922
rsi_100_pctrank500,rsi,mean_reversion,momentum,255861,140066,115795,-0.005728252391470566,0.008678659716724596,-0.0239418069182814
rsi_100_pctrank500,rsi,mean_reversion,reversion,48234,24773,23461,-0.010765463475398803,-0.001296105233673403,-0.02204330269027571
rsi_100_pctrank2000,rsi,mean_reversion,momentum,254613,138737,115876,-0.0075141690978010305,0.003630526324961346,-0.02147879365904014
rsi_100_pctrank2000,rsi,mean_reversion,reversion,45075,22923,22152,-0.010178566396999118,-0.0036212100885803346,-0.017992018306161196
zscore_vs_ma_10_pctrank500,zscore_vs_ma,mean_reversion,momentum,256077,220627,35450,-0.004834271835825631,-0.006711976049907221,0.006602894094769203
zscore_vs_ma_10_pctrank500,zscore_vs_ma,mean_reversion,reversion,214082,106970,107112,0.006991964099229545,0.011694189247782273,0.0021794968338775763
zscore_vs_ma_10_pctrank2000,zscore_vs_ma,mean_reversion,momentum,254995,219948,35047,-0.0045117367156353935,-0.006294251477042798,0.006417277041574543
zscore_vs_ma_10_pctrank2000,zscore_vs_ma,mean_reversion,reversion,213763,106696,107067,0.005675509748450291,0.01119618824760113,1.1186102121129776e-05
zscore_vs_ma_20_pctrank500,zscore_vs_ma,mean_reversion,momentum,257594,193016,64578,-0.0031253247461081237,-0.005265446130838695,0.003275724563790808
zscore_vs_ma_20_pctrank500,zscore_vs_ma,mean_reversion,reversion,149152,74554,74598,0.004070610521315049,0.007883776149897001,0.00014128277415483923
zscore_vs_ma_20_pctrank2000,zscore_vs_ma,mean_reversion,momentum,255382,191687,63695,-0.0038054266506953667,-0.00637934343246608,0.003965076864450585
zscore_vs_ma_20_pctrank2000,zscore_vs_ma,mean_reversion,reversion,148625,74205,74420,0.005798997690894804,0.009652324234146943,0.0018271121700067258
zscore_vs_ma_50_pctrank500,zscore_vs_ma,mean_reversion,momentum,256662,167186,89476,-0.002708048759301173,0.003922491255938507,-0.015428552550191914
zscore_vs_ma_50_pctrank500,zscore_vs_ma,mean_reversion,reversion,92945,46722,46223,-0.002537650055559727,0.0026972652601866417,-0.007988257575386359
zscore_vs_ma_50_pctrank2000,zscore_vs_ma,mean_reversion,momentum,255234,166325,88909,-0.0026709600306049153,0.0023060413156756536,-0.012208157672846288
zscore_vs_ma_50_pctrank2000,zscore_vs_ma,mean_reversion,reversion,92621,46332,46289,0.0010182675450344225,0.006519163268923126,-0.0046843599315808315
zscore_vs_ma_100_pctrank500,zscore_vs_ma,mean_reversion,momentum,255894,155163,100731,-0.0010095428012151608,0.011189912120036484,-0.020433727758693898
zscore_vs_ma_100_pctrank500,zscore_vs_ma,mean_reversion,reversion,65578,32873,32705,-0.011366493251596593,-0.008226512004279084,-0.01482266343598689
zscore_vs_ma_100_pctrank2000,zscore_vs_ma,mean_reversion,momentum,255120,154016,101104,-0.0026878848998884938,0.00808867147565578,-0.019595131996205932
zscore_vs_ma_100_pctrank2000,zscore_vs_ma,mean_reversion,reversion,64258,32178,32080,-0.006243633845297185,-0.004873250840324345,-0.007768729549209715
stochastic_k_10_pctrank500,stochastic_k,mean_reversion,momentum,255716,214351,41365,-0.00458141652358448,-0.005140621572875675,-0.0016089215736098564
stochastic_k_10_pctrank500,stochastic_k,mean_reversion,reversion,210866,104925,105941,0.003356550370584714,0.006439139531441625,0.0002016076958290433
stochastic_k_10_pctrank2000,stochastic_k,mean_reversion,momentum,253933,213165,40768,-0.004528592870032577,-0.005421040521264834,0.0002881358892785836
stochastic_k_10_pctrank2000,stochastic_k,mean_reversion,reversion,209575,104146,105429,0.003204446351447994,0.00640349673566726,-2.4280886435968964e-05
stochastic_k_20_pctrank500,stochastic_k,mean_reversion,momentum,255349,193081,62268,-0.0047948631311916035,-0.005347474585653772,-0.003022479319121938
stochastic_k_20_pctrank500,stochastic_k,mean_reversion,reversion,156841,77927,78914,0.0014909214589157388,0.006432595998506186,-0.0035767745313893067
stochastic_k_20_pctrank2000,stochastic_k,mean_reversion,momentum,254592,192647,61945,-0.004399120441532955,-0.0066563386147324224,0.0029301432843059374
stochastic_k_20_pctrank2000,stochastic_k,mean_reversion,reversion,155796,77321,78475,-0.0002713695939142369,0.0043880951258147925,-0.005042686851906688
stochastic_k_50_pctrank500,stochastic_k,mean_reversion,momentum,256524,171352,85172,-0.0015862418927550352,0.0030652755972243955,-0.011471104701937851
stochastic_k_50_pctrank500,stochastic_k,mean_reversion,reversion,103747,51127,52620,-0.008778215004629683,-0.004802309548676154,-0.01289452573889348
stochastic_k_50_pctrank2000,stochastic_k,mean_reversion,momentum,254711,169774,84937,-0.00048626035231736953,0.0014948889449635182,-0.0047558145531505875
stochastic_k_50_pctrank2000,stochastic_k,mean_reversion,reversion,101721,50128,51593,-0.012768363767915675,-0.007282553458845602,-0.01837772405520297
stochastic_k_100_pctrank500,stochastic_k,mean_reversion,momentum,256879,160077,96802,-0.0016044639265744218,0.0063791639723626385,-0.015686293748213228
stochastic_k_100_pctrank500,stochastic_k,mean_reversion,reversion,75898,37236,38662,-0.010436126541341212,-0.011852731637433563,-0.008948926819906586
stochastic_k_100_pctrank2000,stochastic_k,mean_reversion,momentum,254742,157669,97073,9.12674693235182e-05,0.0071018340368940395,-0.012159475493369277
stochastic_k_100_pctrank2000,stochastic_k,mean_reversion,reversion,73187,35753,37434,-0.01861876706106329,-0.017186843354948095,-0.02024428422676599
stochastic_d_10_pctrank500,stochastic_d,mean_reversion,momentum,255779,153644,102135,-0.003803849060484258,-0.004332990318380445,-0.0029875538145122567
stochastic_d_10_pctrank500,stochastic_d,mean_reversion,reversion,118003,58971,59032,0.006156448835670609,0.011536640315352963,0.0006282148014624944
stochastic_d_10_pctrank2000,stochastic_d,mean_reversion,momentum,253679,152313,101366,-0.003634999137300808,-0.005570934323883358,-0.0006414612313554124
stochastic_d_10_pctrank2000,stochastic_d,mean_reversion,reversion,116820,58377,58443,0.006588497917911518,0.011891333047441492,0.0010908686187172082
stochastic_d_20_pctrank500,stochastic_d,mean_reversion,momentum,255235,145163,110072,-0.0029577609499037553,-0.004935266724076926,-0.0002550194468273261
stochastic_d_20_pctrank500,stochastic_d,mean_reversion,reversion,88653,44292,44361,0.0009994727366558964,0.00826451683455122,-0.006528641992299581
stochastic_d_20_pctrank2000,stochastic_d,mean_reversion,momentum,254498,144428,110070,-0.0028004418861021186,-0.005998534940272566,0.0015774928861364427
stochastic_d_20_pctrank2000,stochastic_d,mean_reversion,reversion,88144,43904,44240,0.0025035679132850348,0.011374652930534052,-0.006576654354690231
stochastic_d_50_pctrank500,stochastic_d,mean_reversion,momentum,256480,138724,117756,-0.0032542358611504967,0.002667353225195167,-0.01051171536985568
stochastic_d_50_pctrank500,stochastic_d,mean_reversion,reversion,59365,29307,30058,-0.006940164487467042,0.0023615132180060663,-0.01647873483144664
stochastic_d_50_pctrank2000,stochastic_d,mean_reversion,momentum,254864,137474,117390,-0.0032027926267055432,0.0012962265166765715,-0.008700763787467907
stochastic_d_50_pctrank2000,stochastic_d,mean_reversion,reversion,57950,28611,29339,-0.011901502228428262,-0.0011550487271180176,-0.02307988903917083
stochastic_d_100_pctrank500,stochastic_d,mean_reversion,momentum,254895,134814,120081,-0.0032694724917382138,0.00678924838518118,-0.015028923047330769
stochastic_d_100_pctrank500,stochastic_d,mean_reversion,reversion,43790,21424,22366,-0.003548270547875104,0.0009050564591186579,-0.008334063598634664
stochastic_d_100_pctrank2000,stochastic_d,mean_reversion,momentum,254743,133997,120746,-0.0037217184082502415,0.005352912055024282,-0.014337989255887914
stochastic_d_100_pctrank2000,stochastic_d,mean_reversion,reversion,42036,20620,21416,-0.022337365524601093,-0.008477083219524957,-0.037874188033686834
williams_r_10_pctrank500,williams_r,mean_reversion,momentum,255716,214351,41365,-0.00458141652358448,-0.005140621572875675,-0.0016089215736098564
williams_r_10_pctrank500,williams_r,mean_reversion,reversion,210866,104925,105941,0.003356550370584714,0.006439139531441625,0.0002016076958290433
williams_r_10_pctrank2000,williams_r,mean_reversion,momentum,253933,213165,40768,-0.004528592870032577,-0.005421040521264834,0.0002881358892785836
williams_r_10_pctrank2000,williams_r,mean_reversion,reversion,209575,104146,105429,0.003204446351447994,0.00640349673566726,-2.4280886435968964e-05
williams_r_20_pctrank500,williams_r,mean_reversion,momentum,255349,193081,62268,-0.0047948631311916035,-0.005347474585653772,-0.003022479319121938
williams_r_20_pctrank500,williams_r,mean_reversion,reversion,156841,77927,78914,0.0014909214589157388,0.006432595998506186,-0.0035767745313893067
williams_r_20_pctrank2000,williams_r,mean_reversion,momentum,254592,192647,61945,-0.004399120441532955,-0.0066563386147324224,0.0029301432843059374
williams_r_20_pctrank2000,williams_r,mean_reversion,reversion,155796,77321,78475,-0.0002713695939142369,0.0043880951258147925,-0.005042686851906688
williams_r_50_pctrank500,williams_r,mean_reversion,momentum,256524,171352,85172,-0.0015862418927550352,0.0030652755972243955,-0.011471104701937851
williams_r_50_pctrank500,williams_r,mean_reversion,reversion,103747,51127,52620,-0.008778215004629683,-0.004802309548676154,-0.01289452573889348
williams_r_50_pctrank2000,williams_r,mean_reversion,momentum,254711,169774,84937,-0.00048626035231736953,0.0014948889449635182,-0.0047558145531505875
williams_r_50_pctrank2000,williams_r,mean_reversion,reversion,101721,50128,51593,-0.012768363767915675,-0.007282553458845602,-0.01837772405520297
williams_r_100_pctrank500,williams_r,mean_reversion,momentum,256879,160077,96802,-0.0016044639265744218,0.0063791639723626385,-0.015686293748213228
williams_r_100_pctrank500,williams_r,mean_reversion,reversion,75898,37236,38662,-0.010436126541341212,-0.011852731637433563,-0.008948926819906586
williams_r_100_pctrank2000,williams_r,mean_reversion,momentum,254742,157669,97073,9.12674693235182e-05,0.0071018340368940395,-0.012159475493369277
williams_r_100_pctrank2000,williams_r,mean_reversion,reversion,73187,35753,37434,-0.01861876706106329,-0.017186843354948095,-0.02024428422676599
cci_10_pctrank500,cci,mean_reversion,momentum,255662,182096,73566,-0.0008422032910173457,-0.0035706154891209973,0.0058769740990820205
cci_10_pctrank500,cci,mean_reversion,reversion,157001,78711,78290,0.007130818307697852,0.012534471139405748,0.0015909287606526345
cci_10_pctrank2000,cci,mean_reversion,momentum,254930,181467,73463,-0.0002614415268115013,-0.0027839054556094422,0.005977125399629977
cci_10_pctrank2000,cci,mean_reversion,reversion,156953,78676,78277,0.008556245133667513,0.015552459475580796,0.0012705904260124612
cci_20_pctrank500,cci,mean_reversion,momentum,256855,165089,91766,-0.003046989188799389,-0.0021815372274029358,-0.004625819099395867
cci_20_pctrank500,cci,mean_reversion,reversion,107327,53876,53451,0.007942476343061854,0.013458544566012975,0.0022649905929599734
cci_20_pctrank2000,cci,mean_reversion,momentum,255414,163946,91468,-0.0029454440888818075,-0.0031635208616364813,-0.002547887885469437
cci_20_pctrank2000,cci,mean_reversion,reversion,106747,53583,53164,0.007318466445735074,0.01269180891235337,0.0017725758987755282
cci_50_pctrank500,cci,mean_reversion,momentum,256248,149711,106537,-0.002494548815279444,0.00720839844381899,-0.01657751389963011
cci_50_pctrank500,cci,mean_reversion,reversion,65661,33062,32599,0.0015298816571167522,0.01528083769145203,-0.01251806424518251
cci_50_pctrank2000,cci,mean_reversion,momentum,255296,148848,106448,-0.0028040928846453784,0.00664496013564382,-0.016472937105894418
cci_50_pctrank2000,cci,mean_reversion,reversion,64350,32404,31946,0.002251820041567908,0.010200683311325023,-0.005991305903598407
cci_100_pctrank500,cci,mean_reversion,momentum,255768,142897,112871,-0.0019654496797925857,0.015069648931600415,-0.024230053040879856
cci_100_pctrank500,cci,mean_reversion,reversion,46196,23533,22663,-0.014612812154582731,-0.013170706683766355,-0.01629761105159003
cci_100_pctrank2000,cci,mean_reversion,momentum,255195,141846,113349,-0.002747629345745648,0.01455345137832521,-0.02514612653929274
cci_100_pctrank2000,cci,mean_reversion,reversion,44181,22465,21716,-0.011441119332237489,-0.007383155040845205,-0.01597991838901239
roc_10_pctrank500,roc,momentum,momentum,256537,164426,92111,-0.004786304626746989,-0.0048376336383511125,-0.004695433975276316
roc_10_pctrank500,roc,momentum,reversion,127856,63858,63998,0.006273722336496192,0.013822612535960814,-0.0012320274119316053
roc_10_pctrank2000,roc,momentum,momentum,255376,163405,91971,-0.0064018821307978155,-0.00780484639010344,-0.003924660545325822
roc_10_pctrank2000,roc,momentum,reversion,126756,63178,63578,0.007600879785400822,0.01418796141209745,0.0010087752890974974
roc_20_pctrank500,roc,momentum,momentum,256249,152927,103322,-0.0054921346151875095,-0.0020292864909699586,-0.010712035306545551
roc_20_pctrank500,roc,momentum,reversion,92043,46134,45909,-0.0034987170323471863,-0.0006457428977283298,-0.006407549529892395
roc_20_pctrank2000,roc,momentum,momentum,255336,151802,103534,-0.005856976260817928,-0.004581492486829052,-0.007755028292641514
roc_20_pctrank2000,roc,momentum,reversion,90233,45131,45102,-0.0028488846237627935,-0.003211933787535087,-0.002474738056884202
roc_50_pctrank500,roc,momentum,momentum,256038,143910,112128,-0.004803172239662752,0.0032871537846544054,-0.015512564184428791
roc_50_pctrank500,roc,momentum,reversion,59944,30057,29887,-0.005424629724047986,-0.003394983380595684,-0.007548918663378041
roc_50_pctrank2000,roc,momentum,momentum,254995,142667,112328,-0.006580799967549794,-0.00026577234893346215,-0.014909684655990917
roc_50_pctrank2000,roc,momentum,reversion,57799,28861,28938,-0.006224114802134669,-0.005975427650802326,-0.006486568094534773
roc_100_pctrank500,roc,momentum,momentum,255254,138670,116584,-0.005020367359899444,0.012064274583705018,-0.02619281660139218
roc_100_pctrank500,roc,momentum,reversion,43261,22100,21161,-0.0031553736821841745,0.0010446737909595735,-0.008049490400305536
roc_100_pctrank2000,roc,momentum,momentum,254543,137681,116862,-0.00835473315883961,0.0038977817752304323,-0.023486045105995064
roc_100_pctrank2000,roc,momentum,reversion,40486,20321,20165,-0.003659165097913974,0.006257929701242558,-0.014366274293064188
dist_from_high_10_pctrank500,dist_from_high,price_action,momentum,255398,209551,45847,-0.00472400941936045,-0.006850776425959308,0.007231773596116711
dist_from_high_10_pctrank500,dist_from_high,price_action,reversion,164196,56911,107285,0.0028518013944289155,0.0062098963224839964,0.0006897858303187713
dist_from_high_10_pctrank2000,dist_from_high,price_action,momentum,253749,208702,45047,-0.005323038887754481,-0.0074885117103322225,0.007073319417172463
dist_from_high_10_pctrank2000,dist_from_high,price_action,reversion,163255,55823,107432,0.0040112483438587455,0.008248676656033117,0.0012842194392527829
dist_from_high_20_pctrank500,dist_from_high,price_action,momentum,255157,192636,62521,-0.003274340917245321,-0.0070712100946662745,0.010886288372762102
dist_from_high_20_pctrank500,dist_from_high,price_action,reversion,121797,40062,81735,-0.000565527818035497,0.00651614509229512,-0.0046384725725519445
dist_from_high_20_pctrank2000,dist_from_high,price_action,momentum,253479,191584,61895,-0.004198909877062637,-0.007993464929611515,0.010177586476623321
dist_from_high_20_pctrank2000,dist_from_high,price_action,reversion,120328,38849,81479,0.0008160616344563612,0.005332757414188918,-0.0017451201784353864
dist_from_high_50_pctrank500,dist_from_high,price_action,momentum,254608,172288,82320,-0.001915474997034844,0.002231621945286702,-0.011799051510611946
dist_from_high_50_pctrank500,dist_from_high,price_action,reversion,81572,26112,55460,-0.0059496495467494005,0.0035119426580250694,-0.010947536073584192
dist_from_high_50_pctrank2000,dist_from_high,price_action,momentum,253872,171592,82280,0.00040390748222394394,0.00332123988207704,-0.006710363254573635
dist_from_high_50_pctrank2000,dist_from_high,price_action,reversion,79156,24313,54843,-0.00827874319129461,0.0011447695536231086,-0.013005793757106887
dist_from_high_100_pctrank500,dist_from_high,price_action,momentum,256006,161688,94318,0.0008645387708363603,0.009861232910775041,-0.016279840420891676
dist_from_high_100_pctrank500,dist_from_high,price_action,reversion,60576,19180,41396,-0.012270168844128964,-0.0102550375664166,-0.01338707689956865
dist_from_high_100_pctrank2000,dist_from_high,price_action,momentum,254694,159966,94728,0.0016187837455797756,0.008585307699824319,-0.011736647685266798
dist_from_high_100_pctrank2000,dist_from_high,price_action,reversion,57154,16978,40176,-0.011641195285545358,0.0018516761502871072,-0.01794322074386511
dist_from_low_10_pctrank500,dist_from_low,price_action,momentum,258045,172511,85534,-0.003818562856465608,-0.00394513424216055,-0.0035701667840379384
dist_from_low_10_pctrank500,dist_from_low,price_action,reversion,159999,103819,56180,0.006292028932105882,0.01378721228145213,-0.0051821601840762975
dist_from_low_10_pctrank2000,dist_from_low,price_action,momentum,255533,170199,85334,-0.002674332907548053,-0.002569500769578324,-0.002878593849091633
dist_from_low_10_pctrank2000,dist_from_low,price_action,reversion,159286,104238,55048,0.008329106922227346,0.014970537366987207,-0.0014832832286798933
dist_from_low_20_pctrank500,dist_from_low,price_action,momentum,256744,158999,97745,-0.005257783509610832,-0.0024960087095165116,-0.00976338583368047
dist_from_low_20_pctrank500,dist_from_low,price_action,reversion,118610,78792,39818,0.005418164707369495,0.009474454147884892,-0.0014561173818264043
dist_from_low_20_pctrank2000,dist_from_low,price_action,momentum,255420,157140,98280,-0.00430423358831339,-0.002478310632665789,-0.007233496319494122
dist_from_low_20_pctrank2000,dist_from_low,price_action,reversion,117095,78439,38656,0.007235232287423617,0.01295490143966051,-0.0023159621373437466
dist_from_low_50_pctrank500,dist_from_low,price_action,momentum,255522,147464,108058,-0.005082497534064535,0.003952120518590605,-0.017902130331024946
dist_from_low_50_pctrank500,dist_from_low,price_action,reversion,78787,53169,25618,-0.005851764116400413,-0.0002908138982659194,-0.01671569091601321
dist_from_low_50_pctrank2000,dist_from_low,price_action,momentum,255280,145683,109597,-0.00594152709489823,-0.000382618092094168,-0.013630428030351348
dist_from_low_50_pctrank2000,dist_from_low,price_action,reversion,76282,52404,23878,-0.002822004651797791,0.0005225801708753472,-0.009472114125590772
dist_from_low_100_pctrank500,dist_from_low,price_action,momentum,256979,142872,114107,-0.006950295599862734,0.0058879196459372795,-0.023636928847963326
dist_from_low_100_pctrank500,dist_from_low,price_action,reversion,57499,39043,18456,0.0008613464792392234,0.005858436774642535,-0.009912982197877418
dist_from_low_100_pctrank2000,dist_from_low,price_action,momentum,254865,140053,114812,-0.007167982226522488,0.0009955364255166273,-0.017663442197298724
dist_from_low_100_pctrank2000,dist_from_low,price_action,reversion,54737,37989,16748,-0.011957200645302148,-0.004211660715205818,-0.029160767868062685
donchian_position_10_pctrank500,donchian_position,mean_reversion,momentum,255716,214351,41365,-0.00458141652358448,-0.005140621572875675,-0.0016089215736098564
donchian_position_10_pctrank500,donchian_position,mean_reversion,reversion,210866,104925,105941,0.003356550370584714,0.006439139531441625,0.0002016076958290433
donchian_position_10_pctrank2000,donchian_position,mean_reversion,momentum,253933,213165,40768,-0.004528592870032577,-0.005421040521264834,0.0002881358892785836
donchian_position_10_pctrank2000,donchian_position,mean_reversion,reversion,209575,104146,105429,0.003204446351447994,0.00640349673566726,-2.4280886435968964e-05
donchian_position_20_pctrank500,donchian_position,mean_reversion,momentum,255349,193081,62268,-0.0047948631311916035,-0.005347474585653772,-0.003022479319121938
donchian_position_20_pctrank500,donchian_position,mean_reversion,reversion,156841,77927,78914,0.0014909214589157388,0.006432595998506186,-0.0035767745313893067
donchian_position_20_pctrank2000,donchian_position,mean_reversion,momentum,254592,192647,61945,-0.004399120441532955,-0.0066563386147324224,0.0029301432843059374
donchian_position_20_pctrank2000,donchian_position,mean_reversion,reversion,155796,77321,78475,-0.0002713695939142369,0.0043880951258147925,-0.005042686851906688
donchian_position_50_pctrank500,donchian_position,mean_reversion,momentum,256524,171352,85172,-0.0015862418927550352,0.0030652755972243955,-0.011471104701937851
donchian_position_50_pctrank500,donchian_position,mean_reversion,reversion,103747,51127,52620,-0.008778215004629683,-0.004802309548676154,-0.01289452573889348
donchian_position_50_pctrank2000,donchian_position,mean_reversion,momentum,254711,169774,84937,-0.00048626035231736953,0.0014948889449635182,-0.0047558145531505875
donchian_position_50_pctrank2000,donchian_position,mean_reversion,reversion,101721,50128,51593,-0.012768363767915675,-0.007282553458845602,-0.01837772405520297
donchian_position_100_pctrank500,donchian_position,mean_reversion,momentum,256879,160077,96802,-0.0016044639265744218,0.0063791639723626385,-0.015686293748213228
donchian_position_100_pctrank500,donchian_position,mean_reversion,reversion,75898,37236,38662,-0.010436126541341212,-0.011852731637433563,-0.008948926819906586
donchian_position_100_pctrank2000,donchian_position,mean_reversion,momentum,254742,157669,97073,9.12674693235182e-05,0.0071018340368940395,-0.012159475493369277
donchian_position_100_pctrank2000,donchian_position,mean_reversion,reversion,73187,35753,37434,-0.01861876706106329,-0.017186843354948095,-0.02024428422676599
ma_cross_count_10_pctrank500,ma_cross_count,mean_reversion,momentum,255518,128017,127501,0.0011864156007610938,0.01276211241530529,-0.01014743551660429
ma_cross_count_10_pctrank500,ma_cross_count,mean_reversion,reversion,78976,40348,38628,0.0002616452081082302,0.010149812076855237,-0.009708536748515543
ma_cross_count_10_pctrank2000,ma_cross_count,mean_reversion,momentum,254672,127752,126920,0.0023434939847784423,0.012803566393631945,-0.007859173955877655
ma_cross_count_10_pctrank2000,ma_cross_count,mean_reversion,reversion,77479,39642,37837,0.0026350170694285093,0.012718653417100562,-0.00775954070260447
ma_cross_count_20_pctrank500,ma_cross_count,mean_reversion,momentum,255554,127797,127757,-0.0006744580114695304,0.001605447397603224,-0.002903707071035685
ma_cross_count_20_pctrank500,ma_cross_count,mean_reversion,reversion,42512,21433,21079,0.004538698616934324,0.014021174806877037,-0.0044956964525243535
ma_cross_count_20_pctrank2000,ma_cross_count,mean_reversion,momentum,254500,127060,127440,-0.0010932033431593012,-0.0004972607321138659,-0.0016720657430240008
ma_cross_count_20_pctrank2000,ma_cross_count,mean_reversion,reversion,41024,20709,20315,0.005628895744150316,0.013806302836991281,-0.00229061121992709
ma_cross_count_50_pctrank500,ma_cross_count,mean_reversion,momentum,254752,127899,126853,-0.0009576271587144351,4.158920511252144e-05,-0.001942828339598997
ma_cross_count_50_pctrank500,ma_cross_count,mean_reversion,reversion,18782,9493,9289,0.0037407245988667626,0.00799533813105242,-0.0006458165260072462
ma_cross_count_50_pctrank2000,ma_cross_count,mean_reversion,momentum,254626,127549,127077,-0.0002050902047250964,-0.00039776704245148996,-1.7074150368336956e-05
ma_cross_count_50_pctrank2000,ma_cross_count,mean_reversion,reversion,17589,8978,8611,0.009226028486582362,0.025097688727759856,-0.007341431569746839
ma_cross_count_100_pctrank500,ma_cross_count,mean_reversion,momentum,255435,128254,127181,-0.0011332219753419966,0.015848759288285046,-0.017946612342792358
ma_cross_count_100_pctrank500,ma_cross_count,mean_reversion,reversion,10085,5035,5050,-0.009288211443019504,0.0008671079353447483,-0.018965683232498552
ma_cross_count_100_pctrank2000,ma_cross_count,mean_reversion,momentum,254600,127513,127087,-0.00015411927145251084,0.014621809538819565,-0.014749353174958957
ma_cross_count_100_pctrank2000,ma_cross_count,mean_reversion,reversion,9029,4541,4488,-0.005097178955095634,0.009502066297377503,-0.01978824470766069
mean_reversion_speed_10_pctrank500,mean_reversion_speed,mean_reversion,momentum,256582,128762,127820,-0.0014397543139166176,0.006389424504912604,-0.00928719359697906
mean_reversion_speed_10_pctrank500,mean_reversion_speed,mean_reversion,reversion,167960,92482,75478,0.0024282124109462327,0.009151446004922388,-0.005993515607852993
mean_reversion_speed_10_pctrank2000,mean_reversion_speed,mean_reversion,momentum,254463,127620,126843,-0.002333502375906317,0.007708858838296936,-0.01243009006341827
mean_reversion_speed_10_pctrank2000,mean_reversion_speed,mean_reversion,reversion,167431,92383,75048,0.0034781824814808203,0.010016396032717437,-0.0047496789757185505
mean_reversion_speed_20_pctrank500,mean_reversion_speed,mean_reversion,momentum,254108,127333,126775,-0.0009165525460214896,0.006704556125610882,-0.008360966210599795
mean_reversion_speed_20_pctrank500,mean_reversion_speed,mean_reversion,reversion,106084,59647,46437,0.00018318518609526037,-0.0003003908509623064,0.0008291052478356627
mean_reversion_speed_20_pctrank2000,mean_reversion_speed,mean_reversion,momentum,253957,127408,126549,-0.0013945423547960037,0.005513870157019334,-0.00814712556314382
mean_reversion_speed_20_pctrank2000,mean_reversion_speed,mean_reversion,reversion,105174,59392,45782,-0.00023451675318161426,0.0008404479630670156,-0.0016577835634972952
mean_reversion_speed_50_pctrank500,mean_reversion_speed,mean_reversion,momentum,255889,128141,127748,-0.0014960765773871468,0.00027531715462062855,-0.0032511783193912873
mean_reversion_speed_50_pctrank500,mean_reversion_speed,mean_reversion,reversion,63045,35720,27325,0.008977130214790557,0.01304365381940295,0.003536977391058352
mean_reversion_speed_50_pctrank2000,mean_reversion_speed,mean_reversion,momentum,254322,127170,127152,-0.0029785743327898286,0.0016481291546905589,-0.007577576905128428
mean_reversion_speed_50_pctrank2000,mean_reversion_speed,mean_reversion,reversion,61372,35236,26136,0.006690862934054175,0.010563287951504805,0.0013335021324638204
mean_reversion_speed_100_pctrank500,mean_reversion_speed,mean_reversion,momentum,255508,128098,127410,0.00018398363474108484,-0.0009213342610284253,0.0012787740256944447
mean_reversion_speed_100_pctrank500,mean_reversion_speed,mean_reversion,reversion,44394,25202,19192,-0.0016217445616095382,0.007470485458269784,-0.013818625446965306
mean_reversion_speed_100_pctrank2000,mean_reversion_speed,mean_reversion,momentum,254219,127477,126742,-0.0003206527072867299,0.003535063203512471,-0.00415002585124564
mean_reversion_speed_100_pctrank2000,mean_reversion_speed,mean_reversion,reversion,42056,24386,17670,0.0019338231763255526,0.011257337442644871,-0.011134195517779829
skew_returns_10_pctrank500,skew_returns,price_action,momentum,256773,117921,138852,-0.0025302246283800426,0.0019364559341896654,-0.006495596841917808
skew_returns_10_pctrank500,skew_returns,price_action,reversion,132601,66755,65846,0.0071384101741586575,0.014410344624215865,-0.0003671155835917428
skew_returns_10_pctrank2000,skew_returns,price_action,momentum,254548,116992,137556,-0.0021816837178862043,0.0019488820816392475,-0.0058548411906732285
skew_returns_10_pctrank2000,skew_returns,price_action,reversion,131451,66064,65387,0.005181837634303962,0.011491919332950497,-0.001326267547176919
skew_returns_20_pctrank500,skew_returns,price_action,momentum,254772,122085,132687,-0.005180942706422518,-0.0006807466946450366,-0.009486544892678386
skew_returns_20_pctrank500,skew_returns,price_action,reversion,74383,37397,36986,0.00447674322924719,0.012403269930869052,-0.0034073202079569925
skew_returns_20_pctrank2000,skew_returns,price_action,momentum,254378,122128,132250,-0.004238544420785579,0.0006974441292205293,-0.008977505478959508
skew_returns_20_pctrank2000,skew_returns,price_action,reversion,73196,36903,36293,0.011484050327478611,0.019479490802070797,0.0035286529987636115
skew_returns_50_pctrank500,skew_returns,price_action,momentum,256245,126624,129621,-0.0012156287284163978,0.00996222151387821,-0.012529305805363811
skew_returns_50_pctrank500,skew_returns,price_action,reversion,38199,19106,19093,0.0061123391425468585,0.009414105234206098,0.002722837303412114
skew_returns_50_pctrank2000,skew_returns,price_action,momentum,254667,126167,128500,-0.0024649577020636384,0.002208292082888891,-0.007225881641843293
skew_returns_50_pctrank2000,skew_returns,price_action,reversion,35448,17752,17696,0.005174727393405046,0.016005620982516566,-0.005837498365671673
skew_returns_100_pctrank500,skew_returns,price_action,momentum,256523,127705,128818,-0.0020963904540804825,0.014974979283176808,-0.019643170859212404
skew_returns_100_pctrank500,skew_returns,price_action,reversion,22955,11396,11559,-0.006795455746251971,0.005020682631424065,-0.01867576494349047
skew_returns_100_pctrank2000,skew_returns,price_action,momentum,254384,127039,127345,-0.0027770344812972107,0.009366637103027334,-0.015302377913823778
skew_returns_100_pctrank2000,skew_returns,price_action,reversion,20253,10109,10144,0.005234021972135822,0.023216834201817093,-0.012819654727589804
kurt_returns_10_pctrank500,kurt_returns,price_action,momentum,255441,128214,127227,-0.0025218617609426355,0.012710230109179288,-0.01771570133271025
kurt_returns_10_pctrank500,kurt_returns,price_action,reversion,152921,82135,70786,-0.0033605181091298135,0.0039854253181013525,-0.011822739889847054
kurt_returns_10_pctrank2000,kurt_returns,price_action,momentum,253939,127436,126503,-0.003802820875229477,0.011968315744907037,-0.019559187850979442
kurt_returns_10_pctrank2000,kurt_returns,price_action,reversion,152305,81901,70404,-0.0032861468221701746,0.003308898654983316,-0.010866067143555215
kurt_returns_20_pctrank500,kurt_returns,price_action,momentum,255721,128055,127666,-0.006738806086157004,0.01272664818565796,-0.026243434240342933
kurt_returns_20_pctrank500,kurt_returns,price_action,reversion,85153,47906,37247,0.0020267004417300546,0.007058021270956161,-0.004262149022510973
kurt_returns_20_pctrank2000,kurt_returns,price_action,momentum,254118,127258,126860,-0.005692816750402789,0.016029708775214438,-0.027339839099248676
kurt_returns_20_pctrank2000,kurt_returns,price_action,reversion,83190,46991,36199,0.0002590247720721592,0.007061483298549794,-0.00822104453561952
kurt_returns_50_pctrank500,kurt_returns,price_action,momentum,255765,128223,127542,-0.004344416803259504,0.012858100349298244,-0.021648158781569646
kurt_returns_50_pctrank500,kurt_returns,price_action,reversion,40711,23993,16718,0.005175804465559624,0.008827482153107837,-9.830725188987669e-05
kurt_returns_50_pctrank2000,kurt_returns,price_action,momentum,254253,127374,126879,-0.003261718458913285,0.015182739828489418,-0.021717191115694468
kurt_returns_50_pctrank2000,kurt_returns,price_action,reversion,38497,23099,15398,-0.004048356006509745,0.0008066990080137328,-0.011189302624514532
kurt_returns_100_pctrank500,kurt_returns,price_action,momentum,255489,128292,127197,-0.003853528975780574,0.014301974363898462,-0.022185362839860924
kurt_returns_100_pctrank500,kurt_returns,price_action,reversion,23596,14342,9254,-0.0026718783314878614,-0.00023103884797702072,-0.006662252235687665
kurt_returns_100_pctrank2000,kurt_returns,price_action,momentum,254162,127720,126442,-0.003921028302601262,0.01902387094455378,-0.027110015523998682
kurt_returns_100_pctrank2000,kurt_returns,price_action,reversion,21199,13061,8138,0.000791434471971312,0.0033291118133841023,-0.0034321729505492047
mfi_10_pctrank500,mfi,volume,momentum,113922,68540,45382,-0.0003985557000113064,0.0077121872142534,-0.01288345978001506
mfi_10_pctrank500,mfi,volume,reversion,55266,27896,27370,-0.00016028443251010213,0.004700297878440386,-0.0053465095141099215
mfi_10_pctrank2000,mfi,volume,momentum,16880,10102,6778,0.005327034594011121,0.018708673591057472,-0.015038601155612806
mfi_10_pctrank2000,mfi,volume,reversion,8280,4183,4097,-0.010823278308085093,-0.03460401194428711,0.017323385928491995
mfi_20_pctrank500,mfi,volume,momentum,248594,141184,107410,-0.005221648744298552,-0.0006544348197406979,-0.0114405926692607
mfi_20_pctrank500,mfi,volume,reversion,88662,44731,43931,-0.003174745452903675,0.009153052108353661,-0.016114844789886243
mfi_20_pctrank2000,mfi,volume,momentum,231930,131743,100187,-0.004742990126270056,0.0022735752535964432,-0.014372868811103761
mfi_20_pctrank2000,mfi,volume,reversion,82276,41516,40760,-0.001327891914777376,0.014844532576562089,-0.018508961500486452
mfi_50_pctrank500,mfi,volume,momentum,255589,138784,116805,-0.007336591608117882,0.005009976152318014,-0.022352184099700814
mfi_50_pctrank500,mfi,volume,reversion,61934,31179,30755,-0.003717192359160867,0.002079389425946989,-0.009911395380868234
mfi_50_pctrank2000,mfi,volume,momentum,254822,137884,116938,-0.007197178767980056,0.006701827689456701,-0.02424664225640438
mfi_50_pctrank2000,mfi,volume,reversion,59913,30144,29769,-0.004173483650061449,0.012838397288203846,-0.02241695553968245
mfi_100_pctrank500,mfi,volume,momentum,256082,136209,119873,-0.007524545098158689,0.009252827554494927,-0.026913407660102202
mfi_100_pctrank500,mfi,volume,reversion,46962,23835,23127,0.0026269648819459645,0.008600121694151083,-0.003877802465145704
mfi_100_pctrank2000,mfi,volume,momentum,254283,134521,119762,-0.008463954448112562,0.007065603805084178,-0.026438584574613844
mfi_100_pctrank2000,mfi,volume,reversion,43845,22165,21680,-0.00359936692352238,0.007049010539145661,-0.014962226420277558
choppiness_index_10_pctrank500,choppiness_index,trend_strength,momentum,255914,127451,128463,-0.0007708320942721009,0.004261435803826555,-0.0057196054445571645
choppiness_index_10_pctrank500,choppiness_index,trend_strength,reversion,129371,59759,69612,0.002442572144218403,0.010415707387208175,-0.004537434710775645
choppiness_index_10_pctrank2000,choppiness_index,trend_strength,momentum,252691,125863,126828,-0.001390944408502749,0.003761158880804056,-0.006437550382801086
choppiness_index_10_pctrank2000,choppiness_index,trend_strength,reversion,127894,59292,68602,0.0036700876697740295,0.011666223023669967,-0.0034676859383883916
choppiness_index_20_pctrank500,choppiness_index,trend_strength,momentum,254087,126927,127160,0.002903560751039546,0.0017512212589203254,0.004027928263226904
choppiness_index_20_pctrank500,choppiness_index,trend_strength,reversion,75114,33916,41198,0.001757688011562544,0.013459037252700675,-0.007991644026333388
choppiness_index_20_pctrank2000,choppiness_index,trend_strength,momentum,254151,127015,127136,0.0025022926721134085,0.0020891918579416828,0.0029052644025593694
choppiness_index_20_pctrank2000,choppiness_index,trend_strength,reversion,74106,33391,40715,-0.0010365392293040317,0.008351094162541619,-0.00902554192799472
choppiness_index_50_pctrank500,choppiness_index,trend_strength,momentum,255127,127426,127701,0.0024622596760004024,-0.00044841827882683506,0.0052775392685808515
choppiness_index_50_pctrank500,choppiness_index,trend_strength,reversion,37322,16506,20816,0.00030986097875042746,0.019838273093213253,-0.014859758364768336
choppiness_index_50_pctrank2000,choppiness_index,trend_strength,momentum,254350,127030,127320,0.002564949429498503,0.00026147669418703263,0.004825476609117222
choppiness_index_50_pctrank2000,choppiness_index,trend_strength,reversion,35399,15502,19897,-6.321659521589742e-05,0.009566874665147993,-0.007787659818209245
choppiness_index_100_pctrank500,choppiness_index,trend_strength,momentum,255265,127774,127491,-0.0014546273513017717,0.009742019145945769,-0.012643694249451849
choppiness_index_100_pctrank500,choppiness_index,trend_strength,reversion,21876,9735,12141,-0.013572914022307864,-0.0040230411424662426,-0.021392473270837507
choppiness_index_100_pctrank2000,choppiness_index,trend_strength,momentum,254782,127352,127430,-0.0008076847434759085,0.0024499819387747744,-0.004066600157515842
choppiness_index_100_pctrank2000,choppiness_index,trend_strength,reversion,20045,8742,11303,-0.017271439452982686,1.62254317424799e-05,-0.030550654494494633
aroon_up_10_pctrank500,aroon_up,momentum,momentum,255470,168972,86498,-0.003487535971512095,-0.006999288687025926,0.0034932203146324776
aroon_up_10_pctrank500,aroon_up,momentum,reversion,205783,110810,94973,0.014006304842918118,0.020803579510693972,0.0060430446654043705
aroon_up_10_pctrank2000,aroon_up,momentum,momentum,255243,168614,86629,-0.0030580436060866343,-0.006494653964083724,0.0038298551976528646
aroon_up_10_pctrank2000,aroon_up,momentum,reversion,205327,110815,94512,0.013571732622867094,0.02055492290396813,0.005385845821569261
aroon_up_20_pctrank500,aroon_up,momentum,momentum,256362,144819,111543,-0.001818070979621846,-0.009220712027495866,0.00792939425854474
aroon_up_20_pctrank500,aroon_up,momentum,reversion,119839,66028,53811,0.007558115152216495,0.00855758848741058,0.0063327312121096045
aroon_up_20_pctrank2000,aroon_up,momentum,momentum,255012,143117,111895,-0.0015275965397715397,-0.009593343851854995,0.009049707852989808
aroon_up_20_pctrank2000,aroon_up,momentum,reversion,116755,63973,52782,0.007573859570442956,0.011038472597082152,0.0034448671702824417
aroon_up_50_pctrank500,aroon_up,momentum,momentum,255245,132917,122328,-0.0010177630215434741,0.001384964465296187,-0.0036818446255988597
aroon_up_50_pctrank500,aroon_up,momentum,reversion,55891,30991,24900,0.0023081958791860576,0.005713422218406182,-0.0020789394241486248
aroon_up_50_pctrank2000,aroon_up,momentum,momentum,255282,132232,123050,-0.003413690300573526,-0.003336270581639617,-0.0034999016088204265
aroon_up_50_pctrank2000,aroon_up,momentum,reversion,52124,28338,23786,0.0016586845503143823,0.005698004286063679,-0.003091991668469644
aroon_up_100_pctrank500,aroon_up,momentum,momentum,255540,130372,125168,-0.003073736732699894,-0.00022103262618629433,-0.006127394828792819
aroon_up_100_pctrank500,aroon_up,momentum,reversion,32002,17892,14110,0.01033271548499617,0.019293045643875552,-0.0021512682844709915
aroon_up_100_pctrank2000,aroon_up,momentum,momentum,254999,129597,125402,-0.003725508482332482,0.0005261488772939261,-0.00826959918427578
aroon_up_100_pctrank2000,aroon_up,momentum,reversion,27416,14565,12851,-0.0007467487106409716,0.01387624696296702,-0.0179993227164897
aroon_down_10_pctrank500,aroon_down,momentum,momentum,255876,92652,163224,-0.015818623120366988,0.01290025833774191,-0.030933475760043513
aroon_down_10_pctrank500,aroon_down,momentum,reversion,204180,112690,91490,-0.007317650151789913,-0.0036166383334698647,-0.01161890424129167
aroon_down_10_pctrank2000,aroon_down,momentum,momentum,255105,92668,162437,-0.01605594258663967,0.01212255414769844,-0.031194461546635167
aroon_down_10_pctrank2000,aroon_down,momentum,reversion,203407,112416,90991,-0.007921021284416583,-0.0029513553607448586,-0.013681857459264883
aroon_down_20_pctrank500,aroon_down,momentum,momentum,255910,115230,140680,-0.011325020269642097,0.01732786965762241,-0.03340094659915717
aroon_down_20_pctrank500,aroon_down,momentum,reversion,120558,70028,50530,-0.005772126113863315,0.0016273602954672561,-0.01516695094279768
aroon_down_20_pctrank2000,aroon_down,momentum,momentum,255234,115570,139664,-0.010887178859649592,0.018712416076336353,-0.03416484997960585
aroon_down_20_pctrank2000,aroon_down,momentum,reversion,117556,68029,49527,-0.004248748183053375,0.0047501983021250764,-0.01586647971618878
aroon_down_50_pctrank500,aroon_down,momentum,momentum,255473,124520,130953,-0.008334668467142281,0.014647498460720904,-0.029194415883496746
aroon_down_50_pctrank500,aroon_down,momentum,reversion,55942,33683,22259,0.0031887055911461334,0.014238307003719964,-0.011592370253329962
aroon_down_50_pctrank2000,aroon_down,momentum,momentum,255240,124935,130305,-0.008622778999822901,0.011177557046798006,-0.02677819581591134
aroon_down_50_pctrank2000,aroon_down,momentum,reversion,52354,30996,21358,0.006725542518584288,0.014580351389585437,-0.0032414127923498202
aroon_down_100_pctrank500,aroon_down,momentum,momentum,256425,127239,129186,-0.008103892482505051,0.004960375692082042,-0.0204084059586171
aroon_down_100_pctrank500,aroon_down,momentum,reversion,32151,19975,12176,0.007692484765576422,0.0005231340512992301,0.01779586757506272
aroon_down_100_pctrank2000,aroon_down,momentum,momentum,255292,126909,128383,-0.007249155048052009,0.003938937940957054,-0.01783982355562637
aroon_down_100_pctrank2000,aroon_down,momentum,reversion,27857,16737,11120,0.004516173539073121,0.003782406893661684,0.005505055313857074
parkinson_vol_10_pctrank500,parkinson_vol,volatility,momentum,256126,128676,127450,-0.0012869977703295005,0.007155818830723372,-0.009601762529922942
parkinson_vol_10_pctrank500,parkinson_vol,volatility,reversion,41393,23390,18003,0.016537139236057173,0.028259014567838997,0.006847688421843406
parkinson_vol_10_pctrank2000,parkinson_vol,volatility,momentum,255939,128495,127444,6.4032952195236695e-06,0.0024206330472629207,-0.0023595998359557066
parkinson_vol_10_pctrank2000,parkinson_vol,volatility,reversion,40319,22728,17591,0.002513270214911405,0.013652585859835786,-0.007901905678553004
parkinson_vol_20_pctrank500,parkinson_vol,volatility,momentum,257046,129344,127702,-0.0024355783604282067,0.004626171582790586,-0.009480390267143014
parkinson_vol_20_pctrank500,parkinson_vol,volatility,reversion,25379,14825,10554,0.017508024257551724,0.022668032971766734,0.011967871759277486
parkinson_vol_20_pctrank2000,parkinson_vol,volatility,momentum,256166,129027,127139,-0.0005216801641534189,0.0008168347602086366,-0.0018366171851808344
parkinson_vol_20_pctrank2000,parkinson_vol,volatility,reversion,24081,13861,10220,0.014201074458272218,0.019919640862426653,0.007781554305446849
parkinson_vol_50_pctrank500,parkinson_vol,volatility,momentum,257720,129516,128204,-0.004132003435540207,0.005250216005174261,-0.013493547804836884
parkinson_vol_50_pctrank500,parkinson_vol,volatility,reversion,15465,9121,6344,0.012055194303063246,0.01806927304957162,0.0048666174372783795
parkinson_vol_50_pctrank2000,parkinson_vol,volatility,momentum,255738,128520,127218,-0.0011179304247883465,-0.0019446516069091277,-0.0003052517859254971
parkinson_vol_50_pctrank2000,parkinson_vol,volatility,reversion,13456,7903,5553,0.009201016854202314,0.02533700668059506,-0.013420503428874063
parkinson_vol_100_pctrank500,parkinson_vol,volatility,momentum,256591,128928,127663,-0.0038436948759990454,0.008089626703280695,-0.01580087183409119
parkinson_vol_100_pctrank500,parkinson_vol,volatility,reversion,10937,6390,4547,-0.0001520240605945426,0.002664514652786397,-0.004387635974364125
parkinson_vol_100_pctrank2000,parkinson_vol,volatility,momentum,255042,128125,126917,-0.0014963321483224855,0.002952619782695835,-0.005862914432179568
parkinson_vol_100_pctrank2000,parkinson_vol,volatility,reversion,8927,5225,3702,0.017957855688254202,0.026242184878196018,0.004481696378326864
garman_klass_vol_10_pctrank500,garman_klass_vol,volatility,momentum,257330,129318,128012,-0.0009898482463124815,0.0057097534997639,-0.007599825102597915
garman_klass_vol_10_pctrank500,garman_klass_vol,volatility,reversion,39940,22649,17291,0.006924237583060393,0.017316867712539742,-0.0018247670685663713
garman_klass_vol_10_pctrank2000,garman_klass_vol,volatility,momentum,256204,128737,127467,6.558826398724578e-05,0.002950781492621176,-0.0027627755909940327
garman_klass_vol_10_pctrank2000,garman_klass_vol,volatility,reversion,38678,21781,16897,0.008962940968406035,0.02327531962950238,-0.003925001271493719
garman_klass_vol_20_pctrank500,garman_klass_vol,volatility,momentum,258349,129926,128423,-0.0016346168236526337,0.0015937336007772608,-0.004854471071190078
garman_klass_vol_20_pctrank500,garman_klass_vol,volatility,reversion,24544,14219,10325,0.01818791739272487,0.023235992684772694,0.013060647841876495
garman_klass_vol_20_pctrank2000,garman_klass_vol,volatility,momentum,256282,129061,127221,-0.0003170819342084955,0.0006295344912847199,-0.0012474348382121739
garman_klass_vol_20_pctrank2000,garman_klass_vol,volatility,reversion,23211,13300,9911,0.011308393344472678,0.014923291600343218,0.007463624419692758
garman_klass_vol_50_pctrank500,garman_klass_vol,volatility,momentum,257096,129314,127782,-0.0029003987629887106,0.005570766368973946,-0.011341829799815812
garman_klass_vol_50_pctrank500,garman_klass_vol,volatility,reversion,15079,8818,6261,0.006365341607787833,0.016411892857659642,-0.005556105936037283
garman_klass_vol_50_pctrank2000,garman_klass_vol,volatility,momentum,255965,128505,127460,-0.0011279547632088046,-0.0024304076855016753,0.00014799006733876426
garman_klass_vol_50_pctrank2000,garman_klass_vol,volatility,reversion,13300,7816,5484,0.005414390728836829,0.021660194365504933,-0.017123385658995682
garman_klass_vol_100_pctrank500,garman_klass_vol,volatility,momentum,255663,128368,127295,-0.004018965320317177,0.01026576333235721,-0.018304433932461697
garman_klass_vol_100_pctrank500,garman_klass_vol,volatility,reversion,10659,6141,4518,-0.010168249747533366,-0.013881997569652863,-0.005062204369062697
garman_klass_vol_100_pctrank2000,garman_klass_vol,volatility,momentum,254714,127900,126814,-0.0019818509483471715,0.0025685759413582292,-0.0064570048725054174
garman_klass_vol_100_pctrank2000,garman_klass_vol,volatility,reversion,8741,5074,3667,0.005535007128926073,0.023821830038021262,-0.023054457506581624
linreg_r2_10_pctrank500,linreg_r2,trend_strength,momentum,256055,128742,127313,-0.008447176541654989,0.0016221691676425272,-0.01839282288456571
linreg_r2_10_pctrank500,linreg_r2,trend_strength,reversion,200349,128683,71666,0.0035637530212699335,0.00814537259094085,-0.004491486418986719
linreg_r2_10_pctrank2000,linreg_r2,trend_strength,momentum,254540,128017,126523,-0.007948754909064413,0.0024209695880551617,-0.01824163622800004
linreg_r2_10_pctrank2000,linreg_r2,trend_strength,reversion,200056,128698,71358,0.003151600699875907,0.007988907643051602,-0.005371340770217858
linreg_r2_20_pctrank500,linreg_r2,trend_strength,momentum,257555,129396,128159,-0.011956610428972088,-0.0037827429779787843,-0.020044990247880274
linreg_r2_20_pctrank500,linreg_r2,trend_strength,reversion,105560,68213,37347,-0.0002251337835268893,0.004687315741737693,-0.00943513113271087
linreg_r2_20_pctrank2000,linreg_r2,trend_strength,momentum,255234,128178,127056,-0.01173003649582322,-0.004146001783520412,-0.019243496272086734
linreg_r2_20_pctrank2000,linreg_r2,trend_strength,reversion,104787,67850,36937,-0.0005553172991323357,0.005459197694198181,-0.011945318670883826
linreg_r2_50_pctrank500,linreg_r2,trend_strength,momentum,257164,129170,127994,-0.0075041832493079556,0.009634065728192339,-0.024768944765604626
linreg_r2_50_pctrank500,linreg_r2,trend_strength,reversion,43197,27869,15328,0.001406258616117676,0.010240007838904882,-0.01489279028824379
linreg_r2_50_pctrank2000,linreg_r2,trend_strength,momentum,254887,127874,127013,-0.007738539294207073,0.010383791285752139,-0.025823676191830625
linreg_r2_50_pctrank2000,linreg_r2,trend_strength,reversion,42161,27407,14754,-0.0010272210741911266,0.010536120825064636,-0.02263130605782628
linreg_r2_100_pctrank500,linreg_r2,trend_strength,momentum,255173,127617,127556,-0.006731366278353071,0.00859688220675088,-0.021876042415501236
linreg_r2_100_pctrank500,linreg_r2,trend_strength,reversion,21917,13940,7977,0.006369753401069676,0.006781004044336602,0.005674273799601092
linreg_r2_100_pctrank2000,linreg_r2,trend_strength,momentum,254904,127496,127408,-0.007797573442210105,0.0022369972936982945,-0.01776615091881429
linreg_r2_100_pctrank2000,linreg_r2,trend_strength,reversion,21069,13533,7536,0.004721109743989674,0.006899067343200543,0.0009579643113189433
avg_gap_10_pctrank500,avg_gap,price_action,momentum,256454,129258,127196,-0.004570759964274695,0.008414425662150291,-0.01735676039745164
avg_gap_10_pctrank500,avg_gap,price_action,reversion,93941,51262,42679,0.00020910090589084822,0.012172176494035177,-0.01270452814297758
avg_gap_10_pctrank2000,avg_gap,price_action,momentum,254475,128201,126274,-0.004894769748707125,0.006526991487978948,-0.01612086179468776
avg_gap_10_pctrank2000,avg_gap,price_action,reversion,92105,50479,41626,0.0009594784728481538,0.008328951122239026,-0.007074473833733357
avg_gap_20_pctrank500,avg_gap,price_action,momentum,255642,128677,126965,-0.005635371992612948,0.00904329164135853,-0.020077954870064682
avg_gap_20_pctrank500,avg_gap,price_action,reversion,59955,33600,26355,0.003779450310052219,0.0069928113658169555,8.351908491337665e-05
avg_gap_20_pctrank2000,avg_gap,price_action,momentum,254129,128030,126099,-0.003916217066120625,0.005411856623789101,-0.013049819434651617
avg_gap_20_pctrank2000,avg_gap,price_action,reversion,57490,32373,25117,0.002303812263426724,0.008912512414593112,-0.005282129438990475
avg_gap_50_pctrank500,avg_gap,price_action,momentum,254004,128048,125956,-0.005961405716401595,0.013467342226852924,-0.025539096653274206
avg_gap_50_pctrank500,avg_gap,price_action,reversion,33143,19623,13520,0.005761349034845753,0.011730430423578093,-0.0026302726129694633
avg_gap_50_pctrank2000,avg_gap,price_action,momentum,254102,128205,125897,-0.004270495624731226,0.010680488238509799,-0.019041948972550533
avg_gap_50_pctrank2000,avg_gap,price_action,reversion,30699,18118,12581,0.0022757001337581667,0.006075381881423517,-0.0032155163601721446
avg_gap_100_pctrank500,avg_gap,price_action,momentum,254925,128305,126620,-0.00352509595892183,0.016745696724878405,-0.02331414101643521
avg_gap_100_pctrank500,avg_gap,price_action,reversion,22886,13356,9530,0.001785905927454896,0.004721118249982915,-0.003237443357569718
avg_gap_100_pctrank2000,avg_gap,price_action,momentum,253600,127664,125936,-0.0010126830901050988,0.018055534308428847,-0.019608916536330016
avg_gap_100_pctrank2000,avg_gap,price_action,reversion,19942,11757,8185,-0.0009227167843713381,0.009034148894660652,-0.01690482652951227
macd_hist,macd_hist,momentum,momentum,255769,145687,110082,-0.004177619414092598,-0.0035136114869093625,-0.005057425433295339
macd_hist,macd_hist,momentum,reversion,65922,33328,32594,0.0037110729999568315,0.010000886795920112,-0.0026026647410360474
streak_length,streak_length,price_action,momentum,285434,144044,141390,-0.012442516869209691,-0.000857877903272287,-0.023845807698858957
streak_length,streak_length,price_action,reversion,71685,0,71685,-0.0033821230475815952,,-0.0033821230475815952
hour,hour,other,momentum,285403,143033,142370,-0.017300457132401963,0.012062483572014494,-0.04669935948793659
hour,hour,other,reversion,9521,4737,4784,0.002279554931610403,0.013033967246124559,-0.004077553166361649
