dt,TT30,HA1H,WK1H,TT30+HA1H,三策略
2008-12-31,0.0,0.0,0.0,0.0,0.0
2009-01-01,0.0,0.0,0.0,0.0,0.0
2009-01-02,0.0,0.0,0.0,0.0,0.0
2009-01-03,0.0,0.0,0.0,0.0,0.0
2009-01-04,0.0,0.0,0.0,0.0,0.0
2009-01-05,0.0,0.0,0.0,0.0,0.0
2009-01-06,0.0,0.0,0.0,0.0,0.0
2009-01-07,0.0,0.0,0.0,0.0,0.0
2009-01-08,0.0,0.0,0.0,0.0,0.0
2009-01-09,-19.015999999999988,0.0,0.0,-19.015999999999988,-19.015999999999988
2009-01-10,-19.015999999999988,0.0,0.0,-19.015999999999988,-19.015999999999988
2009-01-11,-19.015999999999988,0.0,0.0,-19.015999999999988,-19.015999999999988
2009-01-12,4.671999999999979,0.0,0.0,4.671999999999979,4.671999999999979
2009-01-13,8.322000000000024,0.0,0.0,8.322000000000024,8.322000000000024
2009-01-14,0.825999999999997,0.0,0.0,0.825999999999997,0.825999999999997
2009-01-15,0.7640000000000533,0.0,0.0,0.7640000000000533,0.7640000000000533
2009-01-16,24.862000000000076,0.0,7.22800000000002,24.862000000000076,32.090000000000096
2009-01-17,22.543000000000006,0.0,7.22800000000002,22.543000000000006,29.771000000000026
2009-01-18,23.342000000000013,0.0,7.5990000000000695,23.342000000000013,30.94100000000008
2009-01-19,12.151999999999914,0.0,3.0040000000001106,12.151999999999914,15.156000000000024
2009-01-20,17.634999999999884,0.0,9.244000000000074,17.634999999999884,26.878999999999955
2009-01-21,2.219999999999944,0.0,-0.5570000000000164,2.219999999999944,1.6629999999999256
2009-01-22,-6.234000000000053,0.0,-0.5570000000000164,-6.234000000000053,-6.791000000000071
2009-01-23,25.20299999999991,0.0,29.62999999999995,25.20299999999991,54.832999999999856
2009-01-24,24.33299999999991,0.0,29.62999999999995,24.33299999999991,53.96299999999986
2009-01-25,24.20499999999996,0.0,29.62999999999995,24.20499999999996,53.83499999999991
2009-01-26,2.523000000000035,0.0,22.249999999999908,2.523000000000035,24.772999999999943
2009-01-27,6.267000000000017,0.0,22.249999999999908,6.267000000000017,28.516999999999925
2009-01-28,11.934000000000001,0.0,22.249999999999908,11.934000000000001,34.18399999999991
2009-01-29,14.2000000000001,0.0,6.505999999999947,14.2000000000001,20.706000000000053
2009-01-30,36.2700000000001,0.0,11.720999999999933,36.2700000000001,47.99100000000004
2009-01-31,36.2700000000001,0.0,11.720999999999933,36.2700000000001,47.99100000000004
2009-02-01,35.94500000000013,0.0,11.720999999999933,35.94500000000013,47.66600000000007
2009-02-02,48.401000000000096,0.0,11.720999999999933,48.401000000000096,60.12200000000004
2009-02-03,38.731000000000094,0.0,11.720999999999933,38.731000000000094,50.45200000000004
2009-02-04,38.731000000000094,0.0,11.720999999999933,38.731000000000094,50.45200000000004
2009-02-05,38.66700000000009,0.0,11.720999999999933,38.66700000000009,50.388000000000034
2009-02-06,38.66700000000009,0.0,11.720999999999933,38.66700000000009,50.388000000000034
2009-02-07,38.66700000000009,0.0,11.720999999999933,38.66700000000009,50.388000000000034
2009-02-08,38.66700000000009,0.0,11.720999999999933,38.66700000000009,50.388000000000034
2009-02-09,48.08600000000014,0.0,10.8309999999999,48.08600000000014,58.91700000000005
2009-02-10,51.29200000000018,0.0,10.8309999999999,51.29200000000018,62.12300000000009
2009-02-11,63.922000000000196,0.0,27.484999999999964,63.922000000000196,91.40700000000018
2009-02-12,63.922000000000196,0.0,27.484999999999964,63.922000000000196,91.40700000000018
2009-02-13,56.72800000000031,0.0,27.484999999999964,56.72800000000031,84.21300000000029
2009-02-14,56.72800000000031,0.0,27.484999999999964,56.72800000000031,84.21300000000029
2009-02-15,56.72800000000031,0.0,27.484999999999964,56.72800000000031,84.21300000000029
2009-02-16,56.72800000000031,0.0,27.484999999999964,56.72800000000031,84.21300000000029
2009-02-17,74.31100000000035,0.0,40.56699999999991,74.31100000000035,114.87800000000027
2009-02-18,74.31100000000035,0.0,40.56699999999991,74.31100000000035,114.87800000000027
2009-02-19,74.31100000000035,0.0,40.56699999999991,74.31100000000035,114.87800000000027
2009-02-20,70.2010000000004,0.0,40.56699999999991,70.2010000000004,110.76800000000033
2009-02-21,70.2010000000004,0.0,40.56699999999991,70.2010000000004,110.76800000000033
2009-02-22,70.2010000000004,0.0,40.56699999999991,70.2010000000004,110.76800000000033
2009-02-23,55.66800000000035,0.0,40.56699999999991,55.66800000000035,96.23500000000027
2009-02-24,52.936000000000334,0.0,36.62399999999988,52.936000000000334,89.56000000000023
2009-02-25,48.55500000000043,0.0,48.42399999999991,48.55500000000043,96.97900000000035
2009-02-26,45.731000000000435,0.0,48.40399999999988,45.731000000000435,94.13500000000033
2009-02-27,45.731000000000435,0.0,45.2859999999999,45.731000000000435,91.01700000000035
2009-02-28,45.731000000000435,0.0,45.2859999999999,45.731000000000435,91.01700000000035
2009-03-01,45.731000000000435,0.0,45.2859999999999,45.731000000000435,91.01700000000035
2009-03-02,36.92900000000032,0.0,51.76199999999997,36.92900000000032,88.6910000000003
2009-03-03,47.67400000000028,0.0,60.70000000000003,47.67400000000028,108.37400000000031
2009-03-04,47.67400000000028,0.0,60.70000000000003,47.67400000000028,108.37400000000031
2009-03-05,52.75800000000018,0.0,60.70000000000003,52.75800000000018,113.45800000000021
2009-03-06,59.29900000000008,0.0,60.70000000000003,59.29900000000008,119.99900000000011
2009-03-07,59.29900000000008,0.0,60.70000000000003,59.29900000000008,119.99900000000011
2009-03-08,59.29900000000008,0.0,60.70000000000003,59.29900000000008,119.99900000000011
2009-03-09,56.09400000000011,0.0,60.70000000000003,56.09400000000011,116.79400000000014
2009-03-10,77.85100000000013,0.0,65.43099999999998,77.85100000000013,143.2820000000001
2009-03-11,64.67,0.0,53.592,64.67,118.26199999999997
2009-03-12,61.40699999999999,0.0,53.592,61.40699999999999,114.99899999999997
2009-03-13,53.66099999999996,0.0,53.592,53.66099999999996,107.25299999999994
2009-03-14,53.66099999999996,0.0,53.592,53.66099999999996,107.25299999999994
2009-03-15,53.66099999999996,0.0,53.592,53.66099999999996,107.25299999999994
2009-03-16,41.79200000000002,0.0,53.592,41.79200000000002,95.384
2009-03-17,41.79200000000002,0.0,53.592,41.79200000000002,95.384
2009-03-18,13.643000000000047,0.0,12.902999999999992,13.643000000000047,26.54600000000002
2009-03-19,34.04800000000009,0.0,13.669000000000022,34.04800000000009,47.71700000000009
2009-03-20,33.44600000000007,0.0,13.669000000000022,33.44600000000007,47.11500000000007
2009-03-21,33.44600000000007,0.0,13.669000000000022,33.44600000000007,47.11500000000007
2009-03-22,33.44600000000007,0.0,13.669000000000022,33.44600000000007,47.11500000000007
2009-03-23,33.44600000000007,0.0,13.669000000000022,33.44600000000007,47.11500000000007
2009-03-24,30.999999999999996,0.0,13.669000000000022,30.999999999999996,44.669000000000004
2009-03-25,30.999999999999996,0.0,13.669000000000022,30.999999999999996,44.669000000000004
2009-03-26,21.514999999999937,0.0,13.669000000000022,21.514999999999937,35.18399999999994
2009-03-27,21.514999999999937,0.0,13.669000000000022,21.514999999999937,35.18399999999994
2009-03-28,21.514999999999937,0.0,13.669000000000022,21.514999999999937,35.18399999999994
2009-03-29,21.514999999999937,0.0,13.669000000000022,21.514999999999937,35.18399999999994
2009-03-30,21.514999999999937,0.0,-2.110999999999928,21.514999999999937,19.40399999999999
2009-03-31,21.514999999999937,0.0,-2.110999999999928,21.514999999999937,19.40399999999999
2009-04-01,15.600999999999903,0.0,-2.110999999999928,15.600999999999903,13.489999999999956
2009-04-02,25.206999999999965,0.0,-3.786999999999904,25.206999999999965,21.42000000000004
2009-04-03,25.206999999999965,0.0,-3.786999999999904,25.206999999999965,21.42000000000004
2009-04-04,25.206999999999965,0.0,-3.786999999999904,25.206999999999965,21.42000000000004
2009-04-05,25.206999999999965,0.0,-3.786999999999904,25.206999999999965,21.42000000000004
2009-04-06,42.33999999999996,0.0,6.552000000000105,42.33999999999996,48.89200000000004
2009-04-07,42.384000000000015,0.0,-2.821999999999851,42.384000000000015,39.56200000000013
2009-04-08,35.11399999999999,0.0,-2.821999999999851,35.11399999999999,32.2920000000001
2009-04-09,35.11399999999999,0.0,-2.821999999999851,35.11399999999999,32.2920000000001
2009-04-10,32.430999999999955,0.0,-2.821999999999851,32.430999999999955,29.609000000000062
2009-04-11,32.430999999999955,0.0,-2.821999999999851,32.430999999999955,29.609000000000062
2009-04-12,32.430999999999955,0.0,-2.821999999999851,32.430999999999955,29.609000000000062
2009-04-13,41.31999999999992,0.0,1.814000000000184,41.31999999999992,43.13400000000006
2009-04-14,40.8189999999999,0.0,-6.364999999999836,40.8189999999999,34.454000000000015
2009-04-15,40.8189999999999,0.0,-6.364999999999836,40.8189999999999,34.454000000000015
2009-04-16,42.70299999999999,0.0,-2.1849999999998184,42.70299999999999,40.518000000000114
2009-04-17,50.60900000000001,0.0,6.7220000000001745,50.60900000000001,57.331000000000124
2009-04-18,50.60900000000001,0.0,6.7220000000001745,50.60900000000001,57.331000000000124
2009-04-19,50.60900000000001,0.0,6.7220000000001745,50.60900000000001,57.331000000000124
2009-04-20,57.23200000000001,0.0,6.7220000000001745,57.23200000000001,63.95400000000012
2009-04-21,54.605999999999995,0.0,-3.278999999999848,54.605999999999995,51.327000000000076
2009-04-22,54.605999999999995,0.0,-3.278999999999848,54.605999999999995,51.327000000000076
2009-04-23,58.09299999999992,0.0,6.250000000000152,58.09299999999992,64.34299999999999
2009-04-24,60.58999999999995,0.0,14.121000000000178,60.58999999999995,74.71100000000004
2009-04-25,60.58999999999995,0.0,13.369000000000117,60.58999999999995,73.95899999999997
2009-04-26,60.58999999999995,0.0,13.205000000000107,60.58999999999995,73.79499999999996
2009-04-27,55.817999999999856,0.0,2.5880000000000987,55.817999999999856,58.405999999999864
2009-04-28,59.12299999999985,0.0,2.5880000000000987,59.12299999999985,61.710999999999856
2009-04-29,59.12299999999985,0.0,2.5880000000000987,59.12299999999985,61.710999999999856
2009-04-30,52.42799999999987,0.0,2.5880000000000987,52.42799999999987,55.01599999999988
2009-05-01,52.42799999999987,0.0,2.5880000000000987,52.42799999999987,55.01599999999988
2009-05-02,52.42799999999987,0.0,2.5880000000000987,52.42799999999987,55.01599999999988
2009-05-03,52.42799999999987,0.0,2.5880000000000987,52.42799999999987,55.01599999999988
2009-05-04,47.27799999999991,0.0,0.6470000000001361,47.27799999999991,47.92499999999996
2009-05-05,36.74899999999987,0.0,-6.0549999999997945,36.74899999999987,30.69399999999999
2009-05-06,36.74899999999987,0.0,-6.0549999999997945,36.74899999999987,30.69399999999999
2009-05-07,30.362999999999854,0.0,-12.224999999999863,30.362999999999854,18.137999999999906
2009-05-08,30.362999999999854,0.0,-12.374999999999863,30.362999999999854,17.987999999999907
2009-05-09,30.362999999999854,0.0,-12.374999999999863,30.362999999999854,17.987999999999907
2009-05-10,30.362999999999854,0.0,-12.374999999999863,30.362999999999854,17.987999999999907
2009-05-11,30.362999999999854,0.0,-12.374999999999863,30.362999999999854,17.987999999999907
2009-05-12,30.362999999999854,0.0,-12.374999999999863,30.362999999999854,17.987999999999907
2009-05-13,27.96699999999985,0.0,-12.374999999999863,27.96699999999985,15.591999999999903
2009-05-14,27.96699999999985,0.0,-12.374999999999863,27.96699999999985,15.591999999999903
2009-05-15,27.96699999999985,0.0,-14.897999999999818,27.96699999999985,13.068999999999946
2009-05-16,27.96699999999985,0.0,-14.897999999999818,27.96699999999985,13.068999999999946
2009-05-17,27.96699999999985,0.0,-14.897999999999818,27.96699999999985,13.068999999999946
2009-05-18,37.516999999999896,0.0,-14.897999999999818,37.516999999999896,22.618999999999993
2009-05-19,32.204999999999956,0.0,-21.156999999999766,32.204999999999956,11.048000000000103
2009-05-20,30.323999999999938,0.0,-22.545999999999708,30.323999999999938,7.778000000000144
2009-05-21,30.987999999999946,0.0,-6.27299999999973,30.987999999999946,24.71500000000013
2009-05-22,34.579999999999885,0.0,-2.5509999999996813,34.579999999999885,32.02900000000012
2009-05-23,34.579999999999885,0.0,-2.5509999999996813,34.579999999999885,32.02900000000012
2009-05-24,34.579999999999885,0.0,-2.5509999999996813,34.579999999999885,32.02900000000012
2009-05-25,31.84999999999982,0.0,-2.5509999999996813,31.84999999999982,29.299000000000053
2009-05-26,30.9449999999998,0.0,-2.5509999999996813,30.9449999999998,28.394000000000034
2009-05-27,26.405999999999768,0.0,-2.5509999999996813,26.405999999999768,23.855
2009-05-28,16.896999999999665,0.0,-7.7419999999997575,16.896999999999665,9.15499999999982
2009-05-29,31.16299999999958,0.0,1.9640000000002136,31.16299999999958,33.12699999999971
2009-05-30,31.16299999999958,0.0,1.3470000000002562,31.16299999999958,32.509999999999756
2009-05-31,31.16299999999958,0.0,1.2460000000002345,31.16299999999958,32.408999999999736
2009-06-01,32.81299999999958,0.0,1.2460000000002345,32.81299999999958,34.058999999999735
2009-06-02,25.059999999999608,0.0,1.2460000000002345,25.059999999999608,26.30599999999976
2009-06-03,33.149999999999594,0.0,1.044000000000191,33.149999999999594,34.193999999999704
2009-06-04,26.40299999999959,0.0,-15.43599999999976,26.40299999999959,10.96699999999975
2009-06-05,33.14499999999962,0.0,-7.593999999999708,33.14499999999962,25.55099999999983
2009-06-06,32.418999999999514,0.0,-7.593999999999708,32.418999999999514,24.824999999999722
2009-06-07,32.283999999999615,0.0,-7.8029999999997,32.283999999999615,24.48099999999983
2009-06-08,23.62599999999962,0.0,-5.289999999999711,23.62599999999962,18.335999999999828
2009-06-09,23.62599999999962,0.0,-6.95899999999974,23.62599999999962,16.6669999999998
2009-06-10,23.62599999999962,0.0,-6.95899999999974,23.62599999999962,16.6669999999998
2009-06-11,23.62599999999962,0.0,-18.065999999999644,23.62599999999962,5.559999999999896
2009-06-12,21.51999999999958,0.0,-11.067999999999643,21.51999999999958,10.451999999999856
2009-06-13,21.51999999999958,0.0,-11.067999999999643,21.51999999999958,10.451999999999856
2009-06-14,21.51999999999958,0.0,-11.366999999999667,21.51999999999958,10.152999999999832
2009-06-15,18.3729999999996,0.0,-4.160999999999581,18.3729999999996,14.211999999999938
2009-06-16,18.3729999999996,0.0,-8.830999999999587,18.3729999999996,9.541999999999932
2009-06-17,18.3729999999996,0.0,-8.830999999999587,18.3729999999996,9.541999999999932
2009-06-18,18.3729999999996,0.0,-8.830999999999587,18.3729999999996,9.541999999999932
2009-06-19,18.3729999999996,0.0,-8.830999999999587,18.3729999999996,9.541999999999932
2009-06-20,18.3729999999996,0.0,-8.830999999999587,18.3729999999996,9.541999999999932
2009-06-21,18.3729999999996,0.0,-8.830999999999587,18.3729999999996,9.541999999999932
2009-06-22,18.82899999999957,0.0,-4.98399999999954,18.82899999999957,13.844999999999953
2009-06-23,15.304999999999637,0.0,-9.011999999999606,15.304999999999637,6.292999999999954
2009-06-24,20.900999999999595,0.0,-9.011999999999606,20.900999999999595,11.88899999999991
2009-06-25,20.900999999999595,0.0,-9.011999999999606,20.900999999999595,11.88899999999991
2009-06-26,15.305999999999635,0.0,-15.043999999999578,15.305999999999635,0.26199999999997914
2009-06-27,15.305999999999635,0.0,-15.043999999999578,15.305999999999635,0.26199999999997914
2009-06-28,15.305999999999635,0.0,-15.043999999999578,15.305999999999635,0.26199999999997914
2009-06-29,13.12199999999962,0.0,-15.043999999999578,13.12199999999962,-1.9220000000000352
2009-06-30,5.7029999999995455,0.0,-15.430999999999568,5.7029999999995455,-9.728000000000097
2009-07-01,4.529999999999566,0.0,-25.85799999999952,4.529999999999566,-21.32800000000003
2009-07-02,1.2529999999995907,0.0,-25.85799999999952,1.2529999999995907,-24.605000000000008
2009-07-03,1.2529999999995907,0.0,-25.85799999999952,1.2529999999995907,-24.605000000000008
2009-07-04,1.2529999999995907,0.0,-25.85799999999952,1.2529999999995907,-24.605000000000008
2009-07-05,1.2529999999995907,0.0,-25.85799999999952,1.2529999999995907,-24.605000000000008
2009-07-06,0.6019999999996596,0.0,-27.72499999999953,0.6019999999996596,-27.122999999999944
2009-07-07,-5.946000000000388,0.0,-32.727999999999504,-5.946000000000388,-38.673999999999964
2009-07-08,-10.393000000000436,0.0,-23.16099999999943,-10.393000000000436,-33.55399999999994
2009-07-09,-12.288000000000462,0.0,-27.765999999999494,-12.288000000000462,-40.05400000000003
2009-07-10,-12.288000000000462,0.0,-27.765999999999494,-12.288000000000462,-40.05400000000003
2009-07-11,-12.288000000000462,0.0,-27.765999999999494,-12.288000000000462,-40.05400000000003
2009-07-12,-12.288000000000462,0.0,-27.765999999999494,-12.288000000000462,-40.05400000000003
2009-07-13,-16.825000000000358,0.0,-27.765999999999494,-16.825000000000358,-44.59099999999993
2009-07-14,-12.76000000000035,0.0,-25.484999999999477,-12.76000000000035,-38.244999999999905
2009-07-15,-4.052000000000312,0.0,-13.43999999999945,-4.052000000000312,-17.49199999999984
2009-07-16,-4.052000000000312,0.0,-16.283999999999498,-4.052000000000312,-20.33599999999989
2009-07-17,-4.052000000000312,0.0,-16.433999999999497,-4.052000000000312,-20.485999999999887
2009-07-18,-4.052000000000312,0.0,-16.433999999999497,-4.052000000000312,-20.485999999999887
2009-07-19,-4.052000000000312,0.0,-16.433999999999497,-4.052000000000312,-20.485999999999887
2009-07-20,3.2229999999997334,0.0,-10.311999999999472,3.2229999999997334,-7.0889999999998174
2009-07-21,3.2229999999997334,0.0,-9.721999999999486,3.2229999999997334,-6.498999999999831
2009-07-22,3.2229999999997334,0.0,-9.721999999999486,3.2229999999997334,-6.498999999999831
2009-07-23,3.2229999999997334,0.0,-9.721999999999486,3.2229999999997334,-6.498999999999831
2009-07-24,3.2229999999997334,0.0,-9.721999999999486,3.2229999999997334,-6.498999999999831
2009-07-25,3.2229999999997334,0.0,-9.721999999999486,3.2229999999997334,-6.498999999999831
2009-07-26,3.2229999999997334,0.0,-9.721999999999486,3.2229999999997334,-6.498999999999831
2009-07-27,0.9609999999997445,0.0,-9.721999999999486,0.9609999999997445,-8.76099999999982
2009-07-28,13.272999999999824,0.0,-3.2189999999994887,13.272999999999824,10.054000000000256
2009-07-29,21.11699999999983,0.0,5.250000000000516,21.11699999999983,26.367000000000267
2009-07-30,21.11699999999983,0.0,1.4360000000005062,21.11699999999983,22.553000000000257
2009-07-31,20.18399999999979,0.0,1.4360000000005062,20.18399999999979,21.620000000000218
2009-08-01,20.18399999999979,0.0,1.4360000000005062,20.18399999999979,21.620000000000218
2009-08-02,19.88399999999979,0.0,1.4360000000005062,19.88399999999979,21.320000000000217
2009-08-03,20.842999999999805,-4.028000000000065,1.4360000000005062,16.814999999999742,18.251000000000168
2009-08-04,13.54899999999989,-1.621000000000072,1.4360000000005062,11.927999999999821,13.364000000000248
2009-08-05,13.54899999999989,-3.3790000000000417,1.4360000000005062,10.169999999999852,11.606000000000279
2009-08-06,5.7969999999998905,-7.610000000000083,1.4360000000005062,-1.8130000000001871,-0.37699999999976086
2009-08-07,5.7969999999998905,-7.610000000000083,1.4360000000005062,-1.8130000000001871,-0.37699999999976086
2009-08-08,5.7969999999998905,-7.610000000000083,1.4360000000005062,-1.8130000000001871,-0.37699999999976086
2009-08-09,5.521999999999982,-7.610000000000083,1.4360000000005062,-2.088000000000096,-0.65199999999967
2009-08-10,3.405999999999905,-7.610000000000083,0.3980000000005637,-4.204000000000173,-3.805999999999689
2009-08-11,1.2459999999998916,-7.610000000000083,-0.7389999999994252,-6.364000000000186,-7.102999999999692
2009-08-12,1.2459999999998916,-7.610000000000083,-0.7389999999994252,-6.364000000000186,-7.102999999999692
2009-08-13,-1.9750000000001573,-7.610000000000083,-0.7389999999994252,-9.585000000000235,-10.32399999999974
2009-08-14,-3.0760000000002017,-7.610000000000083,-0.7389999999994252,-10.68600000000028,-11.424999999999784
2009-08-15,-3.0760000000002017,-7.610000000000083,-0.7389999999994252,-10.68600000000028,-11.424999999999784
2009-08-16,-3.377000000000178,-7.610000000000083,-0.7389999999994252,-10.987000000000258,-11.725999999999761
2009-08-17,10.206999999999836,-5.815000000000169,2.8410000000005704,4.391999999999669,7.23300000000016
2009-08-18,10.206999999999836,-8.58400000000022,0.07200000000051965,1.6229999999996183,1.695000000000059
2009-08-19,10.206999999999836,-17.00900000000022,0.07200000000051965,-6.802000000000382,-6.729999999999942
2009-08-20,10.206999999999836,-17.00900000000022,0.07200000000051965,-6.802000000000382,-6.729999999999942
2009-08-21,7.792999999999803,-17.00900000000022,-0.6219999999994857,-9.216000000000415,-9.83799999999998
2009-08-22,7.3239999999997565,-17.00900000000022,-0.6219999999994857,-9.68500000000046,-10.307000000000025
2009-08-23,7.120999999999759,-17.00900000000022,-0.6219999999994857,-9.888000000000458,-10.510000000000023
2009-08-24,7.120999999999759,-17.00900000000022,-0.6219999999994857,-9.888000000000458,-10.510000000000023
2009-08-25,-0.6010000000002664,-17.00900000000022,-0.6219999999994857,-17.610000000000483,-18.23200000000005
2009-08-26,-0.6010000000002664,-17.00900000000022,-0.6219999999994857,-17.610000000000483,-18.23200000000005
2009-08-27,-0.6010000000002664,-17.00900000000022,-0.6219999999994857,-17.610000000000483,-18.23200000000005
2009-08-28,-4.181000000000353,-17.00900000000022,-0.6219999999994857,-21.19000000000057,-21.812000000000136
2009-08-29,-4.181000000000353,-17.00900000000022,-0.6219999999994857,-21.19000000000057,-21.812000000000136
2009-08-30,-4.181000000000353,-17.00900000000022,-0.6219999999994857,-21.19000000000057,-21.812000000000136
2009-08-31,-13.808000000000396,-17.00900000000022,-0.6219999999994857,-30.81700000000061,-31.439000000000178
2009-09-01,-13.808000000000396,-17.00900000000022,-0.6219999999994857,-30.81700000000061,-31.439000000000178
2009-09-02,-1.1150000000003448,-2.4130000000001495,13.974000000000585,-3.528000000000489,10.446000000000012
2009-09-03,13.947999999999597,11.876999999999882,28.264000000000614,25.824999999999484,54.08900000000001
2009-09-04,13.947999999999597,11.42799999999988,27.815000000000612,25.375999999999483,53.19100000000001
2009-09-05,13.947999999999597,11.42799999999988,27.815000000000612,25.375999999999483,53.19100000000001
2009-09-06,13.947999999999597,11.12799999999988,27.815000000000612,25.075999999999482,52.89100000000001
2009-09-07,13.947999999999597,11.325999999999926,27.815000000000612,25.27399999999953,53.08900000000006
2009-09-08,2.985999999999562,9.236999999999938,16.660000000000593,12.222999999999505,28.88300000000002
2009-09-09,3.132999999999565,-0.779000000000071,16.660000000000593,2.3539999999994983,19.014000000000014
2009-09-10,1.230999999999589,2.265999999999956,5.152000000000623,3.4969999999995496,8.649000000000093
2009-09-11,1.230999999999589,11.84499999999986,5.152000000000623,13.075999999999453,18.227999999999998
2009-09-12,1.230999999999589,11.84499999999986,5.152000000000623,13.075999999999453,18.227999999999998
2009-09-13,1.230999999999589,11.493999999999815,5.152000000000623,12.724999999999408,17.876999999999953
2009-09-14,2.321999999999552,3.057999999999847,5.152000000000623,5.379999999999403,10.531999999999947
2009-09-15,2.321999999999552,10.856999999999893,5.152000000000623,13.17899999999945,18.330999999999992
2009-09-16,9.61899999999953,20.15599999999994,6.426000000000692,29.774999999999473,36.201000000000086
2009-09-17,7.026999999999501,15.66399999999993,-0.06699999999929229,22.690999999999434,22.624000000000063
2009-09-18,2.0319999999995195,8.126999999999963,-0.06699999999929229,10.158999999999487,10.092000000000116
2009-09-19,1.3469999999994648,8.126999999999963,-0.06699999999929229,9.473999999999434,9.407000000000062
2009-09-20,1.2339999999994995,8.126999999999963,-0.06699999999929229,9.360999999999468,9.294000000000096
2009-09-21,-0.2960000000005185,8.126999999999963,0.5120000000006127,7.83099999999945,8.342999999999984
2009-09-22,3.034999999999567,6.186000000000001,-10.133999999999391,9.220999999999574,-0.9129999999998972
2009-09-23,3.034999999999567,-3.5779999999999417,-10.133999999999391,-0.5430000000003687,-10.67699999999984
2009-09-24,7.260999999999633,-3.5779999999999417,-6.911999999999457,3.682999999999698,-3.2289999999998393
2009-09-25,2.159999999999589,-3.5779999999999417,-2.7349999999994825,-1.4180000000003465,-4.152999999999909
2009-09-26,2.159999999999589,-3.5779999999999417,-3.3579999999995254,-1.4180000000003465,-4.775999999999952
2009-09-27,2.159999999999589,-3.5779999999999417,-3.089999999999519,-1.4180000000003465,-4.507999999999946
2009-09-28,2.159999999999589,-3.5779999999999417,-5.916999999999563,-1.4180000000003465,-7.334999999999989
2009-09-29,2.159999999999589,-3.5779999999999417,-5.916999999999563,-1.4180000000003465,-7.334999999999989
2009-09-30,7.22699999999955,-3.5779999999999417,-0.47299999999953535,3.6489999999996146,3.1759999999999993
2009-10-01,4.350999999999528,-3.5779999999999417,-6.80999999999957,0.7729999999995929,-6.037000000000057
2009-10-02,4.350999999999528,-3.5779999999999417,-6.80999999999957,0.7729999999995929,-6.037000000000057
2009-10-03,4.350999999999528,-3.5779999999999417,-6.80999999999957,0.7729999999995929,-6.037000000000057
2009-10-04,4.350999999999528,-3.5779999999999417,-6.80999999999957,0.7729999999995929,-6.037000000000057
2009-10-05,5.216999999999423,-3.5779999999999417,-5.9569999999995495,1.6389999999994878,-4.318000000000142
2009-10-06,29.808999999999475,15.135999999999953,19.712000000000387,44.94499999999944,64.65699999999974
2009-10-07,29.653999999999456,17.960999999999952,22.537000000000386,47.61499999999942,70.15199999999972
2009-10-08,19.76899999999942,27.44999999999994,22.537000000000386,47.21899999999937,69.75599999999966
2009-10-09,19.76899999999942,24.663999999999835,22.537000000000386,44.43299999999927,66.96999999999956
2009-10-10,19.76899999999942,24.663999999999835,22.537000000000386,44.43299999999927,66.96999999999956
2009-10-11,19.76899999999942,24.663999999999835,22.537000000000386,44.43299999999927,66.96999999999956
2009-10-12,19.76899999999942,24.663999999999835,22.537000000000386,44.43299999999927,66.96999999999956
2009-10-13,19.76899999999942,23.85999999999993,17.21300000000027,43.628999999999365,60.84199999999954
2009-10-14,19.76899999999942,20.97499999999989,17.21300000000027,40.74399999999933,57.9569999999995
2009-10-15,23.719999999999395,20.97499999999989,16.02000000000024,44.69499999999931,60.71499999999945
2009-10-16,23.719999999999395,20.97499999999989,10.117000000000175,44.69499999999931,54.81199999999939
2009-10-17,23.719999999999395,20.97499999999989,10.117000000000175,44.69499999999931,54.81199999999939
2009-10-18,23.719999999999395,20.97499999999989,10.117000000000175,44.69499999999931,54.81199999999939
2009-10-19,23.719999999999395,20.97499999999989,10.117000000000175,44.69499999999931,54.81199999999939
2009-10-20,24.363999999999535,20.97499999999989,10.117000000000175,45.33899999999945,55.45599999999953
2009-10-21,19.320999999999596,20.97499999999989,10.117000000000175,40.29599999999951,50.412999999999585
2009-10-22,19.320999999999596,20.97499999999989,10.117000000000175,40.29599999999951,50.412999999999585
2009-10-23,18.653999999999634,20.97499999999989,10.117000000000175,39.62899999999955,49.745999999999626
2009-10-24,17.925999999999686,20.97499999999989,10.117000000000175,38.900999999999605,49.01799999999968
2009-10-25,17.79799999999962,20.97499999999989,10.117000000000175,38.77299999999954,48.88999999999962
2009-10-26,22.373999999999555,20.229999999999727,17.736000000000043,42.60399999999931,60.33999999999925
2009-10-27,22.18399999999968,19.585999999999675,17.09199999999999,41.769999999999385,58.86199999999928
2009-10-28,24.910999999999724,28.15699999999954,20.97899999999989,53.067999999999294,74.04699999999909
2009-10-29,26.525999999999915,8.896999999999732,6.241000000000014,35.422999999999675,41.66399999999959
2009-10-30,24.27800000000005,8.896999999999732,6.241000000000014,33.17499999999981,39.41599999999973
2009-10-31,24.27800000000005,8.896999999999732,6.241000000000014,33.17499999999981,39.41599999999973
2009-11-01,24.27800000000005,8.896999999999732,6.241000000000014,33.17499999999981,39.41599999999973
2009-11-02,29.77099999999994,8.896999999999732,10.758999999999997,38.66799999999971,49.4269999999996
2009-11-03,34.01199999999984,15.635999999999719,17.497999999999983,49.647999999999584,67.14599999999947
2009-11-04,43.244999999999735,16.97299999999966,17.497999999999983,60.21799999999943,77.71599999999933
2009-11-05,43.244999999999735,16.97299999999966,17.497999999999983,60.21799999999943,77.71599999999933
2009-11-06,43.244999999999735,16.97299999999966,17.497999999999983,60.21799999999943,77.71599999999933
2009-11-07,43.244999999999735,16.97299999999966,17.497999999999983,60.21799999999943,77.71599999999933
2009-11-08,43.244999999999735,16.97299999999966,17.497999999999983,60.21799999999943,77.71599999999933
2009-11-09,42.82399999999987,12.225999999999544,12.750999999999866,55.04999999999944,67.80099999999922
2009-11-10,38.01499999999986,12.225999999999544,12.750999999999866,50.24099999999943,62.99199999999921
2009-11-11,40.598999999999876,12.225999999999544,13.72799999999991,52.82499999999945,66.55299999999927
2009-11-12,45.419,12.225999999999544,13.72799999999991,57.64499999999957,71.3729999999994
2009-11-13,41.9309999999999,12.225999999999544,13.72799999999991,54.15699999999947,67.8849999999993
2009-11-14,41.9309999999999,12.225999999999544,13.72799999999991,54.15699999999947,67.8849999999993
2009-11-15,41.9309999999999,12.225999999999544,13.72799999999991,54.15699999999947,67.8849999999993
2009-11-16,56.55,9.377999999999542,16.793999999999894,65.92799999999957,82.72199999999937
2009-11-17,56.55,9.377999999999542,16.793999999999894,65.92799999999957,82.72199999999937
2009-11-18,56.55,9.377999999999542,16.793999999999894,65.92799999999957,82.72199999999937
2009-11-19,47.03500000000008,9.377999999999542,16.793999999999894,56.412999999999656,73.20699999999945
2009-11-20,47.03500000000008,9.377999999999542,16.793999999999894,56.412999999999656,73.20699999999945
2009-11-21,47.03500000000008,9.377999999999542,16.793999999999894,56.412999999999656,73.20699999999945
2009-11-22,47.03500000000008,9.377999999999542,16.793999999999894,56.412999999999656,73.20699999999945
2009-11-23,53.69800000000028,2.3269999999995647,15.79799999999998,56.02499999999987,71.82299999999975
2009-11-24,53.69800000000028,2.3269999999995647,15.79799999999998,56.02499999999987,71.82299999999975
2009-11-25,53.69800000000028,5.567999999999505,18.014000000000056,59.26599999999981,77.27999999999977
2009-11-26,43.169000000000466,5.567999999999505,18.014000000000056,48.736999999999995,66.75099999999996
2009-11-27,51.854000000000596,-22.189000000000604,-11.288000000000125,29.665000000000013,18.376999999999796
2009-11-28,51.854000000000596,-22.189000000000604,-11.288000000000125,29.665000000000013,18.376999999999796
2009-11-29,51.854000000000596,-22.189000000000604,-11.288000000000125,29.665000000000013,18.376999999999796
2009-11-30,40.06600000000054,-22.189000000000604,-11.288000000000125,17.876999999999956,6.588999999999739
2009-12-01,40.06600000000054,-22.189000000000604,-11.288000000000125,17.876999999999956,6.588999999999739
2009-12-02,33.82200000000036,-21.136000000000767,-11.288000000000125,12.685999999999607,1.3979999999993904
2009-12-03,32.998000000000246,-21.136000000000767,-11.288000000000125,11.861999999999492,0.5739999999992754
2009-12-04,78.23600000000026,-6.048000000000847,3.7999999999997947,72.18799999999943,75.98799999999913
2009-12-05,77.60900000000042,-6.048000000000847,3.7999999999997947,71.5609999999996,75.3609999999993
2009-12-06,78.47500000000026,-4.973000000000847,4.874999999999795,73.50199999999944,78.37699999999914
2009-12-07,76.06700000000032,-2.1540000000007056,7.693999999999937,73.91299999999964,81.60699999999947
2009-12-08,80.29200000000041,24.359999999999143,32.278999999999925,104.65199999999959,136.93099999999941
2009-12-09,67.4200000000003,24.874999999999197,32.79399999999998,92.29499999999953,125.0889999999994
2009-12-10,67.4200000000003,26.664999999999115,30.541999999999984,94.08499999999945,124.62699999999933
2009-12-11,64.33100000000032,44.42299999999911,38.90599999999997,108.75399999999945,147.65999999999931
2009-12-12,64.33100000000032,44.42299999999911,38.90599999999997,108.75399999999945,147.65999999999931
2009-12-13,64.00600000000023,44.8019999999992,39.28500000000006,108.80799999999945,148.0929999999994
2009-12-14,54.626000000000076,34.04199999999916,28.525000000000023,88.66799999999927,117.19299999999916
2009-12-15,54.626000000000076,37.24299999999914,18.484000000000037,91.86899999999925,110.35299999999916
2009-12-16,54.626000000000076,23.318999999999118,18.484000000000037,77.94499999999923,96.42899999999914
2009-12-17,72.339,67.65499999999909,26.204999999999995,139.99399999999912,166.198999999999
2009-12-18,72.339,59.38399999999909,26.204999999999995,131.7229999999991,157.92799999999897
2009-12-19,72.339,59.38399999999909,26.204999999999995,131.7229999999991,157.92799999999897
2009-12-20,72.339,58.48199999999923,26.204999999999995,130.82099999999923,157.0259999999991
2009-12-21,71.08599999999998,80.0539999999993,28.03600000000008,151.13999999999928,179.17599999999925
2009-12-22,71.08599999999998,92.32699999999917,31.24099999999996,163.41299999999913,194.653999999999
2009-12-23,71.08599999999998,88.7899999999991,31.24099999999996,159.87599999999904,191.1169999999989
2009-12-24,78.96099999999994,75.666999999999,31.24099999999996,154.6279999999989,185.86899999999878
2009-12-25,78.6049999999999,75.89799999999896,31.24099999999996,154.50299999999882,185.7439999999987
2009-12-26,78.6049999999999,75.89799999999896,31.24099999999996,154.50299999999882,185.7439999999987
2009-12-27,78.6049999999999,75.89799999999896,31.24099999999996,154.50299999999882,185.7439999999987
2009-12-28,75.53699999999988,70.9989999999988,31.24099999999996,146.53599999999864,177.7769999999985
2009-12-29,75.53699999999988,71.6179999999989,31.24099999999996,147.15499999999872,178.3959999999986
2009-12-30,75.53699999999988,73.07899999999887,29.51699999999998,148.61599999999868,178.1329999999986
2009-12-31,73.0329999999997,73.07899999999887,29.51699999999998,146.1119999999985,175.6289999999984
2010-01-01,73.0329999999997,73.07899999999887,29.51699999999998,146.1119999999985,175.6289999999984
2010-01-02,73.0329999999997,73.07899999999887,29.51699999999998,146.1119999999985,175.6289999999984
2010-01-03,73.0329999999997,73.07899999999887,29.51699999999998,146.1119999999985,175.6289999999984
2010-01-04,90.21599999999961,73.07899999999887,39.50900000000013,163.2949999999984,202.80399999999844
2010-01-05,88.51299999999982,73.07899999999887,31.546000000000117,161.5919999999986,193.13799999999864
2010-01-06,88.51299999999982,73.07899999999887,37.376999999999974,161.5919999999986,198.9689999999985
2010-01-07,88.51299999999982,73.07899999999887,37.376999999999974,161.5919999999986,198.9689999999985
2010-01-08,88.51299999999982,73.07899999999887,37.376999999999974,161.5919999999986,198.9689999999985
2010-01-09,88.51299999999982,73.07899999999887,37.376999999999974,161.5919999999986,198.9689999999985
2010-01-10,88.51299999999982,73.07899999999887,37.376999999999974,161.5919999999986,198.9689999999985
2010-01-11,93.55899999999983,73.07899999999887,27.566999999999982,166.63799999999858,194.2049999999985
2010-01-12,102.5679999999998,73.07899999999887,27.566999999999982,175.64699999999854,203.21399999999846
2010-01-13,95.31699999999978,73.07899999999887,27.566999999999982,168.3959999999985,195.96299999999843
2010-01-14,95.31699999999978,73.07899999999887,27.566999999999982,168.3959999999985,195.96299999999843
2010-01-15,95.31699999999978,73.07899999999887,27.566999999999982,168.3959999999985,195.96299999999843
2010-01-16,95.31699999999978,73.07899999999887,27.566999999999982,168.3959999999985,195.96299999999843
2010-01-17,95.31699999999978,73.07899999999887,27.566999999999982,168.3959999999985,195.96299999999843
2010-01-18,95.31699999999978,73.07899999999887,27.566999999999982,168.3959999999985,195.96299999999843
2010-01-19,95.31699999999978,73.07899999999887,27.566999999999982,168.3959999999985,195.96299999999843
2010-01-20,107.82699999999973,73.07899999999887,39.53299999999983,180.90599999999844,220.43899999999823
2010-01-21,113.2089999999997,82.83699999999887,45.232999999999834,196.0459999999984,241.27899999999818
2010-01-22,113.2089999999997,83.71399999999878,45.232999999999834,196.9229999999983,242.15599999999807
2010-01-23,113.2089999999997,83.71399999999878,45.232999999999834,196.9229999999983,242.15599999999807
2010-01-24,113.2089999999997,84.22399999999895,45.232999999999834,197.43299999999846,242.66599999999823
2010-01-25,113.2089999999997,81.32699999999897,45.232999999999834,194.53599999999847,239.76899999999824
2010-01-26,113.2089999999997,84.08699999999915,45.232999999999834,197.29599999999863,242.5289999999984
2010-01-27,113.2089999999997,93.59399999999917,45.232999999999834,206.80299999999863,252.0359999999984
2010-01-28,113.2089999999997,96.27899999999907,37.5499999999998,209.48799999999852,247.03799999999828
2010-01-29,113.2089999999997,100.1219999999991,37.5499999999998,213.33099999999854,250.8809999999983
2010-01-30,113.2089999999997,99.47399999999908,37.5499999999998,212.68299999999851,250.23299999999827
2010-01-31,113.2089999999997,100.42899999999909,37.5499999999998,213.63799999999853,251.18799999999828
2010-02-01,123.37399999999985,77.34399999999924,37.799999999999756,200.71799999999882,238.51799999999852
2010-02-02,133.31699999999978,77.34399999999924,37.691999999999766,210.66099999999875,248.35299999999847
2010-02-03,133.31699999999978,77.34399999999924,37.691999999999766,210.66099999999875,248.35299999999847
2010-02-04,160.26799999999997,94.27499999999924,40.20499999999987,254.54299999999895,294.7479999999988
2010-02-05,162.95699999999977,91.73699999999918,26.391999999999722,254.6939999999987,281.0859999999984
2010-02-06,162.95699999999977,91.73699999999918,26.391999999999722,254.6939999999987,281.0859999999984
2010-02-07,162.95699999999977,90.42899999999915,26.391999999999722,253.38599999999866,279.77799999999837
2010-02-08,160.60099999999971,93.36799999999918,26.391999999999722,253.96899999999866,280.36099999999834
2010-02-09,158.34099999999967,79.52399999999932,26.391999999999722,237.86499999999876,264.2569999999984
2010-02-10,158.34099999999967,73.90299999999918,26.391999999999722,232.2439999999986,258.63599999999826
2010-02-11,162.81399999999957,73.90299999999918,26.66099999999968,236.7169999999985,263.3779999999981
2010-02-12,155.19899999999973,73.90299999999918,26.66099999999968,229.10199999999867,255.76299999999827
2010-02-13,155.19899999999973,73.90299999999918,26.66099999999968,229.10199999999867,255.76299999999827
2010-02-14,155.19899999999973,73.90299999999918,26.66099999999968,229.10199999999867,255.76299999999827
2010-02-15,160.0729999999997,73.90299999999918,26.663999999999792,233.97599999999863,260.63999999999834
2010-02-16,173.34099999999967,73.90299999999918,40.31899999999972,247.2439999999986,287.5629999999982
2010-02-17,173.34099999999967,73.90299999999918,40.31899999999972,247.2439999999986,287.5629999999982
2010-02-18,164.71899999999954,73.90299999999918,40.31899999999972,238.62199999999848,278.9409999999981
2010-02-19,164.71899999999954,73.90299999999918,40.31899999999972,238.62199999999848,278.9409999999981
2010-02-20,164.71899999999954,73.90299999999918,40.31899999999972,238.62199999999848,278.9409999999981
2010-02-21,164.71899999999954,73.90299999999918,40.31899999999972,238.62199999999848,278.9409999999981
2010-02-22,154.59499999999966,73.90299999999918,40.31899999999972,228.4979999999986,268.8169999999982
2010-02-23,157.0709999999997,73.90299999999918,40.31899999999972,230.97399999999865,271.29299999999824
2010-02-24,163.77699999999956,73.90299999999918,36.055999999999756,237.6799999999985,273.7359999999981
2010-02-25,163.77699999999956,73.90299999999918,36.055999999999756,237.6799999999985,273.7359999999981
2010-02-26,163.77699999999956,73.90299999999918,36.055999999999756,237.6799999999985,273.7359999999981
2010-02-27,163.77699999999956,73.90299999999918,36.055999999999756,237.6799999999985,273.7359999999981
2010-02-28,163.77699999999956,73.90299999999918,36.055999999999756,237.6799999999985,273.7359999999981
2010-03-01,163.77699999999956,73.90299999999918,36.055999999999756,237.6799999999985,273.7359999999981
2010-03-02,164.73099999999945,80.17099999999917,39.106999999999644,244.9019999999984,284.0089999999979
2010-03-03,169.5779999999996,83.57899999999925,33.824999999999676,253.15699999999865,286.9819999999982
2010-03-04,161.63999999999965,74.82899999999921,33.824999999999676,236.46899999999863,270.2939999999982
2010-03-05,158.35199999999958,75.05699999999923,33.824999999999676,233.4089999999986,267.23399999999816
2010-03-06,158.35199999999958,75.05699999999923,33.824999999999676,233.4089999999986,267.23399999999816
2010-03-07,158.35199999999958,74.97499999999931,33.824999999999676,233.32699999999866,267.1519999999982
2010-03-08,162.69799999999927,61.57999999999929,36.846999999999795,224.27799999999831,261.124999999998
2010-03-09,161.32299999999944,61.57999999999929,33.16099999999983,222.90299999999849,256.0639999999982
2010-03-10,158.70399999999947,61.57999999999929,33.10999999999986,220.2839999999985,253.39399999999827
2010-03-11,158.06199999999959,61.57999999999929,27.699999999999957,219.64199999999863,247.3419999999985
2010-03-12,150.64099999999948,61.57999999999929,27.699999999999957,212.22099999999853,239.9209999999984
2010-03-13,150.64099999999948,61.57999999999929,27.699999999999957,212.22099999999853,239.9209999999984
2010-03-14,151.3829999999996,61.57999999999929,27.699999999999957,212.96299999999866,240.66299999999853
2010-03-15,149.79999999999947,61.57999999999929,27.699999999999957,211.37999999999852,239.0799999999984
2010-03-16,163.5989999999994,61.57999999999929,30.64899999999998,225.17899999999844,255.82799999999835
2010-03-17,161.3559999999994,61.57999999999929,21.976999999999908,222.93599999999844,244.9129999999983
2010-03-18,161.3559999999994,61.57999999999929,21.976999999999908,222.93599999999844,244.9129999999983
2010-03-19,163.33699999999934,61.57999999999929,21.976999999999908,224.91699999999838,246.89399999999824
2010-03-20,163.33699999999934,61.57999999999929,21.976999999999908,224.91699999999838,246.89399999999824
2010-03-21,163.01199999999946,61.57999999999929,21.976999999999908,224.5919999999985,246.56899999999837
2010-03-22,161.79199999999938,61.57999999999929,22.554000000000087,223.37199999999842,245.92599999999848
2010-03-23,161.79199999999938,52.42499999999927,19.923000000000183,214.2169999999984,234.13999999999857
2010-03-24,166.7169999999995,63.50399999999941,24.231000000000357,230.22099999999867,254.451999999999
2010-03-25,166.7169999999995,59.337999999999425,20.06500000000037,226.05499999999867,246.11999999999904
2010-03-26,169.72599999999946,40.49999999999942,20.06500000000037,210.22599999999863,230.290999999999
2010-03-27,169.72599999999946,40.49999999999942,20.06500000000037,210.22599999999863,230.290999999999
2010-03-28,169.72599999999946,40.49999999999942,20.06500000000037,210.22599999999863,230.290999999999
2010-03-29,170.20999999999955,40.49999999999942,20.06500000000037,210.70999999999873,230.7749999999991
2010-03-30,170.20999999999955,40.49999999999942,20.06500000000037,210.70999999999873,230.7749999999991
2010-03-31,169.43299999999945,40.49999999999942,16.623000000000317,209.93299999999863,226.55599999999896
2010-04-01,170.14299999999943,40.49999999999942,18.22000000000025,210.6429999999986,228.8629999999989
2010-04-02,163.03699999999938,40.49999999999942,10.39200000000023,203.53699999999856,213.92899999999884
2010-04-03,163.03699999999938,40.49999999999942,10.39200000000023,203.53699999999856,213.92899999999884
2010-04-04,163.03699999999938,40.49999999999942,10.39200000000023,203.53699999999856,213.92899999999884
2010-04-05,167.3129999999994,40.49999999999942,10.140000000000231,207.81299999999857,217.95299999999887
2010-04-06,167.3129999999994,40.49999999999942,0.2650000000003683,207.81299999999857,208.077999999999
2010-04-07,169.0559999999995,46.864999999999384,6.630000000000331,215.92099999999866,222.55099999999905
2010-04-08,169.0559999999995,47.0739999999994,6.839000000000345,216.12999999999866,222.96899999999908
2010-04-09,166.6019999999995,57.6299999999994,5.010000000000349,224.23199999999866,229.24199999999908
2010-04-10,166.6019999999995,57.03099999999959,5.010000000000349,223.63299999999884,228.64299999999926
2010-04-11,166.6019999999995,56.83399999999956,5.010000000000349,223.4359999999988,228.44599999999923
2010-04-12,166.8479999999995,43.86999999999958,5.010000000000349,210.71799999999882,215.72799999999924
2010-04-13,169.6479999999994,39.00499999999953,5.010000000000349,208.65299999999868,213.6629999999991
2010-04-14,169.6479999999994,40.82399999999967,5.010000000000349,210.47199999999881,215.48199999999923
2010-04-15,163.73899999999924,46.183999999999756,5.010000000000349,209.92299999999875,214.93299999999917
2010-04-16,175.68699999999927,21.771999999999675,10.881000000000398,197.45899999999872,208.33999999999918
2010-04-17,174.7189999999993,21.771999999999675,9.913000000000443,196.49099999999876,206.40399999999926
2010-04-18,177.25999999999934,21.771999999999675,9.866000000000508,199.0319999999988,208.89799999999934
2010-04-19,175.69299999999927,21.771999999999675,-0.9239999999995021,197.46499999999872,196.5409999999993
2010-04-20,174.30499999999907,21.771999999999675,-0.9239999999995021,196.07699999999852,195.15299999999908
2010-04-21,174.30499999999907,21.771999999999675,-0.9239999999995021,196.07699999999852,195.15299999999908
2010-04-22,174.7629999999991,21.771999999999675,-0.9239999999995021,196.53499999999855,195.6109999999991
2010-04-23,175.31499999999917,21.771999999999675,0.12900000000056333,197.08699999999862,197.21599999999927
2010-04-24,174.79399999999933,21.771999999999675,-0.3919999999992766,196.56599999999878,196.17399999999958
2010-04-25,174.52299999999923,21.771999999999675,-0.5879999999993257,196.29499999999868,195.70699999999943
2010-04-26,167.67799999999912,21.771999999999675,-0.5879999999993257,189.44999999999857,188.8619999999993
2010-04-27,159.87099999999901,23.478999999999736,-0.5879999999993257,183.34999999999852,182.76199999999926
2010-04-28,153.2769999999989,24.060999999999797,-0.0059999999992642605,177.3379999999985,177.33199999999928
2010-04-29,153.2769999999989,20.13199999999989,-0.0059999999992642605,173.40899999999857,173.40299999999937
2010-04-30,153.2769999999989,24.187999999999885,-1.3369999999992133,177.46499999999855,176.12799999999942
2010-05-01,153.2769999999989,22.72400000000006,-1.3369999999992133,176.00099999999873,174.6639999999996
2010-05-02,153.2769999999989,22.574000000000062,-1.3369999999992133,175.85099999999872,174.51399999999958
2010-05-03,153.2769999999989,27.03700000000021,-5.740999999999255,180.31399999999886,174.5729999999997
2010-05-04,146.182999999999,16.52700000000017,-5.740999999999255,162.7099999999989,156.96899999999974
2010-05-05,141.56299999999882,16.52700000000017,-10.269999999999298,158.08999999999872,147.81999999999954
2010-05-06,162.54199999999878,41.464000000000254,-7.004999999999243,204.00599999999875,197.00099999999964
2010-05-07,154.11199999999866,43.85800000000022,-11.836999999999396,197.9699999999986,186.13299999999933
2010-05-08,154.11199999999866,45.06000000000011,-11.836999999999396,199.1719999999985,187.3349999999992
2010-05-09,154.11199999999866,44.82000000000019,-11.836999999999396,198.93199999999857,187.0949999999993
2010-05-10,150.08699999999874,45.47000000000024,-11.836999999999396,195.5569999999987,183.71999999999943
2010-05-11,170.70799999999878,74.87600000000015,-2.130999999999311,245.58399999999867,243.45299999999946
2010-05-12,178.6619999999989,83.7660000000002,6.759000000000743,262.42799999999886,269.1869999999997
2010-05-13,172.82599999999883,76.3800000000002,6.759000000000743,249.2059999999988,255.96499999999966
2010-05-14,172.82599999999883,72.38000000000015,6.759000000000743,245.20599999999874,251.9649999999996
2010-05-15,172.82599999999883,71.49700000000023,6.759000000000743,244.3229999999988,251.08199999999968
2010-05-16,172.47599999999886,69.02000000000022,6.759000000000743,241.49599999999887,248.25499999999974
2010-05-17,170.57499999999897,56.00200000000038,11.22000000000071,226.57699999999915,237.79699999999997
2010-05-18,167.2339999999988,56.00200000000038,14.948000000000729,223.23599999999897,238.18399999999983
2010-05-19,171.63699999999875,56.00200000000038,36.18500000000076,227.63899999999893,263.82399999999984
2010-05-20,165.7139999999987,56.00200000000038,46.10200000000086,221.71599999999887,267.81799999999987
2010-05-21,165.7139999999987,56.00200000000038,51.14700000000089,221.71599999999887,272.8629999999999
2010-05-22,165.7139999999987,56.00200000000038,50.480000000000864,221.71599999999887,272.19599999999986
2010-05-23,165.7139999999987,56.00200000000038,50.37700000000089,221.71599999999887,272.0929999999999
2010-05-24,174.66199999999873,56.00200000000038,50.37700000000089,230.6639999999989,281.04099999999994
2010-05-25,174.66199999999873,56.00200000000038,50.37700000000089,230.6639999999989,281.04099999999994
2010-05-26,181.6029999999987,56.00200000000038,47.51100000000109,237.60499999999888,285.1160000000001
2010-05-27,181.6029999999987,56.00200000000038,46.37300000000113,237.60499999999888,283.9780000000001
2010-05-28,181.6029999999987,56.00200000000038,46.37300000000113,237.60499999999888,283.9780000000001
2010-05-29,181.6029999999987,56.00200000000038,46.37300000000113,237.60499999999888,283.9780000000001
2010-05-30,181.6029999999987,56.00200000000038,46.37300000000113,237.60499999999888,283.9780000000001
2010-05-31,181.6029999999987,56.00200000000038,46.37300000000113,237.60499999999888,283.9780000000001
2010-06-01,177.84899999999874,56.00200000000038,48.43500000000098,233.85099999999892,282.286
2010-06-02,177.84899999999874,56.00200000000038,44.23600000000087,233.85099999999892,278.0869999999999
2010-06-03,188.31399999999883,56.00200000000038,49.507000000001014,244.315999999999,293.8230000000001
2010-06-04,187.8799999999988,56.00200000000038,37.29200000000105,243.88199999999898,281.1740000000001
2010-06-05,187.8799999999988,56.00200000000038,37.29200000000105,243.88199999999898,281.1740000000001
2010-06-06,187.51999999999862,56.00200000000038,37.29200000000105,243.5219999999988,280.8139999999999
2010-06-07,186.00099999999853,56.056000000000424,39.0960000000011,242.05699999999874,281.1529999999999
2010-06-08,181.6639999999987,52.320000000000505,35.805000000001115,233.983999999999,269.7890000000002
2010-06-09,181.6639999999987,52.320000000000505,35.805000000001115,233.983999999999,269.7890000000002
2010-06-10,184.2679999999987,52.320000000000505,35.805000000001115,236.587999999999,272.3930000000002
2010-06-11,184.2679999999987,52.320000000000505,35.805000000001115,236.587999999999,272.3930000000002
2010-06-12,184.2679999999987,52.320000000000505,35.805000000001115,236.587999999999,272.3930000000002
2010-06-13,184.2679999999987,52.320000000000505,35.805000000001115,236.587999999999,272.3930000000002
2010-06-14,181.15399999999883,52.320000000000505,35.805000000001115,233.47399999999914,269.27900000000034
2010-06-15,182.1469999999987,52.320000000000505,35.805000000001115,234.46699999999902,270.2720000000002
2010-06-16,180.5689999999989,52.320000000000505,35.805000000001115,232.8889999999992,268.6940000000004
2010-06-17,183.0809999999988,48.812000000000424,37.42500000000096,231.89299999999903,269.3180000000001
2010-06-18,181.8239999999989,47.405000000000456,47.5220000000009,229.2289999999992,276.7510000000002
2010-06-19,181.8239999999989,46.53500000000046,47.5220000000009,228.35899999999918,275.8810000000002
2010-06-20,181.8239999999989,46.30800000000046,47.5220000000009,228.13199999999918,275.6540000000002
2010-06-21,191.37499999999878,17.541000000000363,47.5220000000009,208.91599999999897,256.438
2010-06-22,186.00099999999892,17.541000000000363,47.5220000000009,203.54199999999912,251.06400000000014
2010-06-23,176.15899999999877,17.541000000000363,38.000000000000696,193.69999999999897,231.6999999999998
2010-06-24,176.15899999999877,17.541000000000363,38.000000000000696,193.69999999999897,231.6999999999998
2010-06-25,176.15899999999877,17.541000000000363,38.000000000000696,193.69999999999897,231.6999999999998
2010-06-26,176.15899999999877,17.541000000000363,38.000000000000696,193.69999999999897,231.6999999999998
2010-06-27,176.15899999999877,17.541000000000363,38.000000000000696,193.69999999999897,231.6999999999998
2010-06-28,173.9439999999988,-6.492999999999562,38.000000000000696,167.45099999999908,205.4509999999999
2010-06-29,168.7729999999987,-6.492999999999562,38.000000000000696,162.27999999999898,200.2799999999998
2010-06-30,168.7729999999987,-6.492999999999562,38.000000000000696,162.27999999999898,200.2799999999998
2010-07-01,200.74499999999884,10.636000000000298,64.80900000000062,211.380999999999,276.1899999999997
2010-07-02,190.89199999999894,1.2090000000003442,55.38200000000067,192.10099999999917,247.48299999999992
2010-07-03,190.89199999999894,0.5180000000004316,55.38200000000067,191.40999999999926,246.792
2010-07-04,190.89199999999894,0.415000000000457,55.38200000000067,191.30699999999928,246.68900000000002
2010-07-05,190.89199999999894,2.403000000000468,55.38200000000067,193.29499999999928,248.67700000000002
2010-07-06,190.15999999999914,16.55400000000049,54.81000000000074,206.71399999999952,261.52400000000034
2010-07-07,190.15999999999914,6.298000000000357,46.89300000000078,196.45799999999937,243.35100000000025
2010-07-08,186.71999999999903,10.81100000000023,46.89300000000078,197.53099999999915,244.42400000000004
2010-07-09,186.71999999999903,-2.9819999999999354,46.89300000000078,183.73799999999898,230.63099999999986
2010-07-10,186.71999999999903,-2.9819999999999354,46.89300000000078,183.73799999999898,230.63099999999986
2010-07-11,186.71999999999903,-2.9819999999999354,46.89300000000078,183.73799999999898,230.63099999999986
2010-07-12,184.054999999999,7.690000000000044,46.89300000000078,191.74499999999895,238.63799999999983
2010-07-13,179.2009999999989,-7.18300000000005,41.2270000000008,172.01799999999878,213.24499999999966
2010-07-14,179.2009999999989,-12.573999999999945,41.2270000000008,166.62699999999887,207.85399999999976
2010-07-15,179.2009999999989,-12.573999999999945,41.2270000000008,166.62699999999887,207.85399999999976
2010-07-16,178.48399999999876,-14.022000000000084,39.779000000000664,164.4619999999986,204.24099999999933
2010-07-17,178.48399999999876,-14.942000000000037,38.85900000000071,163.54199999999864,202.4009999999994
2010-07-18,178.48399999999876,-14.992000000000129,38.80900000000062,163.49199999999854,202.30099999999922
2010-07-19,178.48399999999876,-5.865000000000222,38.57500000000066,172.61899999999844,211.19399999999916
2010-07-20,179.55399999999887,-13.924000000000238,30.477000000000654,165.62999999999855,196.10699999999926
2010-07-21,174.16199999999876,-8.450000000000351,30.477000000000654,165.71199999999834,196.18899999999906
2010-07-22,169.13999999999854,-18.471000000000355,25.35400000000056,150.66899999999814,176.02299999999875
2010-07-23,157.45999999999864,-18.471000000000355,11.999000000000496,138.98899999999824,150.9879999999988
2010-07-24,157.45999999999864,-18.471000000000355,11.999000000000496,138.98899999999824,150.9879999999988
2010-07-25,157.45999999999864,-18.471000000000355,11.999000000000496,138.98899999999824,150.9879999999988
2010-07-26,153.89499999999853,-18.187000000000296,11.999000000000496,135.7079999999982,147.70699999999877
2010-07-27,164.3319999999986,-7.700000000000262,22.48600000000053,156.63199999999833,179.11799999999891
2010-07-28,163.4989999999987,-10.120000000000154,20.06600000000064,153.37899999999854,173.44499999999923
2010-07-29,163.4989999999987,-15.039000000000296,20.06600000000064,148.4599999999984,168.52599999999907
2010-07-30,166.91499999999857,-29.530000000000328,20.06600000000064,137.38499999999826,157.45099999999894
2010-07-31,166.73499999999862,-29.530000000000328,20.06600000000064,137.2049999999983,157.270999999999
2010-08-01,166.46299999999854,-29.530000000000328,20.06600000000064,136.93299999999823,156.99899999999892
2010-08-02,163.97099999999853,-29.530000000000328,20.088000000000527,134.4409999999982,154.5289999999988
2010-08-03,163.97099999999853,-29.530000000000328,24.130000000000624,134.4409999999982,158.5709999999989
2010-08-04,157.1949999999984,-29.530000000000328,28.042000000000613,127.6649999999981,155.70699999999877
2010-08-05,157.1949999999984,-29.530000000000328,28.499000000000674,127.6649999999981,156.16399999999882
2010-08-06,154.7269999999985,-29.530000000000328,26.48800000000066,125.19699999999821,151.68499999999892
2010-08-07,154.7269999999985,-29.530000000000328,24.219000000000772,125.19699999999821,149.41599999999903
2010-08-08,154.7269999999985,-29.530000000000328,24.61800000000075,125.19699999999821,149.814999999999
2010-08-09,154.7269999999985,-29.530000000000328,24.61800000000075,125.19699999999821,149.814999999999
2010-08-10,156.75099999999833,-29.530000000000328,24.61800000000075,127.22099999999806,151.83899999999883
2010-08-11,156.75099999999833,-29.530000000000328,24.61800000000075,127.22099999999806,151.83899999999883
2010-08-12,158.17399999999827,-29.530000000000328,25.761000000000735,128.64399999999802,154.40499999999878
2010-08-13,158.82499999999828,-31.53700000000021,25.988000000000778,127.28799999999816,153.27599999999896
2010-08-14,158.82499999999828,-31.53700000000021,25.988000000000778,127.28799999999816,153.27599999999896
2010-08-15,158.82499999999828,-31.53700000000021,25.988000000000778,127.28799999999816,153.27599999999896
2010-08-16,158.82499999999828,-24.521000000000406,27.05700000000069,134.30399999999796,161.36099999999868
2010-08-17,158.82499999999828,-25.048000000000496,26.5300000000006,133.77699999999786,160.3069999999985
2010-08-18,146.97999999999817,-20.11000000000044,24.49300000000052,126.86999999999779,151.36299999999838
2010-08-19,146.97999999999817,-20.226000000000244,24.49300000000052,126.75399999999799,151.24699999999856
2010-08-20,145.63699999999827,-24.312000000000303,24.49300000000052,121.32499999999804,145.81799999999862
2010-08-21,145.63699999999827,-24.75100000000049,24.49300000000052,120.88599999999785,145.37899999999843
2010-08-22,145.3869999999982,-25.800000000000377,24.49300000000052,119.58699999999791,144.0799999999985
2010-08-23,143.30999999999815,-28.950000000000514,24.49300000000052,114.35999999999774,138.85299999999833
2010-08-24,139.14899999999804,-30.546000000000564,12.78800000000032,108.60299999999759,121.39099999999797
2010-08-25,133.646999999998,-20.631000000000647,13.053000000000374,113.01599999999746,126.0689999999979
2010-08-26,132.54199999999793,-22.69300000000059,13.053000000000374,109.84899999999746,122.9019999999979
2010-08-27,127.28799999999798,-18.613000000000483,13.053000000000374,108.67499999999762,121.72799999999806
2010-08-28,127.28799999999798,-21.220000000000564,13.053000000000374,106.06799999999754,119.12099999999798
2010-08-29,127.28799999999798,-19.68500000000068,13.053000000000374,107.60299999999742,120.65599999999786
2010-08-30,124.96599999999805,-20.525000000000553,13.053000000000374,104.44099999999762,117.49399999999805
2010-08-31,118.42799999999818,-15.375000000000508,1.5650000000004542,103.05299999999778,104.6179999999983
2010-09-01,118.19599999999816,-17.78700000000059,0.35800000000030163,100.40899999999769,100.76699999999805
2010-09-02,115.6199999999981,-12.574000000000442,0.35800000000030163,103.04599999999778,103.40399999999813
2010-09-03,108.68199999999796,-16.57600000000044,0.35800000000030163,92.10599999999764,92.46399999999798
2010-09-04,108.68199999999796,-16.57600000000044,0.35800000000030163,92.10599999999764,92.46399999999798
2010-09-05,108.68199999999796,-16.57600000000044,0.35800000000030163,92.10599999999764,92.46399999999798
2010-09-06,107.57799999999787,-16.57600000000044,0.35800000000030163,91.00199999999755,91.3599999999979
2010-09-07,95.38099999999767,-18.885000000000456,-1.9509999999997127,76.49599999999734,74.54499999999766
2010-09-08,95.39399999999755,-18.864000000000544,-1.9509999999997127,76.52999999999713,74.57899999999745
2010-09-09,96.76599999999753,-31.85700000000053,-2.3649999999997453,64.90899999999712,62.54399999999741
2010-09-10,85.68899999999745,-31.85700000000053,-3.50799999999982,53.83199999999703,50.32399999999725
2010-09-11,85.68899999999745,-31.85700000000053,-4.144999999999645,53.83199999999703,49.686999999997425
2010-09-12,85.68899999999745,-31.85700000000053,-1.713999999999805,53.83199999999703,52.11799999999727
2010-09-13,85.68899999999745,-31.85700000000053,-3.610999999999921,53.83199999999703,50.22099999999715
2010-09-14,102.70199999999755,-22.30800000000037,-0.5429999999997559,80.39399999999729,79.85099999999757
2010-09-15,102.42399999999749,-24.0960000000002,-2.8219999999997976,78.3279999999974,75.50599999999763
2010-09-16,100.58599999999748,-21.44600000000038,-2.8219999999997976,79.13999999999722,76.31799999999744
2010-09-17,100.58599999999748,-22.049000000000493,-2.8219999999997976,78.53699999999711,75.71499999999733
2010-09-18,100.58599999999748,-22.049000000000493,-2.8219999999997976,78.53699999999711,75.71499999999733
2010-09-19,100.58599999999748,-22.049000000000493,-2.8219999999997976,78.53699999999711,75.71499999999733
2010-09-20,100.58599999999748,-26.74100000000032,-2.8219999999997976,73.84499999999728,71.02299999999751
2010-09-21,83.28299999999751,-26.74100000000032,-2.8219999999997976,56.54199999999731,53.71999999999753
2010-09-22,83.5989999999975,-23.685000000000326,-4.7779999999997464,59.91399999999729,55.135999999997566
2010-09-23,83.5989999999975,-23.174000000000404,-4.7779999999997464,60.42499999999721,55.64699999999749
2010-09-24,83.5989999999975,-25.581000000000376,-4.7779999999997464,58.017999999997244,53.23999999999752
2010-09-25,83.5989999999975,-25.581000000000376,-4.7779999999997464,58.017999999997244,53.23999999999752
2010-09-26,83.5989999999975,-25.581000000000376,-4.7779999999997464,58.017999999997244,53.23999999999752
2010-09-27,81.65699999999745,-25.581000000000376,-4.7779999999997464,56.075999999997194,51.29799999999747
2010-09-28,64.64499999999742,-23.246000000000386,-20.904999999999564,41.398999999997145,20.49399999999761
2010-09-29,62.021999999997334,-23.597000000000317,-21.255999999999496,38.42499999999712,17.168999999997656
2010-09-30,52.07099999999727,-23.597000000000317,-21.255999999999496,28.47399999999705,7.217999999997588
2010-10-01,52.07099999999727,-23.597000000000317,-21.255999999999496,28.47399999999705,7.217999999997588
2010-10-02,52.07099999999727,-23.597000000000317,-21.255999999999496,28.47399999999705,7.217999999997588
2010-10-03,52.07099999999727,-23.597000000000317,-21.255999999999496,28.47399999999705,7.217999999997588
2010-10-04,52.07099999999727,-23.597000000000317,-21.255999999999496,28.47399999999705,7.217999999997588
2010-10-05,59.44799999999713,-10.315000000000438,-7.9739999999996165,49.1329999999968,41.15899999999721
2010-10-06,62.92599999999715,-2.7180000000005045,-0.3769999999996827,60.20799999999675,59.83099999999709
2010-10-07,48.860999999997006,-28.025000000000567,-27.102999999999614,20.835999999996545,-6.267000000003051
2010-10-08,40.28199999999701,-45.69200000000053,-45.17699999999973,-5.410000000003414,-50.58700000000313
2010-10-09,40.28199999999701,-45.69200000000053,-45.17699999999973,-5.410000000003414,-50.58700000000313
2010-10-10,40.28199999999701,-45.69200000000053,-45.17699999999973,-5.410000000003414,-50.58700000000313
2010-10-11,40.28199999999701,-45.69200000000053,-45.17699999999973,-5.410000000003414,-50.58700000000313
2010-10-12,31.105999999997035,-45.69200000000053,-45.17699999999973,-14.586000000003391,-59.7630000000031
2010-10-13,30.721999999996974,-45.95500000000072,-45.43999999999992,-15.233000000003644,-60.67300000000355
2010-10-14,29.925999999997106,-40.50100000000059,-39.98599999999979,-10.57500000000338,-50.56100000000315
2010-10-15,27.000999999997106,-40.50100000000059,-39.98599999999979,-13.50000000000338,-53.486000000003145
2010-10-16,27.000999999997106,-40.50100000000059,-39.98599999999979,-13.50000000000338,-53.486000000003145
2010-10-17,27.000999999997106,-40.50100000000059,-39.98599999999979,-13.50000000000338,-53.486000000003145
2010-10-18,24.302999999997194,-55.34600000000066,-54.83099999999986,-31.043000000003367,-85.8740000000032
2010-10-19,47.560999999997186,-31.90400000000047,-31.388999999999672,15.656999999996813,-15.732000000002841
2010-10-20,38.88199999999705,-43.10900000000044,-42.593999999999646,-4.227000000003294,-46.821000000002925
2010-10-21,32.43299999999694,-21.511000000000532,-27.65299999999966,10.921999999996501,-16.731000000003146
2010-10-22,32.43299999999694,-26.07800000000036,-32.21999999999949,6.354999999996675,-25.865000000002798
2010-10-23,32.43299999999694,-25.671000000000316,-31.812999999999445,6.761999999996719,-25.05100000000271
2010-10-24,32.43299999999694,-25.699000000000243,-31.840999999999372,6.733999999996789,-25.107000000002568
2010-10-25,34.18599999999705,-33.93600000000014,-31.840999999999372,0.2499999999970015,-31.591000000002357
2010-10-26,34.18599999999705,-34.54500000000011,-31.840999999999372,-0.35900000000296795,-32.200000000002326
2010-10-27,34.18599999999705,-17.176000000000013,-31.840999999999372,17.009999999997127,-14.83100000000223
2010-10-28,34.18599999999705,-35.55300000000001,-49.7839999999994,-1.3670000000028715,-51.151000000002256
2010-10-29,34.18599999999705,-35.55300000000001,-50.07799999999954,-1.3670000000028715,-51.445000000002395
2010-10-30,34.18599999999705,-35.55300000000001,-50.77599999999951,-1.3670000000028715,-52.14300000000237
2010-10-31,34.18599999999705,-35.55300000000001,-53.049999999999535,-1.3670000000028715,-54.41700000000239
2010-11-01,28.30999999999703,-35.55300000000001,-53.049999999999535,-7.243000000002893,-60.29300000000241
2010-11-02,28.30999999999703,-35.55300000000001,-53.049999999999535,-7.243000000002893,-60.29300000000241
2010-11-03,12.415999999996977,-35.55300000000001,-65.69599999999954,-23.137000000002946,-88.83300000000247
2010-11-04,39.87199999999706,-35.55300000000001,-52.92599999999938,4.318999999997139,-48.60700000000222
2010-11-05,29.482999999997116,-35.55300000000001,-63.54999999999944,-6.070000000002803,-69.62000000000224
2010-11-06,29.482999999997116,-35.55300000000001,-63.54999999999944,-6.070000000002803,-69.62000000000224
2010-11-07,29.482999999997116,-35.55300000000001,-63.54999999999944,-6.070000000002803,-69.62000000000224
2010-11-08,29.482999999997116,-35.68199999999996,-63.54999999999944,-6.199000000002754,-69.74900000000218
2010-11-09,26.0159999999972,-69.84800000000017,-63.54999999999944,-43.83200000000288,-107.38200000000231
2010-11-10,26.0159999999972,-69.84800000000017,-63.54999999999944,-43.83200000000288,-107.38200000000231
2010-11-11,14.568999999997263,-69.84800000000017,-63.54999999999944,-55.27900000000281,-118.82900000000224
2010-11-12,35.321999999997146,-69.84800000000017,-44.136999999999475,-34.526000000002924,-78.6630000000024
2010-11-13,35.321999999997146,-69.84800000000017,-44.136999999999475,-34.526000000002924,-78.6630000000024
2010-11-14,35.321999999997146,-69.84800000000017,-44.136999999999475,-34.526000000002924,-78.6630000000024
2010-11-15,35.321999999997146,-69.84800000000017,-36.667999999999466,-34.526000000002924,-71.19400000000239
2010-11-16,31.10799999999716,-53.07100000000017,-19.89099999999947,-21.963000000002914,-41.85400000000239
2010-11-17,23.61599999999715,-49.68400000000027,-19.89099999999947,-26.068000000003025,-45.9590000000025
2010-11-18,17.28799999999713,-61.10300000000018,-19.89099999999947,-43.81500000000296,-63.70600000000243
2010-11-19,17.28799999999713,-68.79500000000023,-19.89099999999947,-51.50700000000302,-71.39800000000248
2010-11-20,17.28799999999713,-68.79500000000023,-19.89099999999947,-51.50700000000302,-71.39800000000248
2010-11-21,17.28799999999713,-68.79500000000023,-19.89099999999947,-51.50700000000302,-71.39800000000248
2010-11-22,17.28799999999713,-68.79500000000023,-19.89099999999947,-51.50700000000302,-71.39800000000248
2010-11-23,17.28799999999713,-68.79500000000023,-21.11199999999929,-51.50700000000302,-72.6190000000023
2010-11-24,17.28799999999713,-68.79500000000023,-21.11199999999929,-51.50700000000302,-72.6190000000023
2010-11-25,17.28799999999713,-68.79500000000023,-21.11199999999929,-51.50700000000302,-72.6190000000023
2010-11-26,22.62599999999705,-68.79500000000023,-21.11199999999929,-46.169000000003095,-67.28100000000238
2010-11-27,22.62599999999705,-68.79500000000023,-21.11199999999929,-46.169000000003095,-67.28100000000238
2010-11-28,22.62599999999705,-68.79500000000023,-21.11199999999929,-46.169000000003095,-67.28100000000238
2010-11-29,22.62599999999705,-68.79500000000023,-21.11199999999929,-46.169000000003095,-67.28100000000238
2010-11-30,30.728999999997068,-68.79500000000023,-18.540999999999425,-38.06600000000307,-56.60700000000249
2010-12-01,23.735999999997084,-68.79500000000023,-18.540999999999425,-45.05900000000305,-63.600000000002474
2010-12-02,23.735999999997084,-68.79500000000023,-18.540999999999425,-45.05900000000305,-63.600000000002474
2010-12-03,38.89699999999709,-68.79500000000023,-12.42399999999951,-29.89800000000304,-42.32200000000255
2010-12-04,38.416999999997195,-68.79500000000023,-12.42399999999951,-30.37800000000294,-42.802000000002444
2010-12-05,38.203999999997095,-68.79500000000023,-12.42399999999951,-30.591000000003042,-43.015000000002544
2010-12-06,39.396999999997036,-59.863000000000255,-12.42399999999951,-20.466000000003135,-32.89000000000264
2010-12-07,23.207999999996865,-83.36400000000005,-12.42399999999951,-60.156000000003104,-72.5800000000026
2010-12-08,45.47399999999689,-83.36400000000005,-3.4879999999996336,-37.89000000000307,-41.37800000000269
2010-12-09,45.47399999999689,-83.36400000000005,-3.4879999999996336,-37.89000000000307,-41.37800000000269
2010-12-10,33.72399999999685,-83.36400000000005,-14.827999999999598,-49.64000000000311,-64.4680000000027
2010-12-11,33.72399999999685,-83.36400000000005,-14.827999999999598,-49.64000000000311,-64.4680000000027
2010-12-12,33.72399999999685,-83.36400000000005,-14.827999999999598,-49.64000000000311,-64.4680000000027
2010-12-13,30.84399999999692,-83.36400000000005,-14.827999999999598,-52.52000000000304,-67.34800000000263
2010-12-14,24.583999999996884,-83.36400000000005,-24.97999999999946,-58.78000000000307,-83.76000000000252
2010-12-15,38.82499999999682,-83.36400000000005,-24.97999999999946,-44.53900000000313,-69.51900000000258
2010-12-16,38.919999999996755,-83.36400000000005,-19.843999999999312,-44.44400000000319,-64.2880000000025
2010-12-17,38.919999999996755,-83.36400000000005,-19.843999999999312,-44.44400000000319,-64.2880000000025
2010-12-18,38.919999999996755,-83.36400000000005,-19.843999999999312,-44.44400000000319,-64.2880000000025
2010-12-19,38.919999999996755,-83.36400000000005,-19.843999999999312,-44.44400000000319,-64.2880000000025
2010-12-20,31.536999999996898,-83.36400000000005,-19.843999999999312,-51.82700000000305,-71.67100000000235
2010-12-21,31.536999999996898,-83.36400000000005,-19.843999999999312,-51.82700000000305,-71.67100000000235
2010-12-22,31.536999999996898,-83.36400000000005,-19.843999999999312,-51.82700000000305,-71.67100000000235
2010-12-23,28.298999999997022,-83.36400000000005,-19.843999999999312,-55.065000000002925,-74.90900000000222
2010-12-24,28.298999999997022,-83.36400000000005,-19.843999999999312,-55.065000000002925,-74.90900000000222
2010-12-25,28.298999999997022,-83.36400000000005,-19.843999999999312,-55.065000000002925,-74.90900000000222
2010-12-26,28.298999999997022,-83.36400000000005,-19.843999999999312,-55.065000000002925,-74.90900000000222
2010-12-27,18.21599999999712,-83.36400000000005,-19.843999999999312,-65.14800000000282,-84.99200000000212
2010-12-28,32.20599999999708,-83.36400000000005,-5.327999999999509,-51.15800000000286,-56.486000000002356
2010-12-29,32.20599999999708,-84.17700000000019,-5.327999999999509,-51.971000000003,-57.2990000000025
2010-12-30,31.495999999997,-93.64500000000031,-5.327999999999509,-62.149000000003205,-67.4770000000027
2010-12-31,31.222999999997043,-87.0180000000004,-5.327999999999509,-55.795000000003256,-61.123000000002754
2011-01-01,31.222999999997043,-87.0180000000004,-5.327999999999509,-55.795000000003256,-61.123000000002754
2011-01-02,31.222999999997043,-87.39300000000044,-5.327999999999509,-56.1700000000033,-61.4980000000028
2011-01-03,31.222999999997043,-91.19700000000057,-5.327999999999509,-59.97400000000343,-65.30200000000293
2011-01-04,58.759999999997035,-117.18200000000078,9.201000000000441,-58.42200000000366,-49.221000000003215
2011-01-05,45.78299999999731,-116.91000000000089,11.33200000000048,-71.1270000000035,-59.795000000003014
2011-01-06,45.78299999999731,-113.28600000000091,11.33200000000048,-67.50300000000352,-56.17100000000303
2011-01-07,38.38299999999717,-112.2210000000009,5.0390000000005415,-73.83800000000366,-68.7990000000031
2011-01-08,38.38299999999717,-112.2210000000009,5.0390000000005415,-73.83800000000366,-68.7990000000031
2011-01-09,38.38299999999717,-112.70400000000089,5.0390000000005415,-74.32100000000365,-69.2820000000031
2011-01-10,38.38299999999717,-116.80100000000091,5.0390000000005415,-78.41800000000367,-73.37900000000312
2011-01-11,32.71599999999721,-116.80100000000091,5.0390000000005415,-84.08500000000363,-79.04600000000308
2011-01-12,32.71599999999721,-116.80100000000091,5.0390000000005415,-84.08500000000363,-79.04600000000308
2011-01-13,26.732999999997215,-116.80100000000091,5.0390000000005415,-90.06800000000362,-85.02900000000307
2011-01-14,36.937999999997324,-108.924000000001,10.069000000000468,-71.9860000000036,-61.91700000000313
2011-01-15,36.937999999997324,-108.924000000001,10.069000000000468,-71.9860000000036,-61.91700000000313
2011-01-16,36.937999999997324,-109.23200000000104,10.069000000000468,-72.29400000000363,-62.22500000000316
2011-01-17,36.937999999997324,-107.79500000000095,10.069000000000468,-70.85700000000355,-60.78800000000308
2011-01-18,31.0619999999973,-114.16700000000107,10.069000000000468,-83.10500000000368,-73.03600000000321
2011-01-19,31.0619999999973,-114.16700000000107,10.069000000000468,-83.10500000000368,-73.03600000000321
2011-01-20,47.65699999999728,-101.52400000000108,12.86300000000029,-53.86700000000372,-41.00400000000342
2011-01-21,47.65699999999728,-96.59700000000122,12.86300000000029,-48.940000000003856,-36.07700000000356
2011-01-22,47.65699999999728,-96.59700000000122,12.86300000000029,-48.940000000003856,-36.07700000000356
2011-01-23,47.65699999999728,-96.96400000000122,12.86300000000029,-49.30700000000386,-36.44400000000356
2011-01-24,37.57299999999741,-87.7220000000013,12.86300000000029,-50.149000000003824,-37.286000000003526
2011-01-25,36.09399999999732,-83.39600000000132,7.070000000000125,-47.302000000003936,-40.2320000000038
2011-01-26,30.00199999999736,-95.76100000000115,7.070000000000125,-65.75900000000372,-58.68900000000359
2011-01-27,22.685999999997463,-64.01000000000099,13.71700000000024,-41.32400000000346,-27.607000000003207
2011-01-28,11.34799999999718,-83.96500000000096,13.71700000000024,-72.61700000000371,-58.90000000000346
2011-01-29,9.96599999999701,-83.96500000000096,13.71700000000024,-73.99900000000389,-60.28200000000363
2011-01-30,12.290999999997146,-86.74000000000109,13.71700000000024,-74.44900000000389,-60.73200000000363
2011-01-31,-2.0630000000029423,-86.25700000000096,13.71700000000024,-88.32000000000386,-74.60300000000359
2011-02-01,-2.0630000000029423,-96.83500000000097,13.71700000000024,-98.89800000000388,-85.1810000000036
2011-02-02,-2.0630000000029423,-96.83500000000097,13.71700000000024,-98.89800000000388,-85.1810000000036
2011-02-03,0.6469999999970488,-96.83500000000097,13.822000000000212,-96.18800000000388,-82.36600000000364
2011-02-04,-4.762000000002875,-96.83500000000097,13.822000000000212,-101.5970000000038,-87.77500000000356
2011-02-05,-4.762000000002875,-96.83500000000097,13.822000000000212,-101.5970000000038,-87.77500000000356
2011-02-06,-4.762000000002875,-96.83500000000097,13.822000000000212,-101.5970000000038,-87.77500000000356
2011-02-07,-4.762000000002875,-96.83500000000097,13.822000000000212,-101.5970000000038,-87.77500000000356
2011-02-08,-10.595000000002823,-96.83500000000097,15.731000000000272,-107.43000000000374,-91.69900000000345
2011-02-09,-10.595000000002823,-96.83500000000097,15.731000000000272,-107.43000000000374,-91.69900000000345
2011-02-10,-10.595000000002823,-96.83500000000097,15.731000000000272,-107.43000000000374,-91.69900000000345
2011-02-11,-10.595000000002823,-96.83500000000097,15.731000000000272,-107.43000000000374,-91.69900000000345
2011-02-12,-10.595000000002823,-96.83500000000097,15.731000000000272,-107.43000000000374,-91.69900000000345
2011-02-13,-10.595000000002823,-96.83500000000097,15.731000000000272,-107.43000000000374,-91.69900000000345
2011-02-14,-14.076000000002864,-96.83500000000097,15.731000000000272,-110.91100000000378,-95.18000000000349
2011-02-15,-12.821000000002801,-96.83500000000097,16.469000000000282,-109.65600000000371,-93.18700000000341
2011-02-16,-12.821000000002801,-96.83500000000097,16.469000000000282,-109.65600000000371,-93.18700000000341
2011-02-17,-12.821000000002801,-96.26500000000108,16.469000000000282,-109.08600000000382,-92.61700000000351
2011-02-18,-12.821000000002801,-92.76500000000112,13.292000000000328,-105.58600000000386,-92.2940000000035
2011-02-19,-12.821000000002801,-92.76500000000112,13.292000000000328,-105.58600000000386,-92.2940000000035
2011-02-20,-12.821000000002801,-93.13900000000096,13.292000000000328,-105.9600000000037,-92.66800000000335
2011-02-21,-3.3350000000027435,-78.61500000000089,23.518000000000395,-81.95000000000357,-58.43200000000316
2011-02-22,-5.923000000002572,-89.67800000000081,23.518000000000395,-95.60100000000332,-72.08300000000291
2011-02-23,-11.876000000002591,-79.43400000000071,23.518000000000395,-91.31000000000324,-67.79200000000283
2011-02-24,-9.93700000000256,-95.01200000000073,23.518000000000395,-104.94900000000322,-81.43100000000283
2011-02-25,-17.13500000000247,-90.14200000000088,23.518000000000395,-107.27700000000328,-83.75900000000289
2011-02-26,-17.13500000000247,-90.14200000000088,23.518000000000395,-107.27700000000328,-83.75900000000289
2011-02-27,-17.13500000000247,-90.06700000000087,23.518000000000395,-107.20200000000328,-83.68400000000288
2011-02-28,-19.398000000002437,-92.8080000000009,23.518000000000395,-112.20600000000327,-88.68800000000287
2011-03-01,-8.197000000002461,-69.22900000000077,34.850000000000456,-77.42600000000317,-42.57600000000271
2011-03-02,-13.31400000000247,-69.11100000000064,34.850000000000456,-82.42500000000305,-47.575000000002596
2011-03-03,2.06499999999739,-86.58800000000055,34.850000000000456,-84.5230000000031,-49.673000000002645
2011-03-04,-4.735000000002611,-87.90600000000057,34.850000000000456,-92.64100000000312,-57.791000000002676
2011-03-05,-4.735000000002611,-87.90600000000057,34.850000000000456,-92.64100000000312,-57.791000000002676
2011-03-06,-4.735000000002611,-87.24500000000079,34.850000000000456,-91.98000000000333,-57.13000000000289
2011-03-07,-10.186000000002451,-90.08600000000072,34.850000000000456,-100.27200000000312,-65.42200000000267
2011-03-08,-8.537000000002383,-90.08600000000072,34.850000000000456,-98.62300000000305,-63.7730000000026
2011-03-09,-12.39200000000222,-90.08600000000072,34.850000000000456,-102.47800000000288,-67.62800000000243
2011-03-10,-1.959000000002046,-90.08600000000072,51.65000000000059,-92.0450000000027,-40.39500000000212
2011-03-11,-7.6770000000019385,-90.08600000000072,46.112000000000535,-97.76300000000259,-51.65100000000207
2011-03-12,-7.6770000000019385,-90.08600000000072,46.112000000000535,-97.76300000000259,-51.65100000000207
2011-03-13,-7.6770000000019385,-90.08600000000072,46.112000000000535,-97.76300000000259,-51.65100000000207
2011-03-14,-17.03000000000205,-90.08600000000072,46.112000000000535,-107.1160000000027,-61.00400000000218
2011-03-15,-0.5080000000021627,-90.08600000000072,55.36500000000042,-90.59400000000281,-35.22900000000241
2011-03-16,-0.5080000000021627,-90.08600000000072,52.16800000000049,-90.59400000000281,-38.42600000000234
2011-03-17,-0.5080000000021627,-90.08600000000072,40.161000000000385,-90.59400000000281,-50.43300000000245
2011-03-18,5.031999999997755,-90.08600000000072,40.161000000000385,-85.05400000000289,-44.89300000000253
2011-03-19,5.031999999997755,-90.08600000000072,40.161000000000385,-85.05400000000289,-44.89300000000253
2011-03-20,5.031999999997755,-90.08600000000072,40.161000000000385,-85.05400000000289,-44.89300000000253
2011-03-21,4.565999999997815,-90.08600000000072,40.161000000000385,-85.52000000000282,-45.35900000000247
2011-03-22,4.565999999997815,-90.08600000000072,40.161000000000385,-85.52000000000282,-45.35900000000247
2011-03-23,2.2609999999979333,-90.08600000000072,38.18200000000053,-87.8250000000027,-49.64300000000221
2011-03-24,2.2609999999979333,-108.48100000000075,25.22300000000042,-106.22000000000273,-80.99700000000234
2011-03-25,2.2609999999979333,-108.48100000000075,25.22300000000042,-106.22000000000273,-80.99700000000234
2011-03-26,2.2609999999979333,-108.48100000000075,25.22300000000042,-106.22000000000273,-80.99700000000234
2011-03-27,2.2609999999979333,-108.48100000000075,25.22300000000042,-106.22000000000273,-80.99700000000234
2011-03-28,-2.46900000000213,-108.48100000000075,29.577000000000417,-110.95000000000279,-81.3730000000024
2011-03-29,-2.46900000000213,-108.48100000000075,32.47300000000033,-110.95000000000279,-78.47700000000249
2011-03-30,-11.816000000002155,-108.48100000000075,32.47300000000033,-120.29700000000281,-87.82400000000251
2011-03-31,-11.901000000002238,-108.48100000000075,33.21800000000018,-120.38200000000289,-87.16400000000274
2011-04-01,-25.3330000000023,-108.48100000000075,33.21800000000018,-133.81400000000295,-100.5960000000028
2011-04-02,-25.3330000000023,-108.48100000000075,33.21800000000018,-133.81400000000295,-100.5960000000028
2011-04-03,-25.3330000000023,-108.48100000000075,33.21800000000018,-133.81400000000295,-100.5960000000028
2011-04-04,-26.76600000000234,-108.48100000000075,33.21800000000018,-135.247000000003,-102.02900000000284
2011-04-05,-23.23200000000228,-101.04900000000077,40.65000000000015,-124.28100000000296,-83.63100000000284
2011-04-06,-18.8250000000024,-95.3330000000007,46.36600000000023,-114.158000000003,-67.79200000000282
2011-04-07,-18.8250000000024,-94.44200000000066,46.36600000000023,-113.26700000000297,-66.90100000000278
2011-04-08,-14.87000000000252,-85.69000000000075,48.05100000000013,-100.56000000000319,-52.5090000000031
2011-04-09,-14.87000000000252,-85.69000000000075,48.05100000000013,-100.56000000000319,-52.5090000000031
2011-04-10,-14.87000000000252,-85.69000000000075,48.05100000000013,-100.56000000000319,-52.5090000000031
2011-04-11,-16.020000000002657,-85.69000000000075,48.05100000000013,-101.71000000000332,-53.65900000000323
2011-04-12,-18.559000000002737,-85.69000000000075,45.33300000000024,-104.24900000000339,-58.9160000000032
2011-04-13,-18.559000000002737,-85.69000000000075,36.961000000000354,-104.24900000000339,-67.2880000000031
2011-04-14,-16.041000000002754,-85.69000000000075,36.961000000000354,-101.7310000000034,-64.77000000000311
2011-04-15,-20.88800000000278,-80.7380000000008,37.363000000000355,-101.62600000000347,-64.26300000000319
2011-04-16,-20.88800000000278,-82.1270000000008,35.97400000000035,-103.01500000000348,-67.0410000000032
2011-04-17,-20.88800000000278,-82.46900000000082,35.632000000000346,-103.3570000000035,-67.7250000000032
2011-04-18,-30.45600000000281,-78.88600000000078,36.92100000000052,-109.34200000000348,-72.42100000000303
2011-04-19,-30.45600000000281,-78.52400000000074,37.283000000000555,-108.98000000000344,-71.69700000000296
2011-04-20,-35.30400000000281,-80.47900000000071,37.283000000000555,-115.78300000000341,-78.50000000000293
2011-04-21,-35.30400000000281,-80.47900000000071,37.283000000000555,-115.78300000000341,-78.50000000000293
2011-04-22,-35.30400000000281,-80.47900000000071,37.283000000000555,-115.78300000000341,-78.50000000000293
2011-04-23,-35.30400000000281,-80.47900000000071,37.283000000000555,-115.78300000000341,-78.50000000000293
2011-04-24,-35.30400000000281,-80.47900000000071,37.283000000000555,-115.78300000000341,-78.50000000000293
2011-04-25,-38.459000000002874,-80.47900000000071,37.283000000000555,-118.93800000000347,-81.65500000000299
2011-04-26,-35.14700000000279,-80.47900000000071,33.57500000000043,-115.62600000000339,-82.05100000000303
2011-04-27,-35.19300000000288,-75.56400000000079,38.49000000000035,-110.75700000000356,-72.26700000000329
2011-04-28,-34.96000000000275,-68.31700000000076,45.73700000000038,-103.2770000000034,-57.54000000000312
2011-04-29,-29.455000000002915,-42.93900000000065,49.66200000000029,-72.39400000000344,-22.73200000000326
2011-04-30,-29.910000000002952,-43.39400000000068,49.20700000000026,-73.30400000000351,-24.09700000000337
2011-05-01,-29.60100000000289,-42.89600000000077,49.70500000000017,-72.49700000000354,-22.792000000003487
2011-05-02,-79.61100000000302,-65.5640000000007,49.70500000000017,-145.1750000000036,-95.47000000000355
2011-05-03,-77.53200000000311,-65.13400000000068,45.654000000000195,-142.66600000000366,-97.01200000000361
2011-05-04,-80.10200000000313,-44.54300000000083,62.64500000000014,-124.64500000000385,-62.00000000000385
2011-05-05,-37.73300000000303,1.298999999999225,108.4870000000002,-36.43400000000369,72.05299999999637
2011-05-06,-48.59700000000288,-15.435000000000972,91.753,-64.03200000000373,27.720999999996124
2011-05-07,-48.59700000000288,-15.96100000000092,91.753,-64.55800000000369,27.194999999996174
2011-05-08,-48.59700000000288,-15.621000000000912,91.753,-64.21800000000368,27.534999999996185
2011-05-09,-48.59700000000288,-36.44300000000085,91.753,-85.04000000000362,6.712999999996249
2011-05-10,-48.59700000000288,-44.23300000000086,91.753,-92.83000000000362,-1.0770000000037605
2011-05-11,-52.45500000000287,-31.074000000000797,91.753,-83.52900000000355,8.223999999996305
2011-05-12,-67.03300000000289,-33.21100000000079,80.61500000000004,-100.24400000000355,-19.62900000000367
2011-05-13,-76.04000000000299,-20.742000000000782,80.61500000000004,-96.78200000000365,-16.167000000003775
2011-05-14,-76.04000000000299,-21.548000000000705,80.61500000000004,-97.58800000000357,-16.973000000003697
2011-05-15,-76.04000000000299,-20.75000000000084,80.61500000000004,-96.79000000000372,-16.17500000000383
2011-05-16,-76.04000000000299,-23.899000000000772,80.61500000000004,-99.93900000000365,-19.324000000003764
2011-05-17,-76.04000000000299,-18.471000000000707,74.37800000000014,-94.51100000000358,-20.133000000003598
2011-05-18,-76.04000000000299,-25.744000000000664,74.37800000000014,-101.78400000000353,-27.406000000003555
2011-05-19,-76.04000000000299,-30.47200000000055,74.37800000000014,-106.51200000000341,-32.13400000000344
2011-05-20,-85.56000000000301,-30.47200000000055,76.10800000000035,-116.03200000000344,-39.92400000000327
2011-05-21,-85.56000000000301,-30.47200000000055,75.47400000000044,-116.03200000000344,-40.55800000000316
2011-05-22,-87.07500000000293,-30.47200000000055,75.95900000000043,-117.54700000000335,-41.58800000000309
2011-05-23,-91.09400000000298,-30.47200000000055,75.95900000000043,-121.5660000000034,-45.60700000000314
2011-05-24,-91.09400000000298,-30.47200000000055,73.42600000000049,-121.5660000000034,-48.140000000003084
2011-05-25,-91.09400000000298,-30.47200000000055,73.42600000000049,-121.5660000000034,-48.140000000003084
2011-05-26,-91.09400000000298,-30.47200000000055,73.42600000000049,-121.5660000000034,-48.140000000003084
2011-05-27,-84.03100000000292,-30.47200000000055,73.42600000000049,-114.50300000000334,-41.077000000003025
2011-05-28,-84.6080000000028,-30.47200000000055,73.42600000000049,-115.08000000000322,-41.6540000000029
2011-05-29,-85.65900000000288,-30.47200000000055,73.42600000000049,-116.1310000000033,-42.70500000000297
2011-05-30,-85.65900000000288,-30.47200000000055,73.42600000000049,-116.1310000000033,-42.70500000000297
2011-05-31,-85.65900000000288,-30.47200000000055,73.42600000000049,-116.1310000000033,-42.70500000000297
2011-06-01,-104.56100000000302,-30.47200000000055,61.91900000000038,-135.03300000000343,-73.11400000000322
2011-06-02,-117.96700000000301,-30.47200000000055,53.963000000000434,-148.43900000000343,-94.47600000000315
2011-06-03,-128.52000000000277,-30.47200000000055,53.963000000000434,-158.99200000000317,-105.0290000000029
2011-06-04,-128.52000000000277,-30.47200000000055,53.963000000000434,-158.99200000000317,-105.0290000000029
2011-06-05,-128.52000000000277,-30.47200000000055,53.963000000000434,-158.99200000000317,-105.0290000000029
2011-06-06,-137.23900000000268,-30.47200000000055,53.963000000000434,-167.71100000000308,-113.7480000000028
2011-06-07,-142.56500000000253,-30.47200000000055,53.963000000000434,-173.03700000000293,-119.07400000000264
2011-06-08,-139.4340000000025,-30.47200000000055,53.963000000000434,-169.9060000000029,-115.9430000000026
2011-06-09,-139.2400000000026,-30.47200000000055,53.963000000000434,-169.712000000003,-115.74900000000268
2011-06-10,-138.24500000000256,-30.47200000000055,50.41300000000044,-168.71700000000297,-118.30400000000266
2011-06-11,-138.95100000000258,-30.47200000000055,49.70700000000043,-169.423000000003,-119.71600000000268
2011-06-12,-139.11200000000255,-30.47200000000055,49.555000000000476,-169.58400000000296,-120.0290000000026
2011-06-13,-129.35300000000262,-30.47200000000055,59.243000000000535,-159.82500000000303,-100.58200000000261
2011-06-14,-131.97500000000275,-30.47200000000055,49.94600000000047,-162.44700000000316,-112.50100000000279
2011-06-15,-142.7840000000028,-30.47200000000055,49.94600000000047,-173.2560000000032,-123.31000000000284
2011-06-16,-142.7840000000028,-30.47200000000055,49.94600000000047,-173.2560000000032,-123.31000000000284
2011-06-17,-145.58000000000294,-30.47200000000055,50.73200000000048,-176.05200000000335,-125.32000000000298
2011-06-18,-146.12100000000277,-30.47200000000055,50.19100000000066,-176.59300000000317,-126.40200000000262
2011-06-19,-146.50300000000297,-30.47200000000055,49.564000000000576,-176.97500000000338,-127.4110000000029
2011-06-20,-156.178000000003,-30.47200000000055,49.564000000000576,-186.65000000000342,-137.08600000000294
2011-06-21,-154.43900000000303,-30.47200000000055,49.564000000000576,-184.91100000000344,-135.34700000000296
2011-06-22,-158.90300000000303,-34.086000000000396,45.95000000000073,-192.98900000000327,-147.03900000000266
2011-06-23,-135.06900000000303,-34.086000000000396,47.190000000000694,-169.15500000000327,-121.96500000000268
2011-06-24,-129.22200000000313,-26.696000000000343,68.34300000000067,-155.91800000000333,-87.57500000000276
2011-06-25,-129.86800000000298,-27.342000000000183,67.69700000000083,-157.21000000000302,-89.51300000000228
2011-06-26,-129.07300000000305,-26.60500000000024,68.43400000000076,-155.67800000000315,-87.24400000000246
2011-06-27,-130.88300000000305,-23.100000000000176,71.93900000000083,-153.98300000000307,-82.04400000000233
2011-06-28,-135.080000000003,-25.98400000000001,69.055000000001,-161.06400000000284,-92.00900000000193
2011-06-29,-132.515000000003,-35.549000000000106,69.055000000001,-168.06400000000292,-99.00900000000202
2011-06-30,-132.515000000003,-25.683999999999916,69.055000000001,-158.19900000000274,-89.14400000000182
2011-07-01,-127.07800000000314,-11.354999999999784,69.93600000000104,-138.43300000000275,-68.4970000000018
2011-07-02,-127.07800000000314,-12.00399999999978,69.93600000000104,-139.08200000000275,-69.1460000000018
2011-07-03,-127.07800000000314,-11.145999999999741,69.93600000000104,-138.22400000000272,-68.28800000000177
2011-07-04,-123.37400000000324,-19.311999999999728,69.93600000000104,-142.6860000000028,-72.75000000000185
2011-07-05,-112.09500000000305,-39.48299999999982,69.93600000000104,-151.5780000000027,-81.64200000000176
2011-07-06,-115.4620000000031,-39.48299999999982,74.22300000000104,-154.94500000000275,-80.72200000000183
2011-07-07,-115.4620000000031,-39.48299999999982,76.44800000000113,-154.94500000000275,-78.49700000000173
2011-07-08,-115.4620000000031,-39.48299999999982,77.36900000000114,-154.94500000000275,-77.57600000000173
2011-07-09,-115.4620000000031,-39.48299999999982,77.36900000000114,-154.94500000000275,-77.57600000000173
2011-07-10,-115.4620000000031,-39.48299999999982,77.36900000000114,-154.94500000000275,-77.57600000000173
2011-07-11,-115.4620000000031,-39.509999999999906,79.80300000000106,-154.97200000000285,-75.16900000000189
2011-07-12,-115.4620000000031,-34.58100000000009,75.7680000000009,-150.04300000000305,-74.27500000000225
2011-07-13,-115.4620000000031,-19.560000000000176,90.78900000000081,-135.02200000000315,-44.23300000000243
2011-07-14,-115.4620000000031,-16.198000000000143,94.15100000000085,-131.66000000000312,-37.50900000000236
2011-07-15,-115.4620000000031,-9.429000000000183,94.15100000000085,-124.89100000000316,-30.7400000000024
2011-07-16,-115.4620000000031,-10.013000000000352,94.15100000000085,-125.47500000000333,-31.32400000000257
2011-07-17,-115.4620000000031,-9.916000000000281,94.15100000000085,-125.37800000000327,-31.227000000002498
2011-07-18,-115.4620000000031,0.06999999999977646,94.15100000000085,-115.39200000000321,-21.24100000000244
2011-07-19,-117.37100000000325,-15.517000000000259,94.15100000000085,-132.8880000000034,-38.737000000002624
2011-07-20,-124.87000000000332,-15.517000000000259,94.15100000000085,-140.38700000000347,-46.23600000000269
2011-07-21,-128.34100000000336,-15.517000000000259,94.15100000000085,-143.85800000000353,-49.707000000002736
2011-07-22,-133.27600000000336,-15.517000000000259,94.15100000000085,-148.79300000000353,-54.642000000002724
2011-07-23,-133.27600000000336,-15.517000000000259,94.15100000000085,-148.79300000000353,-54.642000000002724
2011-07-24,-133.27600000000336,-15.517000000000259,94.15100000000085,-148.79300000000353,-54.642000000002724
2011-07-25,-140.28100000000353,-21.792000000000396,86.09400000000079,-162.07300000000382,-75.97900000000308
2011-07-26,-148.83300000000372,-21.792000000000396,86.09400000000079,-170.625000000004,-84.53100000000326
2011-07-27,-153.26600000000377,-21.792000000000396,86.09400000000079,-175.05800000000406,-88.9640000000033
2011-07-28,-167.6520000000036,-21.792000000000396,86.09400000000079,-189.44400000000388,-103.35000000000312
2011-07-29,-167.6520000000036,-21.792000000000396,86.09400000000079,-189.44400000000388,-103.35000000000312
2011-07-30,-167.6520000000036,-21.792000000000396,86.09400000000079,-189.44400000000388,-103.35000000000312
2011-07-31,-167.6520000000036,-21.792000000000396,86.09400000000079,-189.44400000000388,-103.35000000000312
2011-08-01,-177.8190000000038,-21.792000000000396,86.09400000000079,-199.61100000000408,-113.5170000000033
2011-08-02,-158.78000000000387,-21.792000000000396,102.17800000000081,-180.57200000000415,-78.39400000000336
2011-08-03,-154.82100000000386,-21.501000000000502,102.4690000000007,-176.32200000000424,-73.85300000000356
2011-08-04,-149.11700000000397,-21.501000000000502,102.4690000000007,-170.61800000000434,-68.14900000000365
2011-08-05,-171.0740000000039,-21.501000000000502,102.4690000000007,-192.57500000000428,-90.10600000000358
2011-08-06,-171.0740000000039,-21.501000000000502,102.4690000000007,-192.57500000000428,-90.10600000000358
2011-08-07,-171.0740000000039,-21.501000000000502,102.4690000000007,-192.57500000000428,-90.10600000000358
2011-08-08,-161.88300000000393,-22.895000000000326,106.25400000000074,-184.7780000000041,-78.52400000000338
2011-08-09,-167.06700000000396,-11.932000000000178,117.2170000000009,-178.99900000000397,-61.7820000000031
2011-08-10,-167.06700000000396,-11.932000000000178,132.00600000000082,-178.99900000000397,-46.993000000003164
2011-08-11,-187.54800000000404,-11.932000000000178,132.00600000000082,-199.48000000000405,-67.47400000000324
2011-08-12,-200.206000000004,-11.932000000000178,132.00600000000082,-212.138000000004,-80.13200000000319
2011-08-13,-200.206000000004,-11.932000000000178,132.00600000000082,-212.138000000004,-80.13200000000319
2011-08-14,-200.206000000004,-11.932000000000178,132.00600000000082,-212.138000000004,-80.13200000000319
2011-08-15,-200.206000000004,-11.932000000000178,108.31600000000095,-212.138000000004,-103.82200000000306
2011-08-16,-198.699000000004,-11.932000000000178,108.31600000000095,-210.631000000004,-102.31500000000304
2011-08-17,-198.699000000004,-11.932000000000178,108.31600000000095,-210.631000000004,-102.31500000000304
2011-08-18,-193.98800000000404,-11.932000000000178,119.4330000000011,-205.92000000000405,-86.48700000000292
2011-08-19,-208.14700000000397,-12.372000000000279,143.29500000000115,-220.51900000000407,-77.22400000000292
2011-08-20,-208.14700000000397,-12.93700000000038,143.29500000000115,-221.08400000000418,-77.78900000000301
2011-08-21,-208.14700000000397,-12.93700000000038,143.29500000000115,-221.08400000000418,-77.78900000000301
2011-08-22,-208.14700000000397,-12.93700000000038,143.29500000000115,-221.08400000000418,-77.78900000000301
2011-08-23,-167.158000000004,-11.162000000000608,132.385000000001,-178.32000000000443,-45.935000000003384
2011-08-24,-95.66600000000408,60.31599999999941,207.95500000000112,-35.350000000004485,172.6049999999967
2011-08-25,-117.35800000000413,42.00499999999945,189.64400000000114,-75.3530000000045,114.29099999999671
2011-08-26,-117.35800000000413,-15.426000000000634,132.21300000000105,-132.7840000000046,-0.5710000000034512
2011-08-27,-117.35800000000413,-15.426000000000634,132.21300000000105,-132.7840000000046,-0.5710000000034512
2011-08-28,-117.35800000000413,-15.426000000000634,132.21300000000105,-132.7840000000046,-0.5710000000034512
2011-08-29,-140.62900000000414,8.932999999999474,132.21300000000105,-131.6960000000045,0.5169999999966528
2011-08-30,-140.62900000000414,-41.02600000000063,132.21300000000105,-181.65500000000458,-49.442000000003446
2011-08-31,-140.62900000000414,-41.02600000000063,132.21300000000105,-181.65500000000458,-49.442000000003446
2011-09-01,-140.62900000000414,-41.02600000000063,132.21300000000105,-181.65500000000458,-49.442000000003446
2011-09-02,-134.73600000000417,-41.02600000000063,154.74400000000094,-175.7620000000046,-21.018000000003557
2011-09-03,-134.73600000000417,-41.02600000000063,154.05200000000104,-175.7620000000046,-21.710000000003447
2011-09-04,-134.73600000000417,-41.02600000000063,154.56000000000094,-175.7620000000046,-21.202000000003544
2011-09-05,-134.73600000000417,-41.02600000000063,154.56000000000094,-175.7620000000046,-21.202000000003544
2011-09-06,-134.73600000000417,-41.02600000000063,154.56000000000094,-175.7620000000046,-21.202000000003544
2011-09-07,-111.63200000000417,-41.02600000000063,182.26600000000101,-152.65800000000462,29.607999999996537
2011-09-08,-111.63200000000417,-41.02600000000063,131.10000000000105,-152.65800000000462,-21.558000000003446
2011-09-09,-111.63200000000417,-41.02600000000063,131.10000000000105,-152.65800000000462,-21.558000000003446
2011-09-10,-111.63200000000417,-41.02600000000063,131.10000000000105,-152.65800000000462,-21.558000000003446
2011-09-11,-111.63200000000417,-41.02600000000063,131.10000000000105,-152.65800000000462,-21.558000000003446
2011-09-12,-111.63200000000417,-41.02600000000063,120.946000000001,-152.65800000000462,-31.71200000000349
2011-09-13,-111.63200000000417,-41.02600000000063,102.48100000000105,-152.65800000000462,-50.17700000000345
2011-09-14,-111.63200000000417,-41.02600000000063,102.48100000000105,-152.65800000000462,-50.17700000000345
2011-09-15,-111.63200000000417,-48.42400000000059,112.84500000000104,-160.0560000000046,-47.21100000000342
2011-09-16,-111.63200000000417,-69.99500000000054,93.54000000000093,-181.62700000000456,-88.08700000000348
2011-09-17,-112.16400000000421,-69.99500000000054,93.54000000000093,-182.1590000000046,-88.61900000000352
2011-09-18,-112.352000000004,-69.99500000000054,93.54000000000093,-182.34700000000439,-88.80700000000331
2011-09-19,-157.62400000000397,-69.73000000000049,93.54000000000093,-227.3540000000043,-133.81400000000323
2011-09-20,-157.62400000000397,-102.95500000000044,93.54000000000093,-260.57900000000427,-167.03900000000317
2011-09-21,-157.62400000000397,-102.95500000000044,93.54000000000093,-260.57900000000427,-167.03900000000317
2011-09-22,-121.82200000000388,-68.93000000000062,122.39300000000073,-190.75200000000436,-68.35900000000346
2011-09-23,-81.47000000000384,30.598999999999336,221.92200000000068,-50.87100000000436,171.05099999999652
2011-09-24,-80.68000000000376,31.235999999999397,221.92200000000068,-49.444000000004216,172.47799999999665
2011-09-25,-80.62200000000391,31.301999999999293,221.92200000000068,-49.32000000000446,172.6019999999964
2011-09-26,-121.04700000000395,53.60499999999914,179.6640000000006,-67.44200000000467,112.22199999999611
2011-09-27,-122.931000000004,32.4509999999991,179.6640000000006,-90.48000000000476,89.18399999999602
2011-09-28,-122.931000000004,75.34299999999911,179.6640000000006,-47.588000000004754,132.07599999999604
2011-09-29,-154.43100000000382,58.50299999999915,179.6640000000006,-95.92800000000454,83.73599999999627
2011-09-30,-154.43100000000382,54.16299999999896,179.6640000000006,-100.26800000000473,79.39599999999608
2011-10-01,-154.43100000000382,54.16299999999896,179.6640000000006,-100.26800000000473,79.39599999999608
2011-10-02,-154.43100000000382,54.28499999999899,179.6640000000006,-100.1460000000047,79.5179999999961
2011-10-03,-132.147000000004,27.877999999999016,179.6640000000006,-104.26900000000484,75.39499999999597
2011-10-04,-170.0300000000039,47.76699999999887,179.6640000000006,-122.2630000000049,57.400999999995925
2011-10-05,-170.0300000000039,37.274999999999096,179.6640000000006,-132.75500000000469,46.90899999999615
2011-10-06,-157.364000000004,23.92499999999914,179.6640000000006,-133.43900000000474,46.224999999996086
2011-10-07,-157.364000000004,23.92499999999914,179.6640000000006,-133.43900000000474,46.224999999996086
2011-10-08,-157.364000000004,23.92499999999914,179.6640000000006,-133.43900000000474,46.224999999996086
2011-10-09,-157.364000000004,23.92499999999914,179.6640000000006,-133.43900000000474,46.224999999996086
2011-10-10,-134.684000000004,23.92499999999914,182.10400000000038,-110.75900000000472,71.34499999999588
2011-10-11,-148.763000000004,23.92499999999914,160.3220000000004,-124.83800000000471,35.483999999995916
2011-10-12,-156.2510000000039,23.92499999999914,160.3220000000004,-132.3260000000046,27.99599999999604
2011-10-13,-156.2510000000039,23.92499999999914,160.3220000000004,-132.3260000000046,27.99599999999604
2011-10-14,-156.2510000000039,23.92499999999914,160.3220000000004,-132.3260000000046,27.99599999999604
2011-10-15,-156.2510000000039,23.92499999999914,160.3220000000004,-132.3260000000046,27.99599999999604
2011-10-16,-156.2510000000039,23.92499999999914,160.3220000000004,-132.3260000000046,27.99599999999604
2011-10-17,-156.2510000000039,23.92499999999914,136.79900000000043,-132.3260000000046,4.472999999996084
2011-10-18,-158.81800000000396,23.92499999999914,111.78400000000052,-134.89300000000466,-23.109000000003885
2011-10-19,-158.81800000000396,23.92499999999914,111.78400000000052,-134.89300000000466,-23.109000000003885
2011-10-20,-152.52800000000406,23.92499999999914,113.64600000000056,-128.60300000000476,-14.957000000003934
2011-10-21,-152.52800000000406,23.92499999999914,89.94300000000054,-128.60300000000476,-38.660000000003954
2011-10-22,-152.52800000000406,23.92499999999914,89.94300000000054,-128.60300000000476,-38.660000000003954
2011-10-23,-152.52800000000406,23.92499999999914,89.94300000000054,-128.60300000000476,-38.660000000003954
2011-10-24,-158.55100000000402,23.92499999999914,89.94300000000054,-134.62600000000472,-44.683000000003915
2011-10-25,-141.977000000004,23.92499999999914,131.33600000000052,-118.0520000000047,13.283999999996098
2011-10-26,-136.92900000000407,23.92499999999914,154.7630000000006,-113.00400000000474,41.75899999999614
2011-10-27,-153.088000000004,23.92499999999914,180.00400000000076,-129.16300000000467,50.840999999996384
2011-10-28,-153.088000000004,23.92499999999914,181.18600000000072,-129.16300000000467,52.02299999999636
2011-10-29,-153.088000000004,23.92499999999914,181.18600000000072,-129.16300000000467,52.02299999999636
2011-10-30,-153.088000000004,23.92499999999914,181.18600000000072,-129.16300000000467,52.02299999999636
2011-10-31,-150.52800000000389,23.92499999999914,181.18600000000072,-126.60300000000454,54.58299999999649
2011-11-01,-162.46900000000397,23.92499999999914,162.4970000000008,-138.54400000000462,23.952999999996514
2011-11-02,-167.0990000000039,23.278999999999137,162.4970000000008,-143.82000000000454,18.676999999996582
2011-11-03,-167.0990000000039,48.37699999999928,171.00900000000092,-118.7220000000044,52.28699999999685
2011-11-04,-167.0990000000039,43.333999999999335,165.96600000000097,-123.76500000000433,42.200999999996974
2011-11-05,-167.0990000000039,41.49199999999936,165.96600000000097,-125.60700000000432,40.358999999996996
2011-11-06,-167.0990000000039,41.60199999999935,165.96600000000097,-125.49700000000433,40.46899999999699
2011-11-07,-144.09500000000384,82.98399999999937,187.37400000000082,-61.111000000004225,126.26299999999696
2011-11-08,-150.94600000000378,72.94399999999936,187.37400000000082,-78.00200000000416,109.37199999999703
2011-11-09,-165.56200000000362,51.99799999999941,187.37400000000082,-113.56400000000397,73.80999999999722
2011-11-10,-157.98300000000373,39.05199999999945,186.30400000000083,-118.93100000000402,67.37299999999718
2011-11-11,-156.84100000000373,55.38399999999952,186.30400000000083,-101.45700000000394,84.84699999999725
2011-11-12,-158.4300000000038,55.38399999999952,186.30400000000083,-103.046000000004,83.2579999999972
2011-11-13,-158.5800000000038,55.043999999999556,186.30400000000083,-103.53600000000397,82.76799999999723
2011-11-14,-164.1690000000038,39.62999999999953,186.30400000000083,-124.539000000004,61.76499999999721
2011-11-15,-178.00600000000384,41.33199999999971,186.30400000000083,-136.67400000000384,49.62999999999735
2011-11-16,-193.6890000000039,41.33199999999971,181.2160000000008,-152.3570000000039,28.8589999999973
2011-11-17,-156.91500000000383,41.33199999999971,223.21500000000077,-115.58300000000382,107.63199999999736
2011-11-18,-163.90200000000397,41.33199999999971,216.8170000000008,-122.57000000000394,94.24699999999729
2011-11-19,-163.90200000000397,41.33199999999971,216.8170000000008,-122.57000000000394,94.24699999999729
2011-11-20,-163.90200000000397,41.33199999999971,216.8170000000008,-122.57000000000394,94.24699999999729
2011-11-21,-141.3120000000041,41.33199999999971,247.87500000000074,-99.98000000000407,147.8949999999971
2011-11-22,-155.99100000000425,41.33199999999971,247.87500000000074,-114.6590000000042,133.21599999999697
2011-11-23,-155.99100000000425,41.33199999999971,247.87500000000074,-114.6590000000042,133.21599999999697
2011-11-24,-155.99100000000425,41.33199999999971,247.87500000000074,-114.6590000000042,133.21599999999697
2011-11-25,-168.1510000000044,41.33199999999971,247.87500000000074,-126.81900000000432,121.05599999999684
2011-11-26,-168.1510000000044,41.33199999999971,247.87500000000074,-126.81900000000432,121.05599999999684
2011-11-27,-168.1510000000044,41.33199999999971,247.87500000000074,-126.81900000000432,121.05599999999684
2011-11-28,-155.66400000000436,41.33199999999971,243.87700000000063,-114.33200000000429,129.54499999999678
2011-11-29,-155.66400000000436,41.33199999999971,243.87700000000063,-114.33200000000429,129.54499999999678
2011-11-30,-154.02800000000445,41.33199999999971,247.04300000000052,-112.69600000000436,134.3469999999966
2011-12-01,-159.72200000000447,41.33199999999971,247.04300000000052,-118.39000000000436,128.65299999999658
2011-12-02,-159.72200000000447,41.33199999999971,247.04300000000052,-118.39000000000436,128.65299999999658
2011-12-03,-159.72200000000447,41.33199999999971,247.04300000000052,-118.39000000000436,128.65299999999658
2011-12-04,-159.72200000000447,41.33199999999971,247.04300000000052,-118.39000000000436,128.65299999999658
2011-12-05,-159.72200000000447,41.33199999999971,247.04300000000052,-118.39000000000436,128.65299999999658
2011-12-06,-161.82700000000432,41.33199999999971,236.05800000000056,-120.4950000000042,115.5629999999968
2011-12-07,-166.4300000000042,41.33199999999971,236.05800000000056,-125.09800000000408,110.95999999999692
2011-12-08,-162.48400000000436,41.33199999999971,236.05800000000056,-121.15200000000421,114.9059999999968
2011-12-09,-162.48400000000436,41.33199999999971,236.05800000000056,-121.15200000000421,114.9059999999968
2011-12-10,-162.48400000000436,41.33199999999971,236.05800000000056,-121.15200000000421,114.9059999999968
2011-12-11,-162.48400000000436,41.33199999999971,236.05800000000056,-121.15200000000421,114.9059999999968
2011-12-12,-137.01500000000436,73.27199999999972,267.99800000000056,-63.743000000004194,204.2549999999968
2011-12-13,-137.01500000000436,108.64799999999966,272.7570000000005,-28.36700000000426,244.38999999999672
2011-12-14,-128.8100000000045,165.93499999999966,284.7560000000005,37.124999999995616,321.88099999999656
2011-12-15,-127.70800000000445,173.90299999999968,284.7560000000005,46.19499999999569,330.9509999999966
2011-12-16,-123.07400000000425,152.21399999999977,284.7560000000005,29.139999999995986,313.8959999999969
2011-12-17,-123.07400000000425,152.21399999999977,284.7560000000005,29.139999999995986,313.8959999999969
2011-12-18,-123.07400000000425,151.90399999999977,284.7560000000005,28.829999999995994,313.5859999999969
2011-12-19,-123.07400000000425,162.00899999999973,284.7560000000005,38.934999999995966,323.69099999999685
2011-12-20,-120.89300000000425,140.86699999999962,287.3060000000006,19.97399999999586,307.2799999999969
2011-12-21,-122.66700000000418,142.58899999999954,280.9760000000006,19.92199999999586,300.89799999999696
2011-12-22,-122.66700000000418,150.29399999999941,280.9760000000006,27.626999999995743,308.6029999999968
2011-12-23,-122.66700000000418,150.01099999999923,280.9760000000006,27.343999999995567,308.31999999999664
2011-12-24,-122.66700000000418,150.01099999999923,280.9760000000006,27.343999999995567,308.31999999999664
2011-12-26,-122.66700000000418,150.5269999999992,280.9760000000006,27.859999999995534,308.8359999999966
2011-12-27,-122.66700000000418,160.49699999999928,280.9760000000006,37.82999999999561,318.8059999999967
2011-12-28,-126.40600000000425,196.55899999999934,299.92400000000066,70.15299999999561,370.07699999999676
2011-12-29,-130.8390000000043,205.94999999999936,277.6980000000007,75.11099999999561,352.80899999999684
2011-12-30,-121.99200000000435,191.9939999999994,277.6980000000007,70.0019999999956,347.6999999999968
2011-12-31,-121.99200000000435,191.9939999999994,277.6980000000007,70.0019999999956,347.6999999999968
2012-01-01,-121.99200000000435,191.6939999999994,277.6980000000007,69.7019999999956,347.3999999999968
2012-01-02,-121.99200000000435,190.64299999999935,277.6980000000007,68.65099999999556,346.34899999999675
2012-01-03,-98.14200000000426,190.7079999999995,283.2350000000007,92.5659999999958,375.800999999997
2012-01-04,-98.14200000000426,190.7079999999995,278.4540000000007,92.5659999999958,371.01999999999697
2012-01-05,-98.14200000000426,190.7079999999995,278.4540000000007,92.5659999999958,371.01999999999697
2012-01-06,-98.14200000000426,190.7079999999995,278.4540000000007,92.5659999999958,371.01999999999697
2012-01-07,-98.14200000000426,190.7079999999995,278.4540000000007,92.5659999999958,371.01999999999697
2012-01-08,-98.14200000000426,190.7079999999995,278.4540000000007,92.5659999999958,371.01999999999697
2012-01-09,-98.14200000000426,190.7079999999995,278.4540000000007,92.5659999999958,371.01999999999697
2012-01-10,-100.24300000000419,190.7079999999995,278.4540000000007,90.46499999999587,368.918999999997
2012-01-11,-100.24300000000419,190.7079999999995,278.4540000000007,90.46499999999587,368.918999999997
2012-01-12,-107.54300000000418,190.7079999999995,267.8540000000007,83.16499999999587,351.01899999999705
2012-01-13,-116.42000000000418,190.7079999999995,267.8540000000007,74.28799999999588,342.14199999999704
2012-01-14,-116.42000000000418,190.7079999999995,267.8540000000007,74.28799999999588,342.14199999999704
2012-01-15,-116.42000000000418,190.7079999999995,267.8540000000007,74.28799999999588,342.14199999999704
2012-01-16,-116.42000000000418,190.7079999999995,267.8540000000007,74.28799999999588,342.14199999999704
2012-01-17,-115.84100000000427,190.7079999999995,267.8540000000007,74.86699999999578,342.72099999999693
2012-01-18,-120.07600000000421,190.7079999999995,267.8540000000007,70.63199999999584,338.485999999997
2012-01-19,-127.5590000000042,190.7079999999995,267.8540000000007,63.14899999999585,331.002999999997
2012-01-20,-141.1390000000042,190.7079999999995,267.8540000000007,49.56899999999588,317.422999999997
2012-01-21,-141.1390000000042,190.7079999999995,267.8540000000007,49.56899999999588,317.422999999997
2012-01-23,-131.3280000000041,190.7079999999995,270.6830000000006,59.37999999999599,330.062999999997
2012-01-24,-131.08100000000408,190.7079999999995,270.6830000000006,59.626999999996016,330.309999999997
2012-01-25,-141.43400000000423,211.83799999999954,291.81300000000067,70.40399999999592,362.216999999997
2012-01-26,-129.24000000000433,222.42399999999972,282.68600000000066,93.18399999999602,375.8699999999971
2012-01-27,-129.24000000000433,240.38299999999973,282.68600000000066,111.14299999999604,393.8289999999971
2012-01-28,-129.24000000000433,240.38299999999973,282.68600000000066,111.14299999999604,393.8289999999971
2012-01-29,-129.24000000000433,240.38299999999973,282.68600000000066,111.14299999999604,393.8289999999971
2012-01-30,-131.54400000000447,231.24799999999968,282.68600000000066,99.70399999999586,382.3899999999969
2012-01-31,-131.54400000000447,242.42999999999964,282.68600000000066,110.88599999999583,393.5719999999969
2012-02-01,-136.9340000000044,250.80599999999956,282.68600000000066,113.87199999999584,396.55799999999687
2012-02-02,-136.9340000000044,264.25099999999946,282.68600000000066,127.31699999999573,410.00299999999675
2012-02-03,-114.98100000000447,232.23599999999954,282.68600000000066,117.25499999999575,399.94099999999673
2012-02-04,-114.98100000000447,232.23599999999954,282.68600000000066,117.25499999999575,399.94099999999673
2012-02-05,-115.28200000000444,232.23599999999954,282.68600000000066,116.95399999999577,399.63999999999675
2012-02-06,-104.8060000000046,232.23599999999954,292.3500000000006,127.42999999999562,419.7799999999965
2012-02-07,-104.8060000000046,231.04099999999954,261.99300000000056,126.23499999999564,388.2279999999965
2012-02-08,-106.44500000000454,218.71499999999946,261.99300000000056,112.26999999999563,374.26299999999645
2012-02-09,-112.9680000000045,218.71499999999946,261.99300000000056,105.74699999999568,367.7399999999965
2012-02-10,-110.01400000000436,218.71499999999946,262.4700000000006,108.70099999999582,371.17099999999664
2012-02-11,-110.01400000000436,218.71499999999946,262.4700000000006,108.70099999999582,371.17099999999664
2012-02-12,-110.01400000000436,218.71499999999946,262.4700000000006,108.70099999999582,371.17099999999664
2012-02-13,-110.01400000000436,218.71499999999946,262.4700000000006,108.70099999999582,371.17099999999664
2012-02-14,-110.01400000000436,218.71499999999946,260.7430000000007,108.70099999999582,369.4439999999967
2012-02-15,-110.01400000000436,218.71499999999946,260.7430000000007,108.70099999999582,369.4439999999967
2012-02-16,-120.23700000000436,218.71499999999946,242.30000000000064,98.47799999999582,340.77799999999667
2012-02-17,-127.48600000000442,218.71499999999946,242.30000000000064,91.22899999999575,333.5289999999966
2012-02-18,-127.48600000000442,218.71499999999946,242.30000000000064,91.22899999999575,333.5289999999966
2012-02-19,-127.48600000000442,218.71499999999946,242.30000000000064,91.22899999999575,333.5289999999966
2012-02-20,-130.01200000000455,218.71499999999946,242.30000000000064,88.70299999999564,331.00299999999646
2012-02-21,-124.70100000000444,218.71499999999946,255.91100000000068,94.01399999999575,349.9249999999966
2012-02-22,-129.08200000000457,225.70299999999946,262.8990000000007,96.62099999999563,359.5199999999965
2012-02-23,-132.6120000000046,229.67099999999948,262.8990000000007,97.05899999999565,359.9579999999965
2012-02-24,-132.6120000000046,222.67099999999942,262.8990000000007,90.0589999999956,352.95799999999645
2012-02-25,-132.6120000000046,222.67099999999942,262.8990000000007,90.0589999999956,352.95799999999645
2012-02-26,-132.6120000000046,222.67099999999942,262.8990000000007,90.0589999999956,352.95799999999645
2012-02-27,-132.6120000000046,211.36299999999937,262.8990000000007,78.75099999999557,341.6499999999964
2012-02-28,-126.57200000000468,220.5659999999993,262.8990000000007,93.99399999999542,356.8929999999962
2012-02-29,-85.66200000000464,171.12399999999923,308.9540000000007,85.46199999999541,394.41599999999625
2012-03-01,-108.03900000000463,171.12399999999923,296.25300000000084,63.08499999999542,359.3379999999964
2012-03-02,-108.03900000000463,171.12399999999923,296.25300000000084,63.08499999999542,359.3379999999964
2012-03-03,-108.03900000000463,171.12399999999923,296.25300000000084,63.08499999999542,359.3379999999964
2012-03-04,-108.03900000000463,171.12399999999923,296.25300000000084,63.08499999999542,359.3379999999964
2012-03-05,-116.59000000000461,171.12399999999923,291.9030000000009,54.533999999995444,346.43699999999643
2012-03-06,-105.80300000000462,188.00299999999908,316.02200000000073,82.1999999999953,398.2219999999961
2012-03-07,-105.80300000000462,177.42899999999895,316.02200000000073,71.62599999999519,387.647999999996
2012-03-08,-94.04800000000455,161.60899999999896,316.02200000000073,67.56099999999526,383.58299999999605
2012-03-09,-125.09300000000466,132.26399999999887,316.02200000000073,7.170999999995075,323.1929999999959
2012-03-10,-125.09300000000466,132.26399999999887,316.02200000000073,7.170999999995075,323.1929999999959
2012-03-11,-125.09300000000466,132.26399999999887,316.02200000000073,7.170999999995075,323.1929999999959
2012-03-12,-130.65700000000456,132.26399999999887,316.02200000000073,1.6069999999951792,317.628999999996
2012-03-13,-132.5280000000045,148.90399999999892,316.02200000000073,16.375999999995276,332.3979999999961
2012-03-14,-101.47600000000442,182.26499999999896,332.28300000000087,80.78899999999543,413.0719999999964
2012-03-15,-101.47600000000442,167.24099999999902,317.2590000000009,65.7649999999955,383.02399999999653
2012-03-16,-101.47600000000442,162.56899999999894,317.2590000000009,61.09299999999543,378.35199999999645
2012-03-17,-101.47600000000442,162.56899999999894,317.2590000000009,61.09299999999543,378.35199999999645
2012-03-18,-101.47600000000442,162.25199999999887,317.2590000000009,60.77599999999538,378.0349999999964
2012-03-19,-108.0360000000044,157.44699999999875,317.2590000000009,49.410999999995276,366.66999999999626
2012-03-20,-117.3500000000043,170.7849999999989,317.2590000000009,53.434999999995526,370.6939999999965
2012-03-21,-117.3500000000043,169.61599999999873,317.2590000000009,52.26599999999539,369.52499999999634
2012-03-22,-131.34900000000437,176.30999999999864,311.93700000000075,44.96099999999523,356.89799999999605
2012-03-23,-117.32900000000443,157.56999999999857,311.93700000000075,40.24099999999511,352.1779999999959
2012-03-24,-117.32900000000443,157.56999999999857,311.93700000000075,40.24099999999511,352.1779999999959
2012-03-25,-117.68000000000458,157.56999999999857,311.93700000000075,39.889999999994956,351.82699999999573
2012-03-26,-110.60900000000453,157.56999999999857,323.85600000000056,46.960999999995,370.81699999999563
2012-03-27,-112.77500000000451,157.56999999999857,315.41200000000055,44.79499999999502,360.2069999999956
2012-03-28,-117.46200000000445,152.80499999999842,315.41200000000055,35.34299999999493,350.7549999999955
2012-03-29,-121.92400000000426,153.30599999999856,315.41200000000055,31.38199999999528,346.79399999999583
2012-03-30,-126.61000000000422,153.30599999999856,315.41200000000055,26.695999999995312,342.10799999999585
2012-03-31,-126.61000000000422,153.30599999999856,315.41200000000055,26.695999999995312,342.10799999999585
2012-04-01,-126.61000000000422,153.30599999999856,315.41200000000055,26.695999999995312,342.10799999999585
2012-04-02,-126.61000000000422,153.30599999999856,315.41200000000055,26.695999999995312,342.10799999999585
2012-04-03,-126.02800000000416,146.25599999999855,308.36200000000053,20.227999999995372,328.58999999999594
2012-04-04,-100.20800000000403,174.31199999999853,327.69100000000043,74.10399999999548,401.794999999996
2012-04-05,-100.20800000000403,166.9119999999984,320.2910000000003,66.70399999999535,386.9949999999957
2012-04-06,-103.5230000000042,157.8549999999983,320.2910000000003,54.33199999999512,374.62299999999544
2012-04-07,-103.67300000000421,157.8549999999983,320.2910000000003,54.18199999999512,374.47299999999547
2012-04-08,-103.67300000000421,157.57899999999842,320.2910000000003,53.90599999999524,374.19699999999557
2012-04-09,-103.67300000000421,157.57899999999842,320.2910000000003,53.90599999999524,374.19699999999557
2012-04-10,-103.67300000000421,131.57899999999836,331.6950000000002,27.905999999995196,359.60099999999545
2012-04-11,-108.3330000000041,131.57899999999836,331.79700000000025,23.245999999995295,355.0429999999956
2012-04-12,-112.63000000000395,131.57899999999836,337.0620000000003,18.94899999999545,356.01099999999576
2012-04-13,-116.9840000000038,131.57899999999836,314.55800000000033,14.59499999999559,329.1529999999959
2012-04-14,-116.9840000000038,131.57899999999836,314.55800000000033,14.59499999999559,329.1529999999959
2012-04-15,-117.2840000000038,131.57899999999836,314.55800000000033,14.29499999999559,328.8529999999959
2012-04-16,-114.83800000000393,131.57899999999836,314.55800000000033,16.740999999995456,331.2989999999958
2012-04-17,-114.83800000000393,131.57899999999836,303.80000000000024,16.740999999995456,320.5409999999957
2012-04-18,-114.83800000000393,131.57899999999836,303.80000000000024,16.740999999995456,320.5409999999957
2012-04-19,-114.83800000000393,131.57899999999836,303.80000000000024,16.740999999995456,320.5409999999957
2012-04-20,-114.83800000000393,131.57899999999836,303.80000000000024,16.740999999995456,320.5409999999957
2012-04-21,-114.83800000000393,131.57899999999836,303.80000000000024,16.740999999995456,320.5409999999957
2012-04-22,-114.83800000000393,131.57899999999836,303.80000000000024,16.740999999995456,320.5409999999957
2012-04-23,-116.26500000000388,124.07299999999846,293.0490000000002,7.8079999999956,300.8569999999958
2012-04-24,-111.5010000000038,124.07299999999846,293.0490000000002,12.571999999995677,305.6209999999959
2012-04-25,-111.5010000000038,124.07299999999846,293.0490000000002,12.571999999995677,305.6209999999959
2012-04-26,-107.44400000000383,124.07299999999846,301.65900000000005,16.62899999999565,318.2879999999957
2012-04-27,-111.37000000000403,124.07299999999846,306.207,12.702999999995445,318.9099999999954
2012-04-28,-111.37000000000403,124.07299999999846,306.207,12.702999999995445,318.9099999999954
2012-04-29,-111.37000000000403,124.07299999999846,306.207,12.702999999995445,318.9099999999954
2012-04-30,-122.58300000000403,124.07299999999846,306.207,1.4899999999954332,307.6969999999954
2012-05-01,-122.58300000000403,124.07299999999846,306.207,1.4899999999954332,307.6969999999954
2012-05-02,-116.46600000000412,124.07299999999846,306.207,7.606999999995349,313.8139999999953
2012-05-03,-104.26800000000406,124.07299999999846,315.6369999999998,19.804999999995395,335.4419999999951
2012-05-04,-105.58200000000396,124.07299999999846,307.8939999999998,18.4909999999955,326.3849999999952
2012-05-05,-105.58200000000396,124.07299999999846,307.8939999999998,18.4909999999955,326.3849999999952
2012-05-06,-105.58200000000396,124.07299999999846,307.8939999999998,18.4909999999955,326.3849999999952
2012-05-07,-105.58200000000396,124.07299999999846,307.8939999999998,18.4909999999955,326.3849999999952
2012-05-08,-81.64900000000401,144.96299999999852,316.10399999999976,63.3139999999955,379.41799999999523
2012-05-09,-69.757000000004,159.7499999999985,330.89099999999974,89.9929999999955,420.88399999999524
2012-05-10,-74.48200000000395,156.49099999999842,330.89099999999974,82.0089999999955,412.8999999999952
2012-05-11,-83.97500000000393,169.22699999999847,330.89099999999974,85.25199999999558,416.14299999999525
2012-05-12,-83.97500000000393,169.22699999999847,330.89099999999974,85.25199999999558,416.14299999999525
2012-05-13,-83.97500000000393,168.8959999999985,330.89099999999974,84.92099999999563,415.8119999999953
2012-05-14,-74.70800000000392,190.04599999999854,333.3509999999997,115.33799999999567,448.68899999999536
2012-05-15,-74.70800000000392,205.93099999999848,349.23599999999965,131.2229999999956,480.4589999999952
2012-05-16,-80.25200000000406,209.9949999999985,353.29999999999967,129.7429999999955,483.0429999999952
2012-05-17,-60.478000000004215,175.56199999999848,353.29999999999967,115.08399999999531,468.383999999995
2012-05-18,-41.2400000000042,157.74199999999848,357.2559999999995,116.50199999999535,473.7579999999949
2012-05-19,-41.2400000000042,157.74199999999848,357.2559999999995,116.50199999999535,473.7579999999949
2012-05-20,-41.2400000000042,157.74199999999848,356.95799999999946,116.50199999999535,473.45999999999486
2012-05-21,-41.2400000000042,157.74199999999848,356.95799999999946,116.50199999999535,473.45999999999486
2012-05-22,-41.2400000000042,157.74199999999848,356.95799999999946,116.50199999999535,473.45999999999486
2012-05-23,-45.6800000000043,153.78599999999852,356.95799999999946,108.1059999999953,465.0639999999948
2012-05-24,-56.33300000000436,152.44999999999868,356.95799999999946,96.11699999999541,453.0749999999949
2012-05-25,-56.33300000000436,135.74999999999858,356.95799999999946,79.41699999999533,436.37499999999477
2012-05-26,-56.33300000000436,135.74999999999858,356.95799999999946,79.41699999999533,436.37499999999477
2012-05-27,-56.33300000000436,135.74999999999858,356.95799999999946,79.41699999999533,436.37499999999477
2012-05-28,-58.92800000000443,135.74999999999858,356.95799999999946,76.82199999999526,433.7799999999947
2012-05-29,-58.92800000000443,135.74999999999858,356.95799999999946,76.82199999999526,433.7799999999947
2012-05-30,-61.135000000004354,117.88899999999843,329.4059999999995,56.75399999999518,386.1599999999947
2012-05-31,-65.85200000000427,117.88899999999843,329.4059999999995,52.03699999999527,381.44299999999475
2012-06-01,-42.160000000004075,117.88899999999843,350.3359999999995,75.72899999999545,426.06499999999494
2012-06-02,-42.160000000004075,117.88899999999843,350.3359999999995,75.72899999999545,426.06499999999494
2012-06-03,-41.59400000000386,117.88899999999843,350.02999999999963,76.29499999999567,426.32499999999527
2012-06-04,-48.32700000000385,117.88899999999843,350.02999999999963,69.56199999999568,419.59199999999527
2012-06-05,-48.32700000000385,117.88899999999843,350.02999999999963,69.56199999999568,419.59199999999527
2012-06-06,-48.32700000000385,117.88899999999843,350.02999999999963,69.56199999999568,419.59199999999527
2012-06-07,-53.58700000000388,117.88899999999843,350.02999999999963,64.30199999999564,414.3319999999952
2012-06-08,-71.89700000000387,117.88899999999843,350.02999999999963,45.991999999995656,396.0219999999952
2012-06-09,-71.89700000000387,117.88899999999843,350.02999999999963,45.991999999995656,396.0219999999952
2012-06-10,-71.89700000000387,117.88899999999843,350.02999999999963,45.991999999995656,396.0219999999952
2012-06-11,-81.33700000000374,117.88899999999843,350.02999999999963,36.551999999995786,386.58199999999533
2012-06-12,-81.33700000000374,117.88899999999843,350.02999999999963,36.551999999995786,386.58199999999533
2012-06-13,-81.33700000000374,115.06299999999837,350.02999999999963,33.72599999999572,383.75599999999525
2012-06-14,-81.33700000000374,121.02799999999847,350.02999999999963,39.690999999995825,389.72099999999534
2012-06-15,-81.33700000000374,123.9289999999985,350.02999999999963,42.59199999999585,392.62199999999535
2012-06-16,-81.33700000000374,123.9289999999985,350.02999999999963,42.59199999999585,392.62199999999535
2012-06-17,-81.33700000000374,123.54299999999849,350.02999999999963,42.20599999999584,392.23599999999533
2012-06-18,-81.33700000000374,134.52399999999844,350.02999999999963,53.18699999999579,403.21699999999527
2012-06-19,-81.33700000000374,126.09799999999846,350.02999999999963,44.76099999999582,394.7909999999953
2012-06-20,-69.46500000000371,112.94999999999828,348.20499999999976,43.48499999999566,391.6899999999953
2012-06-21,-37.5730000000037,112.94999999999828,387.0429999999999,75.37699999999566,462.4199999999954
2012-06-22,-39.53400000000376,112.94999999999828,380.0059999999998,73.4159999999956,453.42199999999525
2012-06-23,-39.53400000000376,112.94999999999828,380.0059999999998,73.4159999999956,453.42199999999525
2012-06-24,-39.53400000000376,112.94999999999828,380.0059999999998,73.4159999999956,453.42199999999525
2012-06-25,-39.53400000000376,112.94999999999828,380.0059999999998,73.4159999999956,453.42199999999525
2012-06-26,-39.53400000000376,112.94999999999828,380.0059999999998,73.4159999999956,453.42199999999525
2012-06-27,-41.074000000003764,112.94999999999828,380.0059999999998,71.8759999999956,451.88199999999523
2012-06-28,-41.47500000000365,112.94999999999828,377.3819999999997,71.47499999999572,448.85699999999525
2012-06-29,-34.29500000000345,112.94999999999828,362.51099999999974,78.65499999999591,441.1659999999955
2012-06-30,-34.29500000000345,112.94999999999828,362.51099999999974,78.65499999999591,441.1659999999955
2012-07-01,-34.34600000000342,112.94999999999828,362.20999999999975,78.60399999999593,440.81399999999553
2012-07-02,-34.34600000000342,112.94999999999828,362.20999999999975,78.60399999999593,440.81399999999553
2012-07-03,-21.56000000000341,113.74499999999831,363.00499999999977,92.18499999999597,455.1899999999956
2012-07-04,-21.56000000000341,109.86799999999832,359.12799999999976,88.30799999999597,447.4359999999956
2012-07-05,-21.56000000000341,95.61899999999825,359.12799999999976,74.0589999999959,433.1869999999955
2012-07-06,-10.979000000003325,95.61899999999825,362.6469999999997,84.639999999996,447.28699999999554
2012-07-07,-10.979000000003325,95.61899999999825,362.6469999999997,84.639999999996,447.28699999999554
2012-07-08,-10.979000000003325,95.61899999999825,362.4139999999997,84.639999999996,447.05399999999554
2012-07-09,-14.864000000003362,95.61899999999825,362.4139999999997,80.75499999999596,443.1689999999955
2012-07-10,-29.08100000000332,95.61899999999825,359.8099999999996,66.537999999996,426.34799999999547
2012-07-11,-34.33400000000329,95.61899999999825,352.49199999999956,61.28499999999603,413.77699999999544
2012-07-12,-34.33400000000329,82.78099999999824,339.65399999999954,48.446999999996024,388.1009999999954
2012-07-13,-24.085000000003088,82.78099999999824,339.65399999999954,58.69599999999623,398.3499999999956
2012-07-14,-24.085000000003088,82.78099999999824,339.65399999999954,58.69599999999623,398.3499999999956
2012-07-15,-24.085000000003088,82.78099999999824,339.65399999999954,58.69599999999623,398.3499999999956
2012-07-16,-29.86700000000306,82.78099999999824,339.65399999999954,52.913999999996264,392.5679999999956
2012-07-17,-29.86700000000306,82.78099999999824,339.65399999999954,52.913999999996264,392.5679999999956
2012-07-18,-29.86700000000306,82.78099999999824,339.65399999999954,52.913999999996264,392.5679999999956
2012-07-19,-29.86700000000306,82.78099999999824,339.65399999999954,52.913999999996264,392.5679999999956
2012-07-20,-29.86700000000306,82.78099999999824,339.65399999999954,52.913999999996264,392.5679999999956
2012-07-21,-29.86700000000306,82.78099999999824,339.65399999999954,52.913999999996264,392.5679999999956
2012-07-22,-29.86700000000306,82.78099999999824,339.65399999999954,52.913999999996264,392.5679999999956
2012-07-23,-29.06300000000302,82.78099999999824,339.65399999999954,53.71799999999631,393.37199999999564
2012-07-24,-29.06300000000302,82.78099999999824,339.65399999999954,53.71799999999631,393.37199999999564
2012-07-25,-12.827000000002961,82.78099999999824,351.2099999999995,69.95399999999637,421.16399999999567
2012-07-26,-14.006000000003095,81.63899999999838,362.6179999999996,67.63299999999637,430.25099999999577
2012-07-27,-14.006000000003095,91.36499999999845,372.34399999999965,77.35899999999644,449.7029999999959
2012-07-28,-14.006000000003095,91.36499999999845,372.34399999999965,77.35899999999644,449.7029999999959
2012-07-30,-14.006000000003095,90.51999999999833,372.34399999999965,76.51399999999633,448.85799999999574
2012-07-31,-16.516000000002904,82.20499999999846,372.34399999999965,65.68899999999664,438.03299999999604
2012-08-01,-10.814000000002997,64.61899999999864,370.9739999999995,53.80499999999672,424.77899999999596
2012-08-02,-10.814000000002997,64.61899999999864,373.5939999999993,53.80499999999672,427.3989999999958
2012-08-03,-10.814000000002997,64.61899999999864,358.44499999999914,53.80499999999672,412.2499999999956
2012-08-04,-10.814000000002997,64.61899999999864,358.44499999999914,53.80499999999672,412.2499999999956
2012-08-05,-10.814000000002997,64.61899999999864,358.44499999999914,53.80499999999672,412.2499999999956
2012-08-06,-4.390000000003064,64.61899999999864,358.44499999999914,60.22899999999665,418.67399999999554
2012-08-07,-4.390000000003064,64.61899999999864,358.44499999999914,60.22899999999665,418.67399999999554
2012-08-08,-11.117000000002971,64.61899999999864,358.44499999999914,53.50199999999674,411.9469999999956
2012-08-09,-11.117000000002971,64.61899999999864,358.44499999999914,53.50199999999674,411.9469999999956
2012-08-10,-20.942000000003063,61.62499999999868,355.45099999999917,40.68299999999669,396.13399999999564
2012-08-11,-20.942000000003063,61.62499999999868,355.45099999999917,40.68299999999669,396.13399999999564
2012-08-12,-20.942000000003063,61.62499999999868,355.45099999999917,40.68299999999669,396.13399999999564
2012-08-13,-17.125000000002963,46.64899999999875,355.45099999999917,29.523999999996853,384.9749999999958
2012-08-14,-25.459000000002888,46.64899999999875,352.1309999999992,21.189999999996928,373.32099999999593
2012-08-15,-37.25700000000298,46.64899999999875,347.0749999999993,9.391999999996836,356.466999999996
2012-08-16,-39.20000000000301,46.64899999999875,347.0749999999993,7.448999999996807,354.52399999999597
2012-08-17,-42.45400000000296,46.64899999999875,347.0749999999993,4.194999999996856,351.269999999996
2012-08-18,-42.45400000000296,46.64899999999875,347.0749999999993,4.194999999996856,351.269999999996
2012-08-19,-42.45400000000296,46.64899999999875,347.0749999999993,4.194999999996856,351.269999999996
2012-08-20,-42.45400000000296,46.64899999999875,347.0749999999993,4.194999999996856,351.269999999996
2012-08-21,-37.46300000000302,57.631999999998655,358.0579999999992,20.168999999996696,378.22699999999577
2012-08-22,-37.46300000000302,75.17799999999866,375.6039999999992,37.71499999999671,413.31899999999575
2012-08-23,-26.660000000002956,91.46199999999872,391.88799999999924,64.80199999999684,456.68999999999596
2012-08-24,-26.660000000002956,91.04199999999884,391.46799999999934,64.38199999999695,455.84999999999616
2012-08-25,-26.660000000002956,91.04199999999884,391.46799999999934,64.38199999999695,455.84999999999616
2012-08-26,-26.660000000002956,90.6429999999989,391.46799999999934,63.98299999999702,455.4509999999962
2012-08-27,-30.23000000000298,80.79899999999904,391.46799999999934,50.568999999997125,442.03699999999634
2012-08-28,-36.95500000000293,81.59899999999918,391.46799999999934,44.643999999997305,436.1119999999965
2012-08-29,-35.77100000000278,70.43599999999935,392.23499999999933,34.664999999997626,426.89999999999685
2012-08-30,-40.73500000000276,68.71399999999933,393.35699999999935,27.978999999997612,421.3359999999969
2012-08-31,-24.135000000002673,101.7519999999993,366.87099999999936,77.61699999999767,444.487999999997
2012-09-01,-24.135000000002673,101.7519999999993,366.87099999999936,77.61699999999767,444.487999999997
2012-09-02,-24.437000000002627,101.4189999999994,366.53799999999944,76.98199999999783,443.51999999999725
2012-09-03,-26.796000000002596,102.58099999999939,366.53799999999944,75.78499999999785,442.32299999999725
2012-09-04,-26.796000000002596,107.02799999999947,366.53799999999944,80.23199999999792,446.7699999999973
2012-09-05,-26.796000000002596,105.22799999999947,366.53799999999944,78.43199999999793,444.9699999999973
2012-09-06,-33.77900000000259,112.79099999999953,366.53799999999944,79.01199999999798,445.54999999999734
2012-09-07,-62.08900000000263,148.53799999999956,378.0969999999996,86.44899999999798,464.5459999999975
2012-09-08,-62.08900000000263,148.53799999999956,378.0969999999996,86.44899999999798,464.5459999999975
2012-09-09,-62.916000000002505,147.71099999999967,377.2699999999997,84.79499999999823,462.06499999999784
2012-09-10,-59.32100000000248,138.82599999999974,377.1199999999997,79.5049999999983,456.6249999999979
2012-09-11,-65.6200000000025,144.22099999999966,377.1199999999997,78.60099999999822,455.7209999999978
2012-09-12,-65.6200000000025,142.34099999999972,377.1199999999997,76.7209999999983,453.84099999999785
2012-09-13,-109.33800000000244,177.4069999999997,375.50099999999975,68.06899999999834,443.56999999999795
2012-09-14,-110.25000000000252,179.81699999999972,377.9109999999998,69.5669999999983,447.47799999999796
2012-09-15,-110.25000000000252,179.81699999999972,377.9109999999998,69.5669999999983,447.47799999999796
2012-09-16,-110.25000000000252,179.51099999999985,377.9109999999998,69.26099999999845,447.1719999999981
2012-09-17,-107.70600000000246,162.35499999999985,377.9109999999998,54.6489999999985,432.5599999999981
2012-09-18,-113.65100000000244,170.65499999999997,377.9109999999998,57.003999999998655,434.91499999999826
2012-09-19,-113.65100000000244,169.2619999999999,377.9109999999998,55.61099999999858,433.5219999999982
2012-09-20,-122.65100000000248,166.2919999999998,368.0809999999998,43.64099999999846,411.7219999999981
2012-09-21,-136.12200000000254,171.72399999999976,368.0809999999998,35.601999999998384,403.682999999998
2012-09-22,-136.12200000000254,171.72399999999976,368.0809999999998,35.601999999998384,403.682999999998
2012-09-23,-136.12200000000254,171.72399999999976,368.0809999999998,35.601999999998384,403.682999999998
2012-09-24,-138.01000000000252,171.72399999999976,363.08499999999987,33.71399999999842,396.7989999999981
2012-09-25,-138.01000000000252,171.72399999999976,363.3779999999997,33.71399999999842,397.09199999999794
2012-09-26,-148.14100000000266,171.72399999999976,373.27799999999974,23.58299999999829,396.86099999999783
2012-09-27,-148.14100000000266,171.72399999999976,352.17799999999977,23.58299999999829,375.76099999999786
2012-09-28,-148.14100000000266,171.72399999999976,352.17799999999977,23.58299999999829,375.76099999999786
2012-09-29,-148.14100000000266,171.72399999999976,352.17799999999977,23.58299999999829,375.76099999999786
2012-09-30,-148.14100000000266,171.72399999999976,352.17799999999977,23.58299999999829,375.76099999999786
2012-10-01,-154.69300000000263,171.72399999999976,352.17799999999977,17.030999999998336,369.2089999999979
2012-10-02,-154.69300000000263,171.72399999999976,352.17799999999977,17.030999999998336,369.2089999999979
2012-10-03,-154.69300000000263,171.72399999999976,352.17799999999977,17.030999999998336,369.2089999999979
2012-10-04,-152.2460000000028,171.72399999999976,352.17799999999977,19.47799999999818,371.65599999999773
2012-10-05,-155.33800000000272,171.72399999999976,352.17799999999977,16.385999999998262,368.5639999999978
2012-10-06,-155.33800000000272,171.72399999999976,352.17799999999977,16.385999999998262,368.5639999999978
2012-10-07,-155.33800000000272,171.72399999999976,352.17799999999977,16.385999999998262,368.5639999999978
2012-10-08,-155.54600000000264,171.72399999999976,347.7639999999997,16.17799999999836,363.94199999999785
2012-10-09,-159.7620000000028,171.72399999999976,357.8579999999997,11.961999999998191,369.81999999999766
2012-10-10,-159.7620000000028,171.72399999999976,358.8749999999997,11.961999999998191,370.83699999999766
2012-10-11,-161.33100000000283,171.72399999999976,352.47499999999957,10.392999999998185,362.8679999999975
2012-10-12,-161.89400000000276,171.72399999999976,357.5969999999996,9.829999999998265,367.4269999999976
2012-10-13,-161.89400000000276,171.72399999999976,357.5969999999996,9.829999999998265,367.4269999999976
2012-10-14,-162.23300000000276,171.72399999999976,357.2669999999996,9.490999999998277,366.7579999999976
2012-10-15,-154.70200000000287,171.72399999999976,365.73699999999957,17.02199999999818,382.75899999999746
2012-10-16,-152.3230000000028,171.72399999999976,354.53299999999956,19.400999999998266,373.9339999999975
2012-10-17,-154.8020000000029,171.72399999999976,354.53299999999956,16.921999999998178,371.4549999999974
2012-10-18,-154.8020000000029,171.72399999999976,354.53299999999956,16.921999999998178,371.4549999999974
2012-10-19,-157.19300000000302,186.16399999999976,350.8899999999995,28.970999999998067,379.86099999999726
2012-10-20,-157.19300000000302,186.16399999999976,350.8899999999995,28.970999999998067,379.86099999999726
2012-10-21,-157.19300000000302,185.88799999999986,350.6139999999996,28.69499999999818,379.30899999999747
2012-10-22,-165.29400000000297,171.12699999999984,335.85299999999955,5.832999999998236,341.68599999999753
2012-10-23,-159.6080000000031,192.17599999999976,341.2089999999995,32.567999999998044,373.7769999999973
2012-10-24,-159.6080000000031,199.43499999999972,348.46799999999945,39.82699999999801,388.29499999999723
2012-10-25,-161.91900000000308,190.34599999999972,348.46799999999945,28.426999999998053,376.89499999999725
2012-10-26,-161.91900000000308,190.7059999999998,348.46799999999945,28.786999999998134,377.2549999999973
2012-10-27,-161.91900000000308,190.7059999999998,348.46799999999945,28.786999999998134,377.2549999999973
2012-10-28,-161.91900000000308,190.42099999999965,348.46799999999945,28.501999999998006,376.9699999999972
2012-10-29,-166.7190000000031,192.5359999999996,348.46799999999945,25.816999999997968,374.2849999999971
2012-10-30,-166.7190000000031,189.6009999999996,348.46799999999945,22.881999999997976,371.3499999999971
2012-10-31,-163.35900000000325,178.5399999999994,351.4879999999996,15.180999999997635,366.66899999999697
2012-11-01,-163.35900000000325,178.5399999999994,344.6929999999995,15.180999999997635,359.87399999999684
2012-11-02,-132.67800000000327,206.8399999999993,361.89299999999946,74.16199999999753,436.05499999999677
2012-11-03,-132.67800000000327,206.8399999999993,361.89299999999946,74.16199999999753,436.05499999999677
2012-11-04,-132.94600000000312,206.4239999999993,361.47699999999946,73.4779999999977,434.95499999999697
2012-11-05,-134.16500000000323,203.80199999999917,361.47699999999946,69.6369999999975,431.11399999999674
2012-11-06,-104.76500000000318,173.3019999999991,361.47699999999946,68.5369999999975,430.0139999999967
2012-11-07,-105.56600000000338,173.3019999999991,357.4769999999994,67.7359999999973,425.21299999999644
2012-11-08,-105.56600000000338,173.3019999999991,361.37699999999944,67.7359999999973,429.1129999999965
2012-11-09,-108.7550000000035,173.3019999999991,360.2769999999995,64.54699999999718,424.8239999999964
2012-11-10,-108.7550000000035,173.3019999999991,360.2769999999995,64.54699999999718,424.8239999999964
2012-11-11,-108.7550000000035,173.3019999999991,360.2769999999995,64.54699999999718,424.8239999999964
2012-11-12,-108.7550000000035,173.3019999999991,351.2809999999993,64.54699999999718,415.8279999999962
2012-11-13,-108.7550000000035,173.3019999999991,351.2809999999993,64.54699999999718,415.8279999999962
2012-11-14,-108.7550000000035,173.3019999999991,351.2809999999993,64.54699999999718,415.8279999999962
2012-11-15,-108.7550000000035,173.3019999999991,348.88399999999933,64.54699999999718,413.43099999999623
2012-11-16,-108.7550000000035,173.3019999999991,348.88399999999933,64.54699999999718,413.43099999999623
2012-11-17,-108.7550000000035,173.3019999999991,348.88399999999933,64.54699999999718,413.43099999999623
2012-11-18,-108.7550000000035,173.3019999999991,348.88399999999933,64.54699999999718,413.43099999999623
2012-11-19,-98.25000000000367,173.3019999999991,349.8839999999993,75.05199999999702,424.935999999996
2012-11-20,-98.25000000000367,173.3019999999991,343.64799999999934,75.05199999999702,418.69999999999607
2012-11-21,-102.85000000000362,173.3019999999991,343.64799999999934,70.45199999999707,414.0999999999961
2012-11-22,-102.85000000000362,173.3019999999991,343.64799999999934,70.45199999999707,414.0999999999961
2012-11-23,-102.1150000000036,175.93099999999896,346.2769999999992,73.81599999999695,420.0929999999958
2012-11-24,-102.26500000000361,175.93099999999896,346.2769999999992,73.66599999999694,419.94299999999583
2012-11-25,-102.53400000000366,175.59899999999902,346.2769999999992,73.06499999999697,419.34199999999583
2012-11-26,-104.91900000000369,173.49899999999883,346.2769999999992,68.57999999999676,414.8569999999956
2012-11-27,-104.91900000000369,165.0989999999989,346.2769999999992,60.17999999999685,406.4569999999957
2012-11-28,-84.23600000000374,165.0989999999989,341.83899999999926,80.8629999999968,422.7019999999957
2012-11-29,-84.23600000000374,165.0989999999989,341.83899999999926,80.8629999999968,422.7019999999957
2012-11-30,-88.00500000000379,165.0989999999989,341.83899999999926,77.09399999999675,418.9329999999956
2012-12-02,-88.38500000000394,165.0989999999989,341.83899999999926,76.7139999999966,418.55299999999545
2012-12-03,-93.240000000004,165.0989999999989,341.83899999999926,71.85899999999654,413.6979999999954
2012-12-04,-89.68200000000405,161.7989999999989,344.9969999999991,72.1169999999965,417.1139999999952
2012-12-05,-89.68200000000405,162.79899999999884,336.99699999999905,73.11699999999645,410.1139999999951
2012-12-06,-89.68200000000405,156.89899999999892,336.99699999999905,67.21699999999655,404.21399999999517
2012-12-07,-96.00200000000403,156.89899999999892,336.99699999999905,60.89699999999657,397.8939999999952
2012-12-08,-96.00200000000403,156.89899999999892,336.99699999999905,60.89699999999657,397.8939999999952
2012-12-09,-96.00200000000403,156.89899999999892,336.99699999999905,60.89699999999657,397.8939999999952
2012-12-10,-92.7110000000039,156.89899999999892,336.99699999999905,64.18799999999669,401.1849999999953
2012-12-11,-92.7110000000039,156.89899999999892,336.99699999999905,64.18799999999669,401.1849999999953
2012-12-12,-96.57800000000391,156.89899999999892,326.572999999999,60.32099999999669,386.89399999999523
2012-12-13,-90.47700000000384,156.89899999999892,326.572999999999,66.42199999999676,392.9949999999953
2012-12-14,-90.47700000000384,156.89899999999892,326.572999999999,66.42199999999676,392.9949999999953
2012-12-16,-90.47700000000384,156.89899999999892,326.572999999999,66.42199999999676,392.9949999999953
2012-12-17,-90.47700000000384,149.66799999999887,317.62499999999886,59.19099999999672,376.8159999999951
2012-12-18,-81.02700000000388,169.6589999999988,317.70599999999894,88.63199999999662,406.3379999999951
2012-12-19,-81.84200000000398,176.2669999999987,317.70599999999894,94.42499999999643,412.13099999999486
2012-12-20,-77.79000000000389,194.61799999999852,321.1089999999989,116.82799999999636,437.9369999999948
2012-12-21,-81.09500000000399,187.8899999999984,321.1089999999989,106.79499999999615,427.90399999999454
2012-12-22,-81.09500000000399,187.8899999999984,321.1089999999989,106.79499999999615,427.90399999999454
2012-12-23,-81.09500000000399,187.57899999999842,321.1089999999989,106.48399999999619,427.59299999999456
2012-12-24,-81.12800000000394,187.38199999999847,321.1089999999989,106.25399999999631,427.36299999999466
2012-12-25,-81.12800000000394,187.05399999999844,321.1089999999989,105.9259999999963,427.0349999999946
2012-12-26,-91.13300000000413,178.20499999999845,321.1089999999989,87.07199999999611,408.18099999999447
2012-12-27,-91.13300000000413,172.36599999999845,321.1089999999989,81.23299999999612,402.34199999999447
2012-12-28,-91.13300000000413,176.7219999999984,321.1089999999989,85.58899999999608,406.6979999999944
2012-12-30,-91.13300000000413,176.18599999999844,321.1089999999989,85.05299999999613,406.16199999999446
2012-12-31,-82.00500000000402,159.9359999999985,309.12899999999877,77.93099999999629,387.0599999999945
2013-01-01,-82.76800000000405,159.9359999999985,309.12899999999877,77.16799999999625,386.29699999999445
2013-01-02,-71.7430000000041,159.9359999999985,312.26599999999866,88.1929999999962,400.4589999999943
2013-01-03,-59.11100000000408,159.9359999999985,312.26599999999866,100.82499999999622,413.0909999999943
2013-01-04,-43.5350000000041,155.2839999999984,303.7699999999985,111.7489999999961,415.5189999999941
2013-01-07,-43.5350000000041,154.31199999999836,303.7699999999985,110.77699999999608,414.54699999999406
2013-01-08,-43.5350000000041,144.66699999999832,303.7699999999985,101.13199999999605,404.901999999994
2013-01-09,-43.5350000000041,144.66699999999832,303.7699999999985,101.13199999999605,404.901999999994
2013-01-10,-44.844000000004115,144.66699999999832,312.7069999999986,99.82299999999604,412.52999999999406
2013-01-11,-44.844000000004115,144.66699999999832,312.7069999999986,99.82299999999604,412.52999999999406
2013-01-14,-44.844000000004115,144.66699999999832,312.7069999999986,99.82299999999604,412.52999999999406
2013-01-15,-44.844000000004115,144.66699999999832,309.7259999999985,99.82299999999604,409.548999999994
2013-01-16,-44.844000000004115,144.66699999999832,309.7259999999985,99.82299999999604,409.548999999994
2013-01-17,-44.844000000004115,144.66699999999832,310.1259999999983,99.82299999999604,409.9489999999938
2013-01-18,-45.990000000004116,144.66699999999832,310.1259999999983,98.67699999999604,408.8029999999938
2013-01-21,-45.990000000004116,144.66699999999832,310.1259999999983,98.67699999999604,408.8029999999938
2013-01-22,-45.990000000004116,144.66699999999832,310.1259999999983,98.67699999999604,408.8029999999938
2013-01-23,-44.33100000000405,144.66699999999832,310.1259999999983,100.3359999999961,410.46199999999385
2013-01-24,-27.827000000003967,144.66699999999832,324.4079999999982,116.8399999999962,441.2479999999938
2013-01-25,-34.54800000000412,144.66699999999832,326.9289999999983,110.11899999999603,437.04799999999375
2013-01-28,-34.69800000000412,144.66699999999832,326.9289999999983,109.96899999999603,436.8979999999938
2013-01-29,-34.69800000000412,144.66699999999832,326.9289999999983,109.96899999999603,436.8979999999938
2013-01-30,-34.091000000003966,144.66699999999832,326.9289999999983,110.57599999999618,437.5049999999939
2013-01-31,-35.31800000000387,144.66699999999832,326.9289999999983,109.34899999999628,436.277999999994
2013-02-01,-49.638000000003736,144.66699999999832,326.9289999999983,95.02899999999642,421.9579999999941
2013-02-04,-49.788000000003734,144.66699999999832,326.9289999999983,94.87899999999641,421.80799999999414
2013-02-05,-61.80800000000381,144.66699999999832,326.9289999999983,82.85899999999634,409.78799999999404
2013-02-06,-61.80800000000381,144.66699999999832,326.9289999999983,82.85899999999634,409.78799999999404
2013-02-07,-75.32600000000389,144.66699999999832,326.9289999999983,69.34099999999627,396.26999999999396
2013-02-08,-75.32600000000389,144.66699999999832,326.9289999999983,69.34099999999627,396.26999999999396
2013-02-11,-68.93100000000395,144.2419999999983,339.45399999999836,75.31099999999621,414.76499999999396
2013-02-12,-69.36200000000403,140.8989999999984,339.45399999999836,71.53699999999624,410.99099999999396
2013-02-13,-75.086000000004,147.6089999999984,339.45399999999836,72.52299999999626,411.97699999999395
2013-02-14,-75.086000000004,156.0039999999983,337.72099999999836,80.9179999999962,418.63899999999387
2013-02-15,-51.03200000000419,181.92599999999828,355.2219999999983,130.893999999996,486.1159999999936
2013-02-18,-51.03200000000419,183.95099999999826,355.2219999999983,132.91899999999598,488.1409999999936
2013-02-19,-51.03200000000419,189.3849999999983,355.2219999999983,138.35299999999603,493.5749999999937
2013-02-20,-25.014000000004206,229.47299999999825,378.4919999999982,204.45899999999594,582.9509999999935
2013-02-21,-30.997000000004245,223.10099999999835,378.4919999999982,192.103999999996,570.5959999999936
2013-02-22,-35.91600000000439,220.95399999999836,378.4919999999982,185.0379999999959,563.5299999999935
2013-02-25,-26.95100000000429,204.73099999999835,378.4919999999982,177.779999999996,556.2719999999936
2013-02-26,-28.093000000004388,184.93599999999822,378.03999999999814,156.84299999999578,534.8829999999933
2013-02-27,-37.051000000004336,201.4359999999984,378.03999999999814,164.384999999996,542.4249999999936
2013-02-28,-37.051000000004336,217.7309999999984,378.03999999999814,180.67999999999603,558.7199999999937
2013-03-01,-37.051000000004336,222.67199999999838,378.03999999999814,185.620999999996,563.6609999999937
2013-03-04,-37.051000000004336,227.79499999999837,378.03999999999814,190.743999999996,568.7839999999937
2013-03-05,-44.258000000004486,227.4779999999983,378.03999999999814,183.2199999999958,561.2599999999935
2013-03-06,-44.258000000004486,221.34899999999834,378.03999999999814,177.09099999999583,555.1309999999936
2013-03-07,-51.36200000000457,225.60899999999828,378.03999999999814,174.2469999999957,552.2869999999934
2013-03-08,-51.36200000000457,226.9649999999982,378.03999999999814,175.60299999999563,553.6429999999934
2013-03-11,-52.54400000000463,224.0879999999982,376.4489999999982,171.54399999999558,547.9929999999935
2013-03-12,-53.2310000000048,224.0879999999982,387.271999999998,170.8569999999954,558.1289999999931
2013-03-13,-53.2310000000048,224.0879999999982,382.4469999999981,170.8569999999954,553.3039999999933
2013-03-14,-53.2310000000048,224.0879999999982,382.4469999999981,170.8569999999954,553.3039999999933
2013-03-15,-53.2310000000048,224.0879999999982,382.4469999999981,170.8569999999954,553.3039999999933
2013-03-18,-62.9250000000048,224.0879999999982,383.73999999999796,161.16299999999538,544.9029999999931
2013-03-19,-62.9250000000048,224.0879999999982,383.38199999999796,161.16299999999538,544.5449999999931
2013-03-20,-62.9250000000048,224.0879999999982,375.9489999999979,161.16299999999538,537.1119999999931
2013-03-21,-62.9250000000048,224.0879999999982,375.9489999999979,161.16299999999538,537.1119999999931
2013-03-22,-63.73500000000485,224.0879999999982,375.9489999999979,160.35299999999532,536.3019999999931
2013-03-25,-66.74400000000486,224.0879999999982,365.4949999999979,157.3439999999953,522.8389999999931
2013-03-26,-69.42400000000497,224.0879999999982,365.4949999999979,154.66399999999518,520.1589999999931
2013-03-27,-74.54800000000503,224.0879999999982,365.4949999999979,149.5399999999951,515.034999999993
2013-03-28,-75.5520000000048,224.0879999999982,365.4949999999979,148.53599999999534,514.0309999999932
2013-04-01,-77.91400000000492,224.0879999999982,365.4949999999979,146.1739999999952,511.6689999999931
2013-04-02,-63.920000000005096,233.27999999999815,374.68699999999785,169.35999999999498,544.0469999999929
2013-04-03,-45.79100000000524,251.47999999999814,392.88699999999784,205.68899999999485,598.5759999999927
2013-04-04,-41.38600000000508,256.62499999999807,398.03199999999777,215.23899999999495,613.2709999999928
2013-04-05,-30.250000000004935,229.35899999999816,398.03199999999777,199.1089999999952,597.140999999993
2013-04-08,-39.05200000000489,229.35899999999816,398.03199999999777,190.30699999999524,588.3389999999931
2013-04-09,-43.172000000004886,229.35899999999816,394.23199999999775,186.18699999999524,580.4189999999932
2013-04-10,-33.06600000000485,229.53299999999808,377.9529999999977,196.4669999999952,574.4199999999931
2013-04-11,-37.57200000000498,225.4779999999982,377.9529999999977,187.9059999999952,565.8589999999931
2013-04-12,24.207999999994954,298.50099999999804,435.25099999999765,322.708999999995,757.9599999999929
2013-04-15,159.9789999999951,423.9009999999981,526.8789999999977,583.8799999999951,1110.7589999999932
2013-04-16,112.85099999999512,400.8859999999979,503.8639999999976,513.736999999995,1017.600999999993
2013-04-17,112.85099999999512,400.8859999999979,503.8639999999976,513.736999999995,1017.600999999993
2013-04-18,112.85099999999512,400.8859999999979,503.8639999999976,513.736999999995,1017.600999999993
2013-04-19,97.95399999999515,400.8859999999979,503.8639999999976,498.839999999995,1002.703999999993
2013-04-22,97.75299999999508,400.8859999999979,494.5809999999974,498.6389999999949,993.2199999999928
2013-04-23,97.75299999999508,400.8859999999979,494.5809999999974,498.6389999999949,993.2199999999928
2013-04-24,97.75299999999508,400.8859999999979,494.5809999999974,498.6389999999949,993.2199999999928
2013-04-25,97.75299999999508,400.8859999999979,511.44599999999735,498.6389999999949,1010.0849999999928
2013-04-26,76.7599999999951,384.7119999999979,502.9409999999974,461.47199999999486,964.4129999999928
2013-04-29,76.7599999999951,384.7119999999979,502.9409999999974,461.47199999999486,964.4129999999928
2013-04-30,76.7599999999951,384.7119999999979,502.9409999999974,461.47199999999486,964.4129999999928
2013-05-01,76.7599999999951,384.7119999999979,502.9409999999974,461.47199999999486,964.4129999999928
2013-05-02,76.7599999999951,384.7119999999979,502.9409999999974,461.47199999999486,964.4129999999928
2013-05-03,76.7599999999951,384.7119999999979,502.9409999999974,461.47199999999486,964.4129999999928
2013-05-06,76.7599999999951,384.7119999999979,502.9409999999974,461.47199999999486,964.4129999999928
2013-05-07,76.7599999999951,384.7119999999979,502.9409999999974,461.47199999999486,964.4129999999928
2013-05-08,76.7599999999951,384.7119999999979,502.9409999999974,461.47199999999486,964.4129999999928
2013-05-09,76.7599999999951,384.7119999999979,502.9409999999974,461.47199999999486,964.4129999999928
2013-05-10,66.82299999999516,384.7119999999979,491.02299999999747,451.5349999999949,942.557999999993
2013-05-13,66.82299999999516,384.7119999999979,491.02299999999747,451.5349999999949,942.557999999993
2013-05-14,66.82299999999516,384.7119999999979,491.02299999999747,451.5349999999949,942.557999999993
2013-05-15,87.96199999999524,384.7119999999979,494.60299999999734,472.673999999995,967.2769999999929
2013-05-16,96.73799999999527,384.7119999999979,502.6549999999974,481.449999999995,984.104999999993
2013-05-17,98.43399999999536,384.7119999999979,502.6549999999974,483.14599999999507,985.8009999999931
2013-05-20,92.82699999999531,384.7119999999979,502.6549999999974,477.538999999995,980.193999999993
2013-05-21,60.929999999995054,384.7119999999979,502.6549999999974,445.6419999999947,948.2969999999927
2013-05-22,46.60199999999503,384.7119999999979,502.6549999999974,431.3139999999947,933.9689999999928
2013-05-23,47.379999999995235,384.7119999999979,502.6549999999974,432.09199999999487,934.746999999993
2013-05-24,47.379999999995235,384.7119999999979,502.6549999999974,432.09199999999487,934.746999999993
2013-05-27,45.53799999999526,384.7119999999979,502.6549999999974,430.2499999999949,932.904999999993
2013-05-28,41.401999999995155,384.7119999999979,502.6549999999974,426.1139999999948,928.768999999993
2013-05-29,41.401999999995155,384.7119999999979,502.6549999999974,426.1139999999948,928.768999999993
2013-05-30,58.12199999999514,384.7119999999979,514.0589999999974,442.8339999999948,956.8929999999929
2013-05-31,54.55199999999511,384.7119999999979,494.7629999999975,439.2639999999947,934.026999999993
2013-06-03,42.86999999999523,384.7119999999979,494.7629999999975,427.5819999999948,922.3449999999931
2013-06-04,29.670999999995068,384.7119999999979,494.7629999999975,414.38299999999464,909.1459999999929
2013-06-05,29.670999999995068,384.7119999999979,494.7629999999975,414.38299999999464,909.1459999999929
2013-06-06,29.670999999995068,384.7119999999979,494.7629999999975,414.38299999999464,909.1459999999929
2013-06-07,34.95099999999499,384.7119999999979,502.69099999999753,419.66299999999455,922.3539999999929
2013-06-10,33.39899999999504,384.7119999999979,502.69099999999753,418.1109999999946,920.801999999993
2013-06-11,33.39899999999504,384.7119999999979,496.7179999999975,418.1109999999946,914.828999999993
2013-06-12,27.96099999999512,384.7119999999979,496.7179999999975,412.67299999999466,909.3909999999931
2013-06-13,27.96099999999512,384.7119999999979,496.7179999999975,412.67299999999466,909.3909999999931
2013-06-14,27.96099999999512,384.7119999999979,496.7179999999975,412.67299999999466,909.3909999999931
2013-06-17,27.96099999999512,384.7119999999979,496.7179999999975,412.67299999999466,909.3909999999931
2013-06-18,28.558999999995258,384.7119999999979,497.8179999999976,413.2709999999948,911.0889999999933
2013-06-19,24.85599999999519,384.7119999999979,492.6729999999978,409.5679999999947,902.2409999999935
2013-06-20,93.44299999999514,448.7569999999979,556.7179999999978,542.1999999999947,1098.9179999999935
2013-06-21,83.58599999999512,434.1059999999978,542.0669999999977,517.6919999999946,1059.7589999999932
2013-06-24,83.58599999999512,445.2409999999977,542.0669999999977,528.8269999999945,1070.8939999999932
2013-06-25,83.58599999999512,451.9279999999978,542.0669999999977,535.5139999999947,1077.5809999999933
2013-06-26,111.9599999999951,503.96099999999785,563.3299999999979,615.9209999999947,1179.2509999999934
2013-06-27,111.9599999999951,532.973999999998,551.2109999999979,644.9339999999949,1196.1449999999934
2013-06-28,99.10399999999525,501.85499999999803,551.2109999999979,600.9589999999951,1152.1699999999935
2013-07-01,116.17599999999533,501.85499999999803,551.2109999999979,618.0309999999952,1169.2419999999936
2013-07-02,108.1859999999955,501.85499999999803,551.2109999999979,610.0409999999954,1161.2519999999938
2013-07-03,108.1859999999955,501.85499999999803,551.2109999999979,610.0409999999954,1161.2519999999938
2013-07-04,108.1859999999955,501.85499999999803,551.2109999999979,610.0409999999954,1161.2519999999938
2013-07-05,94.28599999999537,501.85499999999803,538.610999999998,596.1409999999953,1134.7519999999938
2013-07-08,93.90599999999537,501.85499999999803,538.610999999998,595.7609999999953,1134.371999999994
2013-07-09,102.28299999999541,501.85499999999803,538.610999999998,604.1379999999954,1142.7489999999939
2013-07-10,102.28299999999541,501.85499999999803,529.645999999998,604.1379999999954,1133.783999999994
2013-07-11,100.47999999999548,501.85499999999803,527.0129999999982,602.3349999999955,1129.3479999999943
2013-07-12,100.47999999999548,501.85499999999803,527.0129999999982,602.3349999999955,1129.3479999999943
2013-07-15,100.47999999999548,501.85499999999803,527.0129999999982,602.3349999999955,1129.3479999999943
2013-07-16,100.47999999999548,501.85499999999803,527.0129999999982,602.3349999999955,1129.3479999999943
2013-07-17,100.47999999999548,501.85499999999803,527.0129999999982,602.3349999999955,1129.3479999999943
2013-07-18,100.47999999999548,501.85499999999803,527.0129999999982,602.3349999999955,1129.3479999999943
2013-07-19,100.47999999999548,501.85499999999803,527.0129999999982,602.3349999999955,1129.3479999999943
2013-07-22,122.77299999999556,522.1659999999981,547.3239999999984,644.9389999999956,1192.2629999999945
2013-07-23,122.77299999999556,528.4229999999982,553.5809999999984,651.1959999999957,1204.7769999999946
2013-07-24,127.55899999999558,505.1419999999982,553.5809999999984,632.7009999999957,1186.2819999999947
2013-07-25,123.02399999999545,517.3959999999983,553.5809999999984,640.4199999999956,1194.0009999999947
2013-07-26,104.35399999999557,515.7529999999982,553.5809999999984,620.1069999999957,1173.6879999999949
2013-07-29,104.35399999999557,512.3629999999981,553.5809999999984,616.7169999999956,1170.2979999999948
2013-07-30,99.6239999999955,512.3629999999981,553.5809999999984,611.9869999999955,1165.5679999999948
2013-07-31,81.03099999999539,499.25299999999794,553.5809999999984,580.2839999999952,1133.8649999999946
2013-08-01,83.33399999999523,499.25299999999794,553.5809999999984,582.5869999999951,1136.1679999999944
2013-08-02,73.68999999999541,499.25299999999794,539.3409999999986,572.9429999999953,1112.2839999999949
2013-08-05,72.40999999999539,499.25299999999794,539.3409999999986,571.6629999999953,1111.003999999995
2013-08-06,81.08399999999533,499.25299999999794,539.3409999999986,580.3369999999953,1119.6779999999949
2013-08-07,72.89399999999546,499.25299999999794,530.9909999999987,572.1469999999955,1103.1379999999951
2013-08-08,72.40299999999539,499.25299999999794,530.9909999999987,571.6559999999954,1102.6469999999952
2013-08-09,69.69199999999533,499.25299999999794,530.9909999999987,568.9449999999954,1099.9359999999951
2013-08-12,73.62099999999538,499.25299999999794,538.9279999999986,572.8739999999955,1111.8019999999951
2013-08-13,73.62099999999538,499.25299999999794,538.9279999999986,572.8739999999955,1111.8019999999951
2013-08-14,68.64799999999538,499.25299999999794,538.9279999999986,567.9009999999955,1106.8289999999952
2013-08-15,62.43299999999542,519.120999999998,542.9909999999987,581.5539999999957,1124.5449999999953
2013-08-16,62.02199999999554,528.573999999998,552.4439999999987,590.5959999999957,1143.0399999999952
2013-08-19,62.02199999999554,519.3589999999981,552.4439999999987,581.3809999999958,1133.8249999999953
2013-08-20,53.7719999999955,525.2149999999981,552.4439999999987,578.9869999999956,1131.4309999999953
2013-08-21,53.7719999999955,523.7319999999982,552.4439999999987,577.5039999999957,1129.9479999999953
2013-08-22,53.7719999999955,531.9689999999982,535.3529999999986,585.7409999999958,1121.0939999999953
2013-08-23,60.74099999999551,553.5379999999982,536.2159999999986,614.2789999999957,1150.4949999999951
2013-08-26,56.26999999999546,551.7379999999982,536.2159999999986,608.0079999999956,1144.2239999999952
2013-08-27,56.474999999995575,566.5039999999983,537.4159999999987,622.9789999999957,1160.3949999999952
2013-08-28,56.474999999995575,564.9669999999983,535.8789999999987,621.4419999999957,1157.3209999999951
2013-08-29,53.820999999995536,554.2089999999982,535.8789999999987,608.0299999999955,1143.908999999995
2013-08-30,52.205999999995484,543.1069999999982,538.3159999999988,595.3129999999953,1133.628999999995
2013-09-02,32.97599999999565,543.1069999999982,529.2349999999988,576.0829999999955,1105.317999999995
2013-09-03,30.886999999995663,555.1109999999981,510.9459999999989,585.9979999999954,1096.943999999995
2013-09-04,25.51399999999575,537.440999999998,510.9459999999989,562.9549999999954,1073.9009999999948
2013-09-05,32.3529999999956,537.440999999998,509.68599999999884,569.7939999999952,1079.4799999999946
2013-09-06,8.552999999995603,537.440999999998,487.26999999999884,545.9939999999953,1033.2639999999947
2013-09-09,8.552999999995603,537.440999999998,487.26999999999884,545.9939999999953,1033.2639999999947
2013-09-10,21.953999999995624,537.440999999998,486.56999999999874,559.3949999999953,1045.9649999999947
2013-09-11,13.890999999995703,537.440999999998,487.9829999999987,551.3319999999954,1039.3149999999948
2013-09-12,36.94599999999572,537.440999999998,522.6639999999987,574.3869999999955,1097.050999999995
2013-09-13,41.44599999999568,537.440999999998,522.163999999999,578.8869999999955,1101.0509999999952
2013-09-16,23.444999999995883,537.440999999998,522.163999999999,560.8859999999958,1083.0499999999954
2013-09-17,23.444999999995883,537.440999999998,522.163999999999,560.8859999999958,1083.0499999999954
2013-09-18,70.91699999999577,537.440999999998,448.90199999999896,608.3579999999956,1057.2599999999952
2013-09-19,74.3219999999957,537.440999999998,448.90199999999896,611.7629999999956,1060.6649999999952
2013-09-20,82.85099999999565,537.440999999998,448.90199999999896,620.2919999999956,1069.1939999999952
2013-09-23,75.95099999999552,537.440999999998,448.90199999999896,613.3919999999955,1062.293999999995
2013-09-24,75.95099999999552,537.440999999998,448.90199999999896,613.3919999999955,1062.293999999995
2013-09-25,81.43199999999547,537.440999999998,448.90199999999896,618.8729999999955,1067.774999999995
2013-09-26,81.43199999999547,537.440999999998,448.90199999999896,618.8729999999955,1067.774999999995
2013-09-27,75.72099999999541,537.440999999998,448.90199999999896,613.1619999999955,1062.063999999995
2013-09-30,75.72099999999541,537.440999999998,448.90199999999896,613.1619999999955,1062.063999999995
2013-10-01,75.72099999999541,540.1639999999982,451.6249999999991,615.8849999999957,1067.5099999999954
2013-10-02,58.089999999995236,513.3089999999982,421.83499999999907,571.3989999999955,993.2339999999951
2013-10-03,58.089999999995236,513.3089999999982,421.83499999999907,571.3989999999955,993.2339999999951
2013-10-04,58.089999999995236,513.3089999999982,421.83499999999907,571.3989999999955,993.2339999999951
2013-10-07,58.089999999995236,513.3089999999982,421.83499999999907,571.3989999999955,993.2339999999951
2013-10-08,58.089999999995236,513.3089999999982,421.83499999999907,571.3989999999955,993.2339999999951
2013-10-09,58.089999999995236,513.3089999999982,421.83499999999907,571.3989999999955,993.2339999999951
2013-10-10,58.089999999995236,513.3089999999982,421.83499999999907,571.3989999999955,993.2339999999951
2013-10-11,53.494999999995166,530.496999999998,439.0229999999989,583.9919999999952,1023.0149999999948
2013-10-14,53.494999999995166,531.376999999998,439.0229999999989,584.8719999999952,1023.8949999999948
2013-10-15,35.53499999999508,522.6869999999979,439.0229999999989,558.2219999999949,997.2449999999944
2013-10-16,35.53499999999508,522.0209999999979,439.0229999999989,557.5559999999949,996.5789999999945
2013-10-17,34.070999999995095,477.2479999999977,437.44899999999876,511.31899999999473,948.7679999999942
2013-10-18,30.31799999999512,477.2479999999977,433.86899999999855,507.56599999999474,941.434999999994
2013-10-21,30.31799999999512,477.2479999999977,433.86899999999855,507.56599999999474,941.434999999994
2013-10-22,41.94699999999521,477.2479999999977,445.6679999999987,519.1949999999948,964.8629999999943
2013-10-23,35.47799999999511,477.2479999999977,437.5449999999986,512.7259999999948,950.270999999994
2013-10-24,31.61199999999508,472.6949999999978,435.7979999999987,504.3069999999948,940.1049999999942
2013-10-25,23.815999999995213,477.1349999999978,435.7979999999987,500.9509999999949,936.7489999999943
2013-10-28,23.815999999995213,478.44199999999773,435.7979999999987,502.25799999999487,938.0559999999944
2013-10-29,22.908999999995242,470.24599999999776,435.7979999999987,493.1549999999949,928.9529999999944
2013-10-30,17.668999999995414,458.5309999999978,435.7979999999987,476.1999999999951,911.9979999999946
2013-10-31,31.968999999995322,458.5309999999978,441.16799999999876,490.499999999995,931.6679999999945
2013-11-01,29.78099999999513,458.5309999999978,448.3549999999988,488.3119999999948,936.6669999999945
2013-11-04,29.78099999999513,458.5309999999978,448.3549999999988,488.3119999999948,936.6669999999945
2013-11-05,29.78099999999513,458.5309999999978,448.3549999999988,488.3119999999948,936.6669999999945
2013-11-06,28.130999999994994,458.5309999999978,448.3549999999988,486.66199999999463,935.0169999999944
2013-11-07,28.130999999994994,458.5309999999978,444.4549999999987,486.66199999999463,931.1169999999943
2013-11-08,34.54799999999509,458.5309999999978,443.8849999999987,493.0789999999947,936.9639999999944
2013-11-11,33.75399999999518,456.85199999999764,443.8849999999987,490.60599999999465,934.4909999999943
2013-11-12,31.08399999999529,468.9519999999977,446.2749999999987,500.03599999999483,946.3109999999946
2013-11-13,22.4949999999953,462.71299999999763,446.2749999999987,485.20799999999474,931.4829999999945
2013-11-14,22.418999999995233,462.71299999999763,446.2749999999987,485.13199999999466,931.4069999999945
2013-11-15,22.418999999995233,462.71299999999763,446.2749999999987,485.13199999999466,931.4069999999945
2013-11-18,23.708999999995378,460.47299999999757,446.2749999999987,484.18199999999473,930.4569999999945
2013-11-19,22.398999999995386,460.47299999999757,446.2749999999987,482.8719999999947,929.1469999999946
2013-11-20,40.58999999999537,479.17299999999756,464.9749999999987,519.7629999999947,984.7379999999946
2013-11-21,37.11399999999544,482.6979999999976,464.9749999999987,519.8119999999948,984.7869999999947
2013-11-22,37.11399999999544,483.3399999999976,464.9749999999987,520.4539999999948,985.4289999999947
2013-11-25,35.2219999999953,474.87699999999757,464.9749999999987,510.0989999999947,975.0739999999946
2013-11-26,23.66799999999539,484.1609999999976,464.9749999999987,507.82899999999483,972.8039999999947
2013-11-27,11.088999999995394,489.18199999999774,464.9749999999987,500.27099999999496,965.2459999999949
2013-11-28,11.088999999995394,483.0219999999978,464.9749999999987,494.110999999995,959.0859999999949
2013-11-29,13.738999999995603,475.4519999999976,464.9749999999987,489.1909999999951,954.1659999999949
2013-12-02,26.39199999999567,507.2039999999977,474.84699999999873,533.5959999999952,1008.4429999999951
2013-12-03,25.68399999999554,507.23499999999757,474.84699999999873,532.918999999995,1007.7659999999948
2013-12-04,32.33299999999538,488.32499999999766,474.84699999999873,520.6579999999949,995.5049999999948
2013-12-05,21.447999999995343,484.83799999999775,474.84699999999873,506.28599999999494,981.1329999999948
2013-12-06,21.447999999995343,484.83799999999775,474.84699999999873,506.28599999999494,981.1329999999948
2013-12-09,22.371999999995275,484.83799999999775,474.84699999999873,507.20999999999486,982.0569999999948
2013-12-10,43.827999999995356,484.83799999999775,491.05999999999887,528.6659999999949,1019.725999999995
2013-12-11,40.10899999999526,484.83799999999775,482.50099999999884,524.9469999999949,1007.4479999999949
2013-12-12,54.66299999999531,484.83799999999775,482.50099999999884,539.500999999995,1022.001999999995
2013-12-13,54.27299999999539,484.83799999999775,482.50099999999884,539.1109999999951,1021.6119999999951
2013-12-16,54.27299999999539,484.83799999999775,482.50099999999884,539.1109999999951,1021.6119999999951
2013-12-17,54.27299999999539,484.83799999999775,482.50099999999884,539.1109999999951,1021.6119999999951
2013-12-18,54.27299999999539,484.83799999999775,482.50099999999884,539.1109999999951,1021.6119999999951
2013-12-19,69.51799999999547,499.7949999999978,497.4579999999989,569.3129999999952,1066.7709999999952
2013-12-20,62.395999999995354,489.0029999999978,497.4579999999989,551.3989999999951,1048.8569999999952
2013-12-23,62.395999999995354,494.66699999999776,497.4579999999989,557.0629999999951,1054.5209999999952
2013-12-24,62.395999999995354,487.8269999999977,497.4579999999989,550.2229999999951,1047.6809999999953
2013-12-26,57.16899999999545,482.0969999999978,497.4579999999989,539.2659999999952,1036.7239999999954
2013-12-27,57.16899999999545,482.0969999999978,500.0229999999989,539.2659999999952,1039.2889999999954
2013-12-30,64.93799999999541,488.86699999999774,500.0229999999989,553.8049999999951,1053.8279999999954
2013-12-31,64.93799999999541,483.1849999999977,483.0719999999988,548.122999999995,1031.1949999999954
2014-01-02,64.16899999999536,483.1849999999977,484.0309999999988,547.353999999995,1031.3849999999954
2014-01-03,64.16899999999536,483.1849999999977,486.69999999999885,547.353999999995,1034.0539999999955
2014-01-06,64.16899999999536,483.1849999999977,483.3389999999989,547.353999999995,1030.6929999999957
2014-01-07,61.19799999999532,483.1849999999977,483.3389999999989,544.382999999995,1027.7219999999957
2014-01-08,60.906999999995335,483.1849999999977,483.3389999999989,544.0919999999951,1027.4309999999957
2014-01-09,60.906999999995335,483.1849999999977,483.3389999999989,544.0919999999951,1027.4309999999957
2014-01-10,60.906999999995335,483.1849999999977,483.3389999999989,544.0919999999951,1027.4309999999957
2014-01-13,55.08299999999545,486.65399999999767,486.8079999999989,541.7369999999952,1028.5449999999958
2014-01-14,55.08299999999545,475.63299999999765,486.8079999999989,530.7159999999952,1017.5239999999958
2014-01-15,54.460999999995565,475.63299999999765,486.8079999999989,530.0939999999954,1016.901999999996
2014-01-16,54.460999999995565,475.63299999999765,486.8079999999989,530.0939999999954,1016.901999999996
2014-01-17,54.227999999995575,475.5139999999977,486.8079999999989,529.7419999999954,1016.549999999996
2014-01-20,51.91899999999556,473.37199999999774,486.8079999999989,525.2909999999955,1012.0989999999961
2014-01-21,59.78499999999573,459.78399999999766,486.8079999999989,519.5689999999955,1006.3769999999961
2014-01-22,59.78499999999573,459.78399999999766,486.8079999999989,519.5689999999955,1006.3769999999961
2014-01-23,53.365999999995545,466.2759999999978,471.45299999999924,519.6419999999955,991.0949999999964
2014-01-24,49.40199999999556,471.9159999999976,469.0969999999992,521.3179999999953,990.4149999999962
2014-01-27,54.009999999995685,450.2609999999976,469.0969999999992,504.2709999999954,973.3679999999963
2014-01-28,50.64799999999579,444.35099999999744,469.0969999999992,494.99899999999536,964.0959999999963
2014-01-29,50.64799999999579,456.3699999999976,469.0969999999992,507.01799999999554,976.1149999999965
2014-01-30,50.7279999999959,431.7669999999975,467.82199999999926,482.4949999999955,950.3169999999966
2014-01-31,50.042999999995914,431.7899999999976,467.82199999999926,481.8329999999956,949.6549999999967
2014-02-03,45.575999999996,445.9469999999977,467.82199999999926,491.52299999999576,959.3449999999968
2014-02-04,45.575999999996,440.6359999999977,467.82199999999926,486.2119999999958,954.0339999999969
2014-02-05,32.89899999999582,444.8719999999975,467.82199999999926,477.7709999999954,945.5929999999966
2014-02-06,32.89899999999582,442.7349999999975,467.82199999999926,475.6339999999954,943.4559999999966
2014-02-07,32.89899999999582,453.01999999999754,467.82199999999926,485.91899999999544,953.7409999999967
2014-02-10,34.2389999999957,460.11899999999764,466.64199999999937,494.3579999999954,960.9999999999968
2014-02-11,31.115999999995605,475.6529999999977,476.18899999999934,506.76899999999534,982.9579999999968
2014-02-12,31.115999999995605,479.2069999999975,476.18899999999934,510.32299999999515,986.5119999999966
2014-02-13,31.2499999999958,488.8949999999973,476.18899999999934,520.1449999999952,996.3339999999966
2014-02-14,47.804999999995815,506.88199999999733,485.72799999999927,554.6869999999952,1040.4149999999966
2014-02-17,47.56499999999599,512.3019999999975,485.72799999999927,559.8669999999956,1045.5949999999968
2014-02-18,40.32499999999594,504.28099999999745,485.72799999999927,544.6059999999954,1030.3339999999966
2014-02-19,40.32499999999594,493.4239999999974,485.72799999999927,533.7489999999955,1019.4769999999967
2014-02-20,34.00699999999591,505.1529999999974,485.72799999999927,539.1599999999954,1024.8879999999967
2014-02-21,34.00699999999591,507.6889999999974,485.72799999999927,541.6959999999955,1027.4239999999968
2014-02-24,34.00699999999591,521.4179999999974,489.58699999999914,555.4249999999955,1045.0119999999968
2014-02-25,34.00699999999591,525.9419999999975,489.58699999999914,559.9489999999956,1049.5359999999969
2014-02-26,35.90299999999583,513.4309999999975,489.58699999999914,549.3339999999955,1038.9209999999969
2014-02-27,34.514999999995865,512.8569999999975,489.58699999999914,547.3719999999954,1036.9589999999969
2014-02-28,34.715999999995844,504.94599999999735,488.127999999999,539.6619999999953,1027.7899999999966
2014-03-03,38.04499999999598,516.4049999999974,490.2089999999991,554.4499999999954,1044.6589999999967
2014-03-04,42.85799999999604,500.5359999999974,490.2089999999991,543.3939999999955,1033.6029999999969
2014-03-05,40.14699999999621,501.3539999999973,490.2089999999991,541.5009999999955,1031.709999999997
2014-03-06,23.145999999996416,515.3429999999973,490.2089999999991,538.4889999999957,1028.6979999999974
2014-03-07,15.977999999996431,504.4199999999973,490.2089999999991,520.3979999999957,1010.6069999999974
2014-03-10,11.517999999996576,505.7599999999974,478.103999999999,517.2779999999959,995.3819999999976
2014-03-11,11.517999999996576,509.1069999999975,478.103999999999,520.6249999999961,998.7289999999978
2014-03-12,13.023999999996615,528.3499999999976,486.82499999999897,541.3739999999963,1028.1989999999978
2014-03-13,11.86299999999651,533.3879999999976,486.82499999999897,545.2509999999961,1032.0759999999977
2014-03-14,11.86299999999651,540.9199999999978,482.63099999999895,552.7829999999963,1035.413999999998
2014-03-17,14.835999999996421,520.064999999998,482.63099999999895,534.9009999999963,1017.531999999998
2014-03-18,24.827999999996337,520.064999999998,478.742999999999,544.8929999999963,1023.6359999999979
2014-03-19,41.35099999999643,520.064999999998,505.48099999999897,561.4159999999964,1066.8969999999981
2014-03-20,37.82499999999655,520.064999999998,506.3679999999991,557.8899999999966,1064.2579999999984
2014-03-21,37.82499999999655,520.064999999998,503.9179999999992,557.8899999999966,1061.8079999999986
2014-03-24,44.13999999999656,520.064999999998,520.7439999999992,564.2049999999966,1084.9489999999987
2014-03-25,44.13999999999656,520.064999999998,520.0009999999993,564.2049999999966,1084.2059999999988
2014-03-26,44.13999999999656,520.064999999998,520.7689999999993,564.2049999999966,1084.9739999999988
2014-03-27,44.13999999999656,520.064999999998,524.6789999999992,564.2049999999966,1088.8839999999987
2014-03-28,44.13999999999656,520.064999999998,524.6789999999992,564.2049999999966,1088.8839999999987
2014-03-31,44.13999999999656,520.064999999998,524.4019999999991,564.2049999999966,1088.6069999999986
2014-04-01,44.13999999999656,518.7509999999982,523.0879999999993,562.8909999999968,1085.978999999999
2014-04-02,42.33099999999655,509.5359999999982,523.0879999999993,551.8669999999968,1074.954999999999
2014-04-03,38.17999999999667,509.5359999999982,523.0879999999993,547.7159999999969,1070.8039999999992
2014-04-04,49.81499999999684,509.5359999999982,521.1059999999993,559.3509999999972,1080.4569999999994
2014-04-07,46.35599999999697,509.5359999999982,521.1059999999993,555.8919999999973,1076.9979999999996
2014-04-08,45.9339999999969,509.5359999999982,517.8349999999994,555.4699999999973,1073.3049999999996
2014-04-09,45.9339999999969,509.5359999999982,517.8349999999994,555.4699999999973,1073.3049999999996
2014-04-10,46.023999999997,509.5359999999982,514.8919999999994,555.5599999999974,1070.4519999999998
2014-04-11,46.023999999997,509.5359999999982,514.8919999999994,555.5599999999974,1070.4519999999998
2014-04-14,44.02899999999707,509.5359999999982,514.8919999999994,553.5649999999976,1068.4569999999999
2014-04-15,48.707999999997114,509.5359999999982,506.01199999999943,558.2439999999976,1064.256
2014-04-16,48.707999999997114,509.5359999999982,506.01199999999943,558.2439999999976,1064.256
2014-04-17,48.707999999997114,509.5359999999982,506.01199999999943,558.2439999999976,1064.256
2014-04-18,48.707999999997114,509.5359999999982,506.01199999999943,558.2439999999976,1064.256
2014-04-21,48.707999999997114,509.5359999999982,506.01199999999943,558.2439999999976,1064.256
2014-04-22,48.707999999997114,509.5359999999982,506.01199999999943,558.2439999999976,1064.256
2014-04-23,48.707999999997114,509.5359999999982,506.01199999999943,558.2439999999976,1064.256
2014-04-24,28.566999999997222,488.0339999999982,485.49999999999943,516.6009999999977,1002.1010000000002
2014-04-25,36.78699999999721,488.0339999999982,485.49999999999943,524.8209999999978,1010.3210000000003
2014-04-28,31.940999999997338,488.0339999999982,485.49999999999943,519.9749999999979,1005.4750000000004
2014-04-29,28.559999999997434,488.0339999999982,485.49999999999943,516.593999999998,1002.0940000000005
2014-04-30,23.358999999997366,488.0339999999982,485.49999999999943,511.3929999999979,996.8930000000005
2014-05-01,20.703999999997347,488.0339999999982,480.5169999999994,508.7379999999979,989.2550000000005
2014-05-02,23.94399999999731,488.0339999999982,480.5169999999994,511.97799999999785,992.4950000000005
2014-05-05,32.265999999997376,488.0339999999982,485.19999999999936,520.2999999999979,1005.5000000000005
2014-05-06,32.265999999997376,488.0339999999982,482.5989999999994,520.2999999999979,1002.8990000000006
2014-05-07,43.137999999997405,488.0339999999982,482.5989999999994,531.171999999998,1013.7710000000006
2014-05-08,40.59199999999731,488.0339999999982,482.5989999999994,528.6259999999979,1011.2250000000006
2014-05-09,40.59199999999731,488.0339999999982,482.5989999999994,528.6259999999979,1011.2250000000006
2014-05-12,34.725999999997285,488.0339999999982,469.4489999999993,522.759999999998,992.2090000000004
2014-05-13,34.725999999997285,488.0339999999982,469.4489999999993,522.759999999998,992.2090000000004
2014-05-14,35.8099999999973,488.0339999999982,467.80799999999914,523.843999999998,991.6520000000003
2014-05-15,35.8099999999973,488.0339999999982,467.80799999999914,523.843999999998,991.6520000000003
2014-05-16,35.8099999999973,488.0339999999982,467.80799999999914,523.843999999998,991.6520000000003
2014-05-19,30.456999999997418,488.0339999999982,467.80799999999914,518.4909999999982,986.2990000000004
2014-05-20,28.7249999999974,488.0339999999982,461.1979999999992,516.7589999999982,977.9570000000004
2014-05-21,28.7249999999974,488.0339999999982,461.1979999999992,516.7589999999982,977.9570000000004
2014-05-22,26.59599999999745,488.0339999999982,461.1979999999992,514.6299999999983,975.8280000000005
2014-05-23,26.59599999999745,488.0339999999982,461.1979999999992,514.6299999999983,975.8280000000005
2014-05-26,26.59599999999745,488.0339999999982,461.1979999999992,514.6299999999983,975.8280000000005
2014-05-27,48.55799999999739,499.41799999999836,478.30399999999935,547.9759999999984,1026.2800000000009
2014-05-28,45.23499999999726,504.36399999999844,483.24999999999943,549.5989999999983,1032.8490000000008
2014-05-29,45.23499999999726,507.5219999999985,486.4079999999995,552.7569999999985,1039.165000000001
2014-05-30,45.23499999999726,512.3629999999984,482.1369999999995,557.5979999999984,1039.735000000001
2014-06-02,45.23499999999726,517.1069999999983,482.1369999999995,562.3419999999983,1044.479000000001
2014-06-03,45.23499999999726,514.7569999999984,482.1369999999995,559.9919999999984,1042.129000000001
2014-06-04,40.333999999997374,516.0439999999984,482.1369999999995,556.3779999999985,1038.5150000000012
2014-06-05,38.42399999999725,506.6189999999984,482.1369999999995,545.0429999999983,1027.1800000000012
2014-06-06,33.28499999999731,506.7259999999983,482.1369999999995,540.0109999999983,1022.1480000000012
2014-06-09,29.47999999999743,506.2639999999985,482.1369999999995,535.7439999999986,1017.8810000000014
2014-06-10,27.9749999999975,497.3339999999986,481.4039999999995,525.3089999999987,1006.7130000000017
2014-06-11,26.354999999997563,497.3339999999986,482.42299999999966,523.6889999999988,1006.1120000000019
2014-06-12,33.58899999999767,497.3339999999986,490.57499999999965,530.922999999999,1021.498000000002
2014-06-13,32.99099999999767,497.3339999999986,494.3149999999998,530.324999999999,1024.6400000000021
2014-06-16,25.32599999999784,497.3339999999986,484.31499999999977,522.6599999999992,1006.9750000000023
2014-06-17,26.432999999997993,497.3339999999986,484.31499999999977,523.7669999999994,1008.0820000000025
2014-06-18,26.432999999997993,497.3339999999986,484.31499999999977,523.7669999999994,1008.0820000000025
2014-06-19,67.04499999999803,502.56799999999845,513.4249999999996,569.6129999999993,1083.0380000000023
2014-06-20,56.149999999998,497.4569999999983,508.31399999999945,553.6069999999991,1061.9210000000019
2014-06-23,56.149999999998,500.9479999999982,508.31399999999945,557.097999999999,1065.4120000000019
2014-06-24,56.149999999998,505.22699999999816,508.31399999999945,561.376999999999,1069.6910000000018
2014-06-25,48.84699999999785,506.6159999999982,508.31399999999945,555.4629999999989,1063.7770000000019
2014-06-26,43.00899999999784,504.5369999999982,508.31399999999945,547.5459999999989,1055.860000000002
2014-06-27,43.00899999999784,503.5629999999982,508.31399999999945,546.571999999999,1054.886000000002
2014-06-30,38.10799999999796,517.1309999999982,508.31399999999945,555.238999999999,1063.5530000000022
2014-07-01,38.10799999999796,517.3309999999982,508.31399999999945,555.438999999999,1063.7530000000022
2014-07-02,30.813999999997815,517.4599999999981,508.31399999999945,548.2739999999988,1056.588000000002
2014-07-03,34.09399999999774,509.67199999999804,508.31399999999945,543.7659999999986,1052.080000000002
2014-07-04,34.09399999999774,509.58399999999796,508.31399999999945,543.6779999999985,1051.992000000002
2014-07-07,32.196999999997765,508.40199999999805,508.31399999999945,540.5989999999986,1048.913000000002
2014-07-08,32.196999999997765,505.295999999998,508.31399999999945,537.4929999999986,1045.807000000002
2014-07-09,32.196999999997765,508.898999999998,505.2029999999995,541.0959999999986,1046.2990000000023
2014-07-10,27.5919999999977,517.0929999999981,499.5149999999996,544.6849999999987,1044.2000000000023
2014-07-11,27.5919999999977,518.7919999999982,499.1129999999995,546.3839999999988,1045.4970000000023
2014-07-14,51.10599999999755,486.11999999999813,504.2629999999995,537.2259999999985,1041.489000000002
2014-07-15,50.25099999999744,486.11999999999813,517.8139999999996,536.3709999999984,1054.185000000002
2014-07-16,47.27499999999751,486.11999999999813,513.9279999999997,533.3949999999985,1047.3230000000021
2014-07-17,44.27199999999754,486.11999999999813,513.9279999999997,530.3919999999986,1044.3200000000022
2014-07-18,44.27199999999754,486.11999999999813,513.9279999999997,530.3919999999986,1044.3200000000022
2014-07-21,44.27199999999754,486.11999999999813,513.9279999999997,530.3919999999986,1044.3200000000022
2014-07-22,38.99299999999772,486.11999999999813,513.9279999999997,525.1129999999988,1039.0410000000024
2014-07-23,38.99299999999772,486.11999999999813,513.9279999999997,525.1129999999988,1039.0410000000024
2014-07-24,43.27799999999776,486.11999999999813,525.4589999999996,529.3979999999989,1054.8570000000025
2014-07-25,51.50899999999771,486.11999999999813,515.7049999999995,537.6289999999989,1053.3340000000023
2014-07-28,46.43699999999778,486.11999999999813,515.7049999999995,532.556999999999,1048.2620000000024
2014-07-29,37.906999999997765,486.11999999999813,515.7049999999995,524.026999999999,1039.7320000000025
2014-07-30,37.906999999997765,486.11999999999813,515.7049999999995,524.026999999999,1039.7320000000025
2014-07-31,37.906999999997765,486.11999999999813,521.0319999999995,524.026999999999,1045.0590000000025
2014-08-01,37.25799999999777,486.11999999999813,508.18899999999957,523.377999999999,1031.5670000000025
2014-08-04,34.2349999999979,486.11999999999813,508.18899999999957,520.3549999999991,1028.5440000000026
2014-08-05,34.2349999999979,483.5209999999979,508.18899999999957,517.755999999999,1025.9450000000024
2014-08-06,40.84199999999782,464.25299999999805,512.5939999999997,505.094999999999,1017.6890000000027
2014-08-07,38.45699999999787,464.25299999999805,517.3209999999998,502.70999999999907,1020.0310000000028
2014-08-08,32.94899999999779,464.25299999999805,517.063,497.201999999999,1014.2650000000028
2014-08-11,32.94899999999779,464.25299999999805,517.063,497.201999999999,1014.2650000000028
2014-08-12,26.195999999997813,464.25299999999805,517.063,490.448999999999,1007.5120000000029
2014-08-13,26.195999999997813,464.25299999999805,517.063,490.448999999999,1007.5120000000029
2014-08-14,26.195999999997813,464.25299999999805,517.063,490.448999999999,1007.5120000000029
2014-08-15,24.089999999997772,464.25299999999805,509.588,488.34299999999894,997.9310000000029
2014-08-18,21.46399999999775,464.25299999999805,509.588,485.7169999999989,995.3050000000029
2014-08-19,21.46399999999775,464.25299999999805,509.588,485.7169999999989,995.3050000000029
2014-08-20,21.46399999999775,464.25299999999805,509.588,485.7169999999989,995.3050000000029
2014-08-21,29.479999999997716,473.86199999999815,511.21299999999997,503.34199999999896,1014.5550000000029
2014-08-22,29.329999999997717,470.663999999998,508.0149999999998,499.99399999999883,1008.0090000000026
2014-08-25,29.329999999997717,472.8589999999979,508.0149999999998,502.1889999999987,1010.2040000000026
2014-08-26,22.298999999997886,466.33899999999784,508.0149999999998,488.63799999999884,996.6530000000027
2014-08-27,22.148999999997887,464.7109999999976,508.0149999999998,486.85999999999865,994.8750000000025
2014-08-28,21.590999999997848,464.7109999999976,507.7529999999998,486.3019999999986,994.0550000000025
2014-08-29,21.590999999997848,464.7109999999976,502.7699999999998,486.3019999999986,989.0720000000025
2014-09-01,21.590999999997848,464.7109999999976,502.7699999999998,486.3019999999986,989.0720000000025
2014-09-02,37.08699999999783,475.30199999999746,513.3609999999996,512.3889999999984,1025.7500000000023
2014-09-03,34.398999999998,471.52299999999764,509.5819999999998,505.9219999999988,1015.5040000000029
2014-09-04,30.47899999999788,477.14099999999775,509.5819999999998,507.61999999999875,1017.2020000000028
2014-09-05,23.712999999997983,466.4629999999978,509.5819999999998,490.1759999999989,999.758000000003
2014-09-08,21.253999999998058,478.84399999999783,509.5819999999998,500.09799999999905,1009.6800000000031
2014-09-09,14.792999999997955,478.8879999999979,509.5819999999998,493.680999999999,1003.2630000000031
2014-09-10,8.545999999998067,483.563999999998,509.5819999999998,492.1099999999992,1001.6920000000033
2014-09-11,4.957999999998056,490.107999999998,505.1329999999997,495.06599999999924,1000.1990000000033
2014-09-12,0.6699999999979545,499.6779999999981,505.1329999999997,500.3479999999993,1005.4810000000033
2014-09-15,-1.4310000000019762,492.5519999999981,505.1329999999997,491.1209999999993,996.2540000000033
2014-09-16,-3.7560000000020675,489.57499999999817,505.1329999999997,485.8189999999993,990.9520000000033
2014-09-17,-5.273000000002165,501.7889999999983,505.1329999999997,496.5159999999993,1001.6490000000033
2014-09-18,-8.340000000002217,493.89799999999815,498.8229999999997,485.5579999999991,984.3810000000032
2014-09-19,-8.340000000002217,501.72599999999807,498.8229999999997,493.385999999999,992.2090000000031
2014-09-22,-8.340000000002217,502.05499999999796,498.8229999999997,493.7149999999989,992.5380000000031
2014-09-23,-3.8390000000022866,493.5539999999979,488.6759999999997,489.7149999999988,978.391000000003
2014-09-24,-3.8390000000022866,498.08399999999807,488.6759999999997,494.2449999999989,982.9210000000032
2014-09-25,-12.812000000002106,493.4029999999982,488.6759999999997,480.59099999999927,969.2670000000036
2014-09-26,-16.479000000002067,491.24799999999817,477.03699999999975,474.76899999999927,951.8060000000037
2014-09-29,-22.65300000000209,491.24799999999817,477.03699999999975,468.59499999999923,945.6320000000037
2014-09-30,-27.792000000002034,492.10399999999834,477.03699999999975,464.31199999999944,941.3490000000039
2014-10-01,-29.900000000002027,485.5409999999982,477.03699999999975,455.6409999999993,932.6780000000037
2014-10-02,-32.38600000000218,485.5409999999982,477.03699999999975,453.1549999999991,930.1920000000036
2014-10-03,-22.028000000002113,496.7299999999982,481.7279999999997,474.7019999999992,956.4300000000037
2014-10-06,-26.33700000000208,475.16699999999827,481.7279999999997,448.8299999999993,930.5580000000039
2014-10-07,-23.330000000002066,475.16699999999827,480.45899999999966,451.8369999999993,932.2960000000038
2014-10-08,-31.715000000002103,475.16699999999827,491.55799999999954,443.45199999999926,935.0100000000036
2014-10-09,-34.59000000000215,475.16699999999827,496.0619999999994,440.5769999999992,936.6390000000034
2014-10-10,-34.59000000000215,475.16699999999827,494.81199999999933,440.5769999999992,935.3890000000034
2014-10-13,-34.59000000000215,475.16699999999827,501.14099999999917,440.5769999999992,941.7180000000033
2014-10-14,-34.59000000000215,475.16699999999827,496.0769999999992,440.5769999999992,936.6540000000033
2014-10-15,-45.33500000000208,475.16699999999827,497.4459999999993,429.83199999999925,927.2780000000034
2014-10-16,-45.33500000000208,475.16699999999827,496.2109999999991,429.83199999999925,926.0430000000033
2014-10-17,-45.33500000000208,475.16699999999827,496.2109999999991,429.83199999999925,926.0430000000033
2014-10-20,-45.33500000000208,475.16699999999827,495.84499999999906,429.83199999999925,925.6770000000033
2014-10-21,-50.30400000000195,475.16699999999827,497.1689999999991,424.8629999999994,922.0320000000034
2014-10-22,-47.266000000001995,475.16699999999827,490.5289999999989,427.9009999999993,918.4300000000032
2014-10-23,-42.39100000000195,475.16699999999827,484.55899999999883,432.7759999999994,917.3350000000032
2014-10-24,-43.47400000000185,475.16699999999827,484.55899999999883,431.6929999999995,916.2520000000034
2014-10-27,-43.47400000000185,475.16699999999827,484.55899999999883,431.6929999999995,916.2520000000034
2014-10-28,-50.384000000001976,475.16699999999827,484.55899999999883,424.78299999999933,909.3420000000033
2014-10-29,-40.54000000000197,475.16699999999827,486.5929999999989,434.6269999999993,921.2200000000033
2014-10-30,-27.126000000002026,481.3639999999983,499.2189999999988,454.2379999999993,953.4570000000033
2014-10-31,-11.3460000000021,509.25499999999835,527.1099999999989,497.90899999999925,1025.0190000000032
2014-11-03,-11.3460000000021,509.5949999999984,527.1099999999989,498.2489999999993,1025.3590000000033
2014-11-04,-11.3460000000021,505.7169999999982,527.1099999999989,494.3709999999991,1021.4810000000032
2014-11-05,0.6709999999979068,531.3679999999983,532.5209999999989,532.0389999999993,1064.5600000000034
2014-11-06,0.6709999999979068,531.2339999999986,532.5209999999989,531.9049999999995,1064.4260000000036
2014-11-07,23.17099999999786,496.2569999999984,532.5209999999989,519.4279999999993,1051.9490000000035
2014-11-10,12.891999999997818,496.2569999999984,532.5209999999989,509.14899999999926,1041.6700000000035
2014-11-11,6.891999999997773,496.2569999999984,532.5209999999989,503.1489999999992,1035.6700000000035
2014-11-12,6.891999999997773,496.2569999999984,532.5209999999989,503.1489999999992,1035.6700000000035
2014-11-13,6.891999999997773,496.2569999999984,532.5209999999989,503.1489999999992,1035.6700000000035
2014-11-14,20.459999999997937,496.2569999999984,534.623999999999,516.7169999999994,1051.3410000000038
2014-11-17,22.897999999997992,496.2569999999984,534.623999999999,519.1549999999995,1053.7790000000039
2014-11-18,20.838999999997977,496.2569999999984,533.2339999999989,517.0959999999995,1050.3300000000038
2014-11-19,20.838999999997977,496.2569999999984,533.2339999999989,517.0959999999995,1050.3300000000038
2014-11-20,20.838999999997977,496.2569999999984,533.2339999999989,517.0959999999995,1050.3300000000038
2014-11-21,20.838999999997977,496.2569999999984,533.2339999999989,517.0959999999995,1050.3300000000038
2014-11-24,20.838999999997977,496.2569999999984,533.2339999999989,517.0959999999995,1050.3300000000038
2014-11-25,20.838999999997977,496.2569999999984,533.2339999999989,517.0959999999995,1050.3300000000038
2014-11-26,20.838999999997977,496.2569999999984,533.2339999999989,517.0959999999995,1050.3300000000038
2014-11-27,20.838999999997977,496.2569999999984,533.2339999999989,517.0959999999995,1050.3300000000038
2014-11-28,20.838999999997977,496.2569999999984,564.8359999999989,517.0959999999995,1081.9320000000039
2014-12-01,11.868999999998087,489.51599999999837,550.3049999999989,501.38499999999965,1051.6900000000041
2014-12-02,-2.1410000000019505,489.51599999999837,550.3049999999989,487.3749999999996,1037.6800000000042
2014-12-03,-2.1410000000019505,489.51599999999837,550.3049999999989,487.3749999999996,1037.6800000000042
2014-12-04,-2.1410000000019505,489.51599999999837,550.3049999999989,487.3749999999996,1037.6800000000042
2014-12-05,0.27099999999803837,489.51599999999837,550.3049999999989,489.7869999999996,1040.0920000000042
2014-12-08,-8.389000000001863,489.51599999999837,550.3049999999989,481.12699999999967,1031.4320000000043
2014-12-09,-3.4440000000019726,501.46699999999834,562.255999999999,498.0229999999995,1060.279000000004
2014-12-10,-5.348000000002014,499.7319999999984,562.255999999999,494.3839999999995,1056.6400000000042
2014-12-11,-12.08500000000214,494.7969999999984,562.255999999999,482.71199999999936,1044.9680000000042
2014-12-12,-12.08500000000214,490.5539999999984,562.255999999999,478.46899999999937,1040.7250000000042
2014-12-15,7.510999999997818,490.5539999999984,562.255999999999,498.0649999999993,1060.3210000000042
2014-12-16,-8.80000000000215,490.5539999999984,562.255999999999,481.75399999999934,1044.0100000000043
2014-12-17,-8.80000000000215,490.5539999999984,560.5209999999988,481.75399999999934,1042.2750000000042
2014-12-18,-24.681000000002282,490.5539999999984,560.5209999999988,465.8729999999992,1026.394000000004
2014-12-19,-24.681000000002282,490.5539999999984,560.5209999999988,465.8729999999992,1026.394000000004
2014-12-22,-12.37700000000224,490.5539999999984,569.263999999999,478.1769999999992,1047.4410000000044
2014-12-23,-14.207000000002441,490.5539999999984,568.318999999999,476.346999999999,1044.6660000000043
2014-12-24,-14.207000000002441,490.5539999999984,564.1009999999992,476.346999999999,1040.4480000000044
2014-12-26,-3.130000000002326,490.5539999999984,554.2679999999992,487.4239999999991,1041.6920000000046
2014-12-29,-8.210000000002253,490.5539999999984,554.2679999999992,482.3439999999992,1036.6120000000046
2014-12-30,-6.24800000000231,490.5539999999984,547.7779999999995,484.30599999999913,1032.0840000000048
2014-12-31,-5.336000000002321,490.5539999999984,547.7779999999995,485.2179999999991,1032.9960000000049
2015-01-02,-17.461000000002368,475.7859999999983,535.8359999999994,458.32499999999897,994.1610000000047
2015-01-05,-8.095000000002202,475.7859999999983,535.8359999999994,467.6909999999991,1003.5270000000049
2015-01-06,4.823999999997849,482.7339999999981,545.7819999999994,487.55799999999897,1033.3400000000047
2015-01-07,4.823999999997849,478.26299999999804,545.7819999999994,483.0869999999989,1028.8690000000047
2015-01-08,4.823999999997849,472.559999999998,545.7819999999994,477.3839999999989,1023.1660000000047
2015-01-09,4.823999999997849,483.29099999999795,545.7819999999994,488.1149999999988,1033.8970000000047
2015-01-12,-1.0330000000021684,491.38499999999794,550.1379999999994,490.3519999999988,1040.4900000000046
2015-01-13,-1.3670000000022742,490.138999999998,540.5969999999994,488.77199999999874,1029.3690000000045
2015-01-14,-6.937000000002255,484.81699999999785,540.5969999999994,477.8799999999986,1018.4770000000043
2015-01-15,-1.2260000000022888,512.8089999999978,549.3149999999995,511.58299999999844,1060.8980000000042
2015-01-16,-7.48500000000194,526.3809999999979,550.4259999999996,518.8959999999988,1069.3220000000047
2015-01-19,-7.48500000000194,522.8569999999979,550.4259999999996,515.3719999999988,1065.7980000000048
2015-01-20,-13.839000000002027,539.7579999999979,551.3939999999997,525.9189999999986,1077.3130000000046
2015-01-21,-20.99000000000214,540.963999999998,551.3939999999997,519.9739999999986,1071.3680000000047
2015-01-22,-37.10100000000229,552.2939999999979,551.3939999999997,515.1929999999983,1066.5870000000045
2015-01-23,-42.259000000002295,544.674999999998,551.3939999999997,502.4159999999983,1053.8100000000045
2015-01-26,-37.046000000002124,527.8259999999979,548.2109999999999,490.77999999999827,1038.9910000000048
2015-01-27,-44.93600000000218,542.375999999998,533.361,497.43999999999835,1030.801000000005
2015-01-28,-44.93600000000218,534.203999999998,533.361,489.26799999999827,1022.6290000000049
2015-01-29,-17.56600000000211,505.69999999999806,545.054,488.13399999999837,1033.1880000000049
2015-01-30,-22.679000000002027,505.69999999999806,545.054,483.0209999999984,1028.075000000005
2015-02-02,-22.679000000002027,505.69999999999806,545.054,483.0209999999984,1028.075000000005
2015-02-03,-19.998000000002097,505.69999999999806,545.054,485.70199999999835,1030.756000000005
2015-02-04,-31.313000000002106,505.69999999999806,545.054,474.38699999999835,1019.441000000005
2015-02-05,-40.99700000000212,505.69999999999806,545.054,464.7029999999983,1009.7570000000051
2015-02-06,-28.940000000002147,505.69999999999806,556.013,476.7599999999983,1032.7730000000051
2015-02-09,-33.03100000000209,505.69999999999806,556.013,472.66899999999833,1028.6820000000052
2015-02-10,-33.03100000000209,505.69999999999806,556.013,472.66899999999833,1028.6820000000052
2015-02-11,-32.16400000000194,505.69999999999806,561.0450000000002,473.53599999999847,1034.5810000000056
2015-02-12,-32.16400000000194,505.69999999999806,561.0450000000002,473.53599999999847,1034.5810000000056
2015-02-13,-32.16400000000194,505.69999999999806,561.0450000000002,473.53599999999847,1034.5810000000056
2015-02-16,-32.16400000000194,505.69999999999806,561.0450000000002,473.53599999999847,1034.5810000000056
2015-02-17,-20.003000000001766,505.69999999999806,562.7030000000003,485.69699999999864,1048.4000000000058
2015-02-18,-20.153000000001764,493.75999999999794,550.7630000000003,473.60699999999855,1024.3700000000056
2015-02-19,-27.13300000000183,493.75999999999794,550.7630000000003,466.6269999999985,1017.3900000000056
2015-02-20,-27.13300000000183,497.119999999998,550.7630000000003,469.98699999999855,1020.7500000000057
2015-02-23,-27.13300000000183,496.9699999999981,541.3740000000004,469.8369999999986,1011.2110000000058
2015-02-24,-32.257000000001895,500.7569999999981,541.3740000000004,468.4999999999985,1009.8740000000057
2015-02-25,-36.740000000001885,499.8389999999981,541.3740000000004,463.09899999999857,1004.4730000000058
2015-02-26,-41.09100000000181,499.8389999999981,530.7820000000005,458.7479999999986,989.5300000000059
2015-02-27,-41.09100000000181,499.8389999999981,530.7820000000005,458.7479999999986,989.5300000000059
2015-03-02,-48.102000000001595,499.8389999999981,515.8470000000005,451.73699999999883,967.5840000000061
2015-03-03,-59.71100000000156,499.8389999999981,515.8470000000005,440.12799999999885,955.9750000000062
2015-03-04,-59.71100000000156,499.8389999999981,515.8470000000005,440.12799999999885,955.9750000000062
2015-03-05,-59.71100000000156,499.8389999999981,515.8470000000005,440.12799999999885,955.9750000000062
2015-03-06,-44.108000000001766,516.5139999999981,543.1360000000005,472.4059999999985,1015.5420000000058
2015-03-09,-48.45300000000161,519.142999999998,543.1360000000005,470.6899999999985,1013.8260000000058
2015-03-10,-53.1420000000015,524.3869999999981,543.1360000000005,471.2449999999987,1014.381000000006
2015-03-11,-58.21800000000134,532.9179999999981,543.1360000000005,474.69999999999874,1017.836000000006
2015-03-12,-69.48400000000146,534.2239999999983,543.1360000000005,464.7399999999988,1007.8760000000061
2015-03-13,-69.48400000000146,532.5239999999983,543.1360000000005,463.0399999999987,1006.1760000000061
2015-03-16,-77.93300000000157,533.7229999999984,543.1360000000005,455.7899999999986,998.926000000006
2015-03-17,-77.93300000000157,540.2509999999984,543.1360000000005,462.31799999999856,1005.454000000006
2015-03-18,-71.95900000000168,518.5489999999984,548.5360000000006,446.5899999999984,995.1260000000059
2015-03-19,-77.60800000000161,518.5489999999984,550.3560000000006,440.94099999999844,991.2970000000058
2015-03-20,-75.96000000000151,518.5489999999984,561.4860000000007,442.5889999999985,1004.075000000006
2015-03-23,-81.1140000000016,518.5489999999984,565.7660000000006,437.4349999999984,1003.2010000000058
2015-03-24,-87.24000000000161,518.5489999999984,569.5210000000008,431.3089999999984,1000.8300000000058
2015-03-25,-87.24000000000161,518.5489999999984,572.570000000001,431.3089999999984,1003.879000000006
2015-03-26,-92.90000000000151,518.5489999999984,580.251000000001,425.64899999999847,1005.9000000000061
2015-03-27,-93.50700000000153,518.5489999999984,574.222000000001,425.04199999999844,999.264000000006
2015-03-30,-91.08900000000168,518.5489999999984,574.222000000001,427.4599999999983,1001.6820000000059
2015-03-31,-91.08900000000168,518.5489999999984,574.222000000001,427.4599999999983,1001.6820000000059
2015-04-01,-79.66800000000167,518.5489999999984,574.222000000001,438.88099999999827,1013.103000000006
2015-04-02,-81.87300000000164,518.5489999999984,574.222000000001,436.6759999999983,1010.898000000006
2015-04-06,-80.8040000000015,511.83199999999846,573.3620000000011,431.0279999999985,1004.3900000000064
2015-04-07,-80.15100000000152,511.83199999999846,573.3620000000011,431.68099999999845,1005.0430000000064
2015-04-08,-80.15100000000152,511.83199999999846,573.3620000000011,431.68099999999845,1005.0430000000064
2015-04-09,-75.43100000000153,511.83199999999846,573.3620000000011,436.4009999999984,1009.7630000000064
2015-04-10,-75.43100000000153,511.83199999999846,573.3620000000011,436.4009999999984,1009.7630000000064
2015-04-13,-76.69200000000154,511.83199999999846,573.3620000000011,435.1399999999984,1008.5020000000064
2015-04-14,-74.05300000000146,511.83199999999846,569.242000000001,437.77899999999846,1007.0210000000063
2015-04-15,-74.05300000000146,511.83199999999846,569.242000000001,437.77899999999846,1007.0210000000063
2015-04-16,-76.07400000000146,511.83199999999846,569.242000000001,435.75799999999845,1005.0000000000064
2015-04-17,-76.07400000000146,511.83199999999846,569.242000000001,435.75799999999845,1005.0000000000064
2015-04-20,-79.27800000000146,511.83199999999846,569.242000000001,432.55399999999844,1001.7960000000064
2015-04-21,-80.22800000000154,511.83199999999846,569.242000000001,431.60399999999834,1000.8460000000064
2015-04-22,-80.73000000000155,511.83199999999846,569.7510000000012,431.1019999999983,1000.8530000000065
2015-04-23,-82.8500000000014,511.83199999999846,569.7510000000012,428.9819999999985,998.7330000000067
2015-04-24,-84.98000000000133,511.83199999999846,573.3120000000011,426.85199999999855,1000.1640000000066
2015-04-27,-81.97000000000138,511.83199999999846,568.6650000000012,429.8619999999985,998.5270000000065
2015-04-28,-80.79400000000153,511.83199999999846,567.6850000000014,431.0379999999983,998.7230000000066
2015-04-29,-85.21400000000142,511.83199999999846,567.6850000000014,426.6179999999984,994.3030000000067
2015-04-30,-82.65000000000138,511.83199999999846,567.6850000000014,429.1819999999984,996.8670000000068
2015-05-01,-79.06700000000134,511.83199999999846,562.2060000000014,432.76499999999845,994.9710000000067
2015-05-04,-79.06700000000134,511.83199999999846,562.2060000000014,432.76499999999845,994.9710000000067
2015-05-05,-79.06700000000134,511.83199999999846,562.2060000000014,432.76499999999845,994.9710000000067
2015-05-06,-79.06700000000134,511.83199999999846,562.2060000000014,432.76499999999845,994.9710000000067
2015-05-07,-79.06700000000134,511.83199999999846,562.2060000000014,432.76499999999845,994.9710000000067
2015-05-08,-79.06700000000134,511.83199999999846,562.2060000000014,432.76499999999845,994.9710000000067
2015-05-11,-79.06700000000134,511.83199999999846,562.2060000000014,432.76499999999845,994.9710000000067
2015-05-12,-79.54300000000127,511.83199999999846,562.2060000000014,432.2889999999985,994.4950000000068
2015-05-13,-68.35400000000124,522.1909999999983,579.9820000000012,453.8369999999984,1033.8190000000066
2015-05-14,-62.541000000001176,528.9029999999983,586.6940000000012,466.3619999999984,1053.0560000000064
2015-05-15,-71.58500000000109,531.9739999999985,589.7650000000014,460.38899999999853,1050.1540000000066
2015-05-18,-78.02900000000109,531.9429999999985,585.4230000000015,453.9139999999985,1039.3370000000066
2015-05-19,-67.70600000000104,514.8019999999987,585.4230000000015,447.09599999999864,1032.5190000000068
2015-05-20,-69.50100000000093,514.8019999999987,581.5330000000016,445.30099999999874,1026.834000000007
2015-05-21,-69.50100000000093,514.8019999999987,577.9530000000017,445.30099999999874,1023.2540000000072
2015-05-22,-69.50100000000093,514.8019999999987,577.9530000000017,445.30099999999874,1023.2540000000072
2015-05-25,-69.50100000000093,514.8019999999987,577.9530000000017,445.30099999999874,1023.2540000000072
2015-05-26,-63.120000000000886,514.8019999999987,586.6400000000018,451.68199999999877,1038.3220000000074
2015-05-27,-65.68000000000087,514.8019999999987,586.4510000000017,449.12199999999876,1035.5730000000074
2015-05-28,-65.68000000000087,514.8019999999987,586.4510000000017,449.12199999999876,1035.5730000000074
2015-05-29,-65.68000000000087,514.8019999999987,586.4510000000017,449.12199999999876,1035.5730000000074
2015-06-01,-74.31100000000077,514.8019999999987,586.4510000000017,440.49099999999885,1026.9420000000075
2015-06-02,-75.99800000000094,514.8019999999987,586.4510000000017,438.80399999999867,1025.2550000000074
2015-06-03,-79.46900000000099,514.8019999999987,586.4510000000017,435.3329999999986,1021.7840000000074
2015-06-04,-74.03800000000099,514.8019999999987,585.4680000000018,440.7639999999986,1026.2320000000075
2015-06-05,-78.22700000000088,511.2359999999988,581.902000000002,433.0089999999988,1014.9110000000079
2015-06-08,-80.08300000000092,507.49699999999893,581.902000000002,427.4139999999989,1009.316000000008
2015-06-09,-81.48200000000085,507.49699999999893,581.902000000002,426.01499999999896,1007.9170000000081
2015-06-10,-80.25200000000088,507.49699999999893,581.5810000000021,427.2449999999989,1008.8260000000081
2015-06-11,-81.97200000000095,507.49699999999893,581.5810000000021,425.52499999999884,1007.1060000000081
2015-06-12,-81.97200000000095,507.49699999999893,581.5810000000021,425.52499999999884,1007.1060000000081
2015-06-15,-85.14200000000106,507.49699999999893,581.5810000000021,422.3549999999987,1003.936000000008
2015-06-16,-91.88100000000118,507.49699999999893,581.5810000000021,415.61599999999856,997.1970000000078
2015-06-17,-93.28100000000109,507.49699999999893,581.5810000000021,414.21599999999864,995.797000000008
2015-06-18,-76.81900000000091,507.49699999999893,592.4920000000021,430.6779999999988,1023.1700000000081
2015-06-19,-79.54900000000097,507.49699999999893,591.6410000000022,427.94799999999873,1019.5890000000081
2015-06-22,-70.146000000001,507.49699999999893,591.6410000000022,437.3509999999987,1028.9920000000081
2015-06-23,-63.11600000000084,507.49699999999893,591.6410000000022,444.38099999999883,1036.0220000000083
2015-06-24,-63.11600000000084,507.49699999999893,591.6410000000022,444.38099999999883,1036.0220000000083
2015-06-25,-63.11600000000084,507.49699999999893,591.6410000000022,444.38099999999883,1036.0220000000083
2015-06-26,-67.34500000000092,507.49699999999893,591.6410000000022,440.15199999999874,1031.7930000000083
2015-06-29,-75.98700000000102,507.49699999999893,591.6410000000022,431.5099999999986,1023.1510000000083
2015-06-30,-75.98700000000102,507.49699999999893,591.6410000000022,431.5099999999986,1023.1510000000083
2015-07-01,-75.98700000000102,506.92999999999887,591.6410000000022,430.94299999999856,1022.5840000000082
2015-07-02,-78.1570000000009,509.469999999999,588.2520000000023,431.3129999999988,1019.5650000000086
2015-07-03,-78.1570000000009,501.2309999999991,588.2520000000023,423.0739999999989,1011.3260000000087
2015-07-06,-82.30600000000084,505.67899999999906,588.2520000000023,423.3729999999989,1011.6250000000086
2015-07-07,-80.10900000000099,517.0619999999991,585.7520000000023,436.9529999999987,1022.7050000000085
2015-07-08,-85.13300000000096,512.3739999999992,585.7520000000023,427.24099999999885,1012.9930000000086
2015-07-09,-88.7050000000009,508.73199999999935,585.7520000000023,420.026999999999,1005.7790000000088
2015-07-10,-88.7050000000009,503.6639999999993,585.7520000000023,414.958999999999,1000.7110000000088
2015-07-13,-94.86500000000079,506.6229999999993,585.7520000000023,411.7579999999991,997.5100000000089
2015-07-14,-94.86500000000079,508.5429999999993,585.7520000000023,413.6779999999991,999.4300000000089
2015-07-15,-97.04600000000087,515.2479999999995,585.0090000000024,418.2019999999991,1003.211000000009
2015-07-16,-97.04600000000087,518.9759999999995,588.7370000000025,421.9299999999991,1010.667000000009
2015-07-17,-92.14600000000083,529.9869999999997,594.0580000000026,437.84099999999927,1031.8990000000092
2015-07-20,-69.76600000000076,558.5159999999997,597.4060000000026,488.7499999999993,1086.156000000009
2015-07-21,-80.53100000000072,555.968,595.1680000000027,475.43699999999956,1070.6050000000093
2015-07-22,-80.53100000000072,555.968,595.1680000000027,475.43699999999956,1070.6050000000093
2015-07-23,-86.23200000000078,555.968,595.1680000000027,469.7359999999995,1064.9040000000093
2015-07-24,-76.86100000000079,540.6370000000001,595.1680000000027,463.77599999999956,1058.9440000000093
2015-07-27,-83.13200000000079,540.6370000000001,595.1680000000027,457.50499999999954,1052.6730000000093
2015-07-28,-83.13200000000079,540.6370000000001,595.1680000000027,457.50499999999954,1052.6730000000093
2015-07-29,-87.88200000000083,540.6370000000001,595.1680000000027,452.7549999999995,1047.9230000000093
2015-07-30,-95.11500000000082,540.6370000000001,595.1680000000027,445.5219999999995,1040.6900000000094
2015-07-31,-100.02300000000099,540.6370000000001,595.1680000000027,440.6139999999993,1035.7820000000092
2015-08-03,-104.16000000000098,540.6370000000001,595.1680000000027,436.4769999999993,1031.6450000000093
2015-08-04,-108.430000000001,540.6370000000001,595.1680000000027,432.20699999999925,1027.3750000000093
2015-08-05,-108.430000000001,540.6370000000001,595.1680000000027,432.20699999999925,1027.3750000000093
2015-08-06,-109.17000000000105,540.6370000000001,595.1680000000027,431.4669999999992,1026.6350000000093
2015-08-07,-106.02700000000107,540.6370000000001,590.9590000000029,434.60999999999916,1025.5690000000095
2015-08-10,-98.82500000000111,540.6370000000001,599.1690000000029,441.8119999999991,1040.9810000000095
2015-08-11,-119.64500000000115,540.6370000000001,603.6790000000029,420.99199999999905,1024.6710000000094
2015-08-12,-118.297000000001,540.6370000000001,618.780000000003,422.3399999999992,1041.1200000000097
2015-08-13,-124.2470000000011,540.6370000000001,609.2590000000031,416.3899999999991,1025.6490000000097
2015-08-14,-124.2470000000011,540.6370000000001,609.2590000000031,416.3899999999991,1025.6490000000097
2015-08-17,-124.2470000000011,540.6370000000001,609.2590000000031,416.3899999999991,1025.6490000000097
2015-08-18,-129.9330000000013,540.6370000000001,609.2590000000031,410.70399999999887,1019.9630000000095
2015-08-19,-119.58400000000118,551.2870000000001,614.6280000000032,431.702999999999,1046.3310000000097
2015-08-20,-100.26400000000129,570.3470000000003,633.6880000000034,470.082999999999,1103.7710000000097
2015-08-21,-101.14100000000128,574.7580000000004,638.0990000000035,473.616999999999,1111.7160000000097
2015-08-24,-101.14100000000128,564.3480000000003,638.0990000000035,463.20699999999886,1101.3060000000096
2015-08-25,-91.0900000000014,551.8780000000003,638.0990000000035,460.78799999999865,1098.8870000000095
2015-08-26,-74.21800000000137,532.2570000000004,643.5800000000035,458.03899999999874,1101.6190000000095
2015-08-27,-86.8550000000014,532.2570000000004,642.5810000000034,445.4019999999987,1087.9830000000093
2015-08-28,-86.8550000000014,532.2570000000004,642.5810000000034,445.4019999999987,1087.9830000000093
2015-08-31,-86.8550000000014,532.2570000000004,642.5810000000034,445.4019999999987,1087.9830000000093
2015-09-01,-86.8550000000014,525.9470000000005,642.5810000000034,439.0919999999987,1081.6730000000093
2015-09-02,-87.62500000000142,525.9470000000005,642.5810000000034,438.32199999999864,1080.9030000000093
2015-09-03,-80.07600000000149,525.9470000000005,640.0000000000035,445.87099999999856,1085.8710000000094
2015-09-04,-85.48400000000143,525.9470000000005,642.6820000000035,440.4629999999986,1083.1450000000095
2015-09-07,-85.48400000000143,525.9470000000005,642.6820000000035,440.4629999999986,1083.1450000000095
2015-09-08,-85.48400000000143,525.9470000000005,642.6820000000035,440.4629999999986,1083.1450000000095
2015-09-09,-80.11500000000156,525.9470000000005,645.8130000000036,445.83199999999846,1091.6450000000095
2015-09-10,-80.44400000000155,525.9470000000005,642.0540000000036,445.50299999999845,1087.5570000000096
2015-09-11,-87.58500000000144,525.9470000000005,634.0040000000037,438.36199999999855,1072.3660000000098
2015-09-14,-87.58500000000144,525.9470000000005,634.0040000000037,438.36199999999855,1072.3660000000098
2015-09-15,-87.58500000000144,525.9470000000005,634.0040000000037,438.36199999999855,1072.3660000000098
2015-09-16,-82.51300000000137,525.9470000000005,635.6740000000035,443.4339999999986,1079.1080000000097
2015-09-17,-83.56800000000129,525.9470000000005,647.3470000000035,442.37899999999865,1089.7260000000097
2015-09-18,-77.36600000000118,525.9470000000005,654.2100000000036,448.58099999999877,1102.7910000000097
2015-09-21,-77.51600000000118,525.9470000000005,654.2100000000036,448.4309999999988,1102.6410000000096
2015-09-22,-77.51600000000118,525.9470000000005,654.2100000000036,448.4309999999988,1102.6410000000096
2015-09-23,-81.85700000000114,525.9470000000005,654.2100000000036,444.08999999999884,1098.3000000000097
2015-09-24,-65.09600000000113,525.7450000000005,654.0080000000036,460.6489999999988,1114.6570000000097
2015-09-25,-68.4270000000013,522.0170000000004,648.2590000000035,453.5899999999985,1101.8490000000093
2015-09-28,-63.69600000000135,522.0170000000004,648.2590000000035,458.32099999999843,1106.5800000000092
2015-09-29,-67.66600000000142,522.0170000000004,648.2590000000035,454.35099999999835,1102.6100000000092
2015-09-30,-68.24800000000134,522.0170000000004,654.5470000000035,453.7689999999984,1108.3160000000094
2015-10-01,-68.24800000000134,522.0170000000004,654.8470000000035,453.7689999999984,1108.6160000000093
2015-10-02,-87.43400000000112,496.11800000000045,628.9480000000036,408.6839999999987,1037.6320000000096
2015-10-05,-92.10400000000124,496.11800000000045,628.9480000000036,404.0139999999986,1032.9620000000095
2015-10-06,-91.7900000000012,496.11800000000045,631.8390000000037,404.3279999999986,1036.1670000000097
2015-10-07,-91.7900000000012,491.2300000000005,630.5310000000037,399.43999999999863,1029.9710000000098
2015-10-08,-91.7900000000012,491.2300000000005,630.5310000000037,399.43999999999863,1029.9710000000098
2015-10-09,-91.11800000000099,501.38200000000046,631.732000000004,410.2639999999988,1041.99600000001
2015-10-12,-95.69800000000096,507.4430000000003,629.614000000004,411.7449999999987,1041.35900000001
2015-10-13,-95.69800000000096,511.5040000000002,620.376000000004,415.80599999999856,1036.1820000000098
2015-10-14,-101.59000000000083,530.693,634.7260000000039,429.1029999999985,1063.8290000000095
2015-10-15,-101.59000000000083,529.0340000000001,633.067000000004,427.44399999999854,1060.5110000000097
2015-10-16,-108.20800000000081,521.1240000000003,633.067000000004,412.91599999999863,1045.98300000001
2015-10-19,-108.20800000000081,514.4960000000003,633.067000000004,406.28799999999865,1039.35500000001
2015-10-20,-108.20800000000081,521.3170000000005,633.067000000004,413.10899999999873,1046.1760000000102
2015-10-21,-111.5570000000008,511.79500000000047,632.9580000000041,400.23799999999875,1033.1960000000101
2015-10-22,-113.91000000000082,511.79500000000047,633.2290000000042,397.88499999999874,1031.1140000000103
2015-10-23,-125.40900000000089,496.9260000000003,629.6180000000044,371.51699999999846,1001.1350000000101
2015-10-26,-125.40900000000089,496.9260000000003,629.6180000000044,371.51699999999846,1001.1350000000101
2015-10-27,-125.40900000000089,496.9260000000003,629.6180000000044,371.51699999999846,1001.1350000000101
2015-10-28,-140.85200000000097,472.8850000000003,628.2690000000042,332.0329999999984,960.3020000000098
2015-10-29,-128.79300000000083,472.8850000000003,639.1490000000043,344.09199999999856,983.24100000001
2015-10-30,-129.92500000000095,472.8850000000003,643.8700000000043,342.95999999999844,986.8300000000098
2015-11-02,-129.92500000000095,472.8850000000003,643.8700000000043,342.95999999999844,986.8300000000098
2015-11-03,-121.98300000000106,471.85400000000027,653.0600000000044,349.87099999999833,1002.9310000000097
2015-11-04,-123.22300000000106,484.29400000000027,652.5490000000044,361.0709999999983,1013.6200000000097
2015-11-05,-123.22300000000106,490.44600000000025,652.5490000000044,367.2229999999983,1019.7720000000097
2015-11-06,-125.09700000000097,507.9270000000004,653.1280000000046,382.82999999999856,1035.95800000001
2015-11-09,-125.24700000000098,506.7770000000005,653.1280000000046,381.52999999999867,1034.6580000000101
2015-11-10,-125.24700000000098,511.0570000000004,653.1280000000046,385.8099999999986,1038.93800000001
2015-11-11,-125.24700000000098,516.1680000000005,653.1280000000046,390.9209999999986,1044.0490000000102
2015-11-12,-125.24700000000098,517.9770000000004,653.1280000000046,392.72999999999854,1045.8580000000102
2015-11-13,-126.47700000000104,519.6960000000005,653.1280000000046,393.21899999999846,1046.3470000000102
2015-11-16,-129.1390000000009,525.3760000000005,642.5780000000046,396.2369999999986,1038.8150000000103
2015-11-17,-136.00100000000128,539.3480000000008,639.0580000000047,403.3469999999984,1042.40500000001
2015-11-18,-136.00100000000128,538.2860000000009,639.0580000000047,402.28499999999843,1041.34300000001
2015-11-19,-127.3910000000012,527.675000000001,639.0580000000047,400.28399999999857,1039.3420000000103
2015-11-20,-130.3980000000013,527.675000000001,639.0580000000047,397.27699999999845,1036.3350000000103
2015-11-23,-133.30900000000142,529.0040000000009,639.0580000000047,395.69499999999823,1034.7530000000102
2015-11-24,-132.8700000000014,529.0040000000009,639.0580000000047,396.13399999999825,1035.1920000000102
2015-11-25,-138.75000000000156,529.0040000000009,639.0580000000047,390.2539999999981,1029.3120000000101
2015-11-26,-138.75000000000156,529.0040000000009,639.0580000000047,390.2539999999981,1029.3120000000101
2015-11-27,-138.87000000000157,527.235000000001,637.2890000000048,388.3649999999982,1025.6540000000105
2015-11-30,-138.61000000000175,519.0430000000009,635.5190000000047,380.43299999999783,1015.95200000001
2015-12-01,-139.3410000000018,519.0430000000009,632.3900000000045,379.7019999999978,1012.0920000000098
2015-12-02,-132.4200000000018,519.0430000000009,620.4500000000047,386.6229999999978,1007.0730000000099
2015-12-03,-136.10600000000204,519.0430000000009,620.4500000000047,382.9369999999975,1003.3870000000096
2015-12-04,-124.45900000000196,519.0430000000009,638.6510000000047,394.58399999999756,1033.2350000000097
2015-12-07,-126.13100000000208,519.0430000000009,628.2610000000049,392.9119999999974,1021.1730000000097
2015-12-08,-130.1230000000021,519.0430000000009,628.2610000000049,388.9199999999974,1017.1810000000097
2015-12-09,-130.1230000000021,519.0430000000009,622.032000000005,388.9199999999974,1010.9520000000099
2015-12-10,-130.1230000000021,519.0430000000009,622.032000000005,388.9199999999974,1010.9520000000099
2015-12-11,-130.1230000000021,519.0430000000009,622.032000000005,388.9199999999974,1010.9520000000099
2015-12-14,-130.1230000000021,519.0430000000009,622.032000000005,388.9199999999974,1010.9520000000099
2015-12-15,-130.1230000000021,519.0430000000009,622.032000000005,388.9199999999974,1010.9520000000099
2015-12-16,-134.18500000000228,519.0430000000009,619.2690000000049,384.8579999999972,1004.1270000000095
2015-12-17,-131.06400000000224,519.0430000000009,619.102000000005,387.97899999999726,1007.0810000000096
2015-12-18,-131.06400000000224,519.0430000000009,619.102000000005,387.97899999999726,1007.0810000000096
2015-12-21,-131.06400000000224,517.3830000000011,624.8250000000052,386.31899999999735,1011.1440000000098
2015-12-22,-131.06400000000224,512.0920000000011,619.5340000000052,381.02799999999735,1000.5620000000098
2015-12-23,-131.06400000000224,512.0920000000011,619.5340000000052,381.02799999999735,1000.5620000000098
2015-12-24,-131.06400000000224,512.0920000000011,619.5340000000052,381.02799999999735,1000.5620000000098
2015-12-28,-130.22500000000213,512.0920000000011,619.5340000000052,381.86699999999746,1001.40100000001
2015-12-29,-130.22500000000213,512.0920000000011,619.5340000000052,381.86699999999746,1001.40100000001
2015-12-30,-130.117000000002,512.0920000000011,620.9920000000053,381.9749999999976,1002.9670000000101
2015-12-31,-132.15700000000203,512.0920000000011,620.9920000000053,379.93499999999756,1000.9270000000101
2016-01-04,-127.79400000000201,506.48100000000096,617.2840000000052,378.6869999999974,995.9710000000099
2016-01-05,-127.79400000000201,504.8940000000009,617.2840000000052,377.09999999999735,994.3840000000099
2016-01-06,-122.93500000000213,517.9060000000011,628.7550000000055,394.97099999999733,1023.7260000000101
2016-01-07,-110.86600000000199,534.2050000000011,640.5230000000055,423.3389999999974,1063.86200000001
2016-01-08,-117.5460000000021,528.735000000001,640.5230000000055,411.1889999999972,1051.71200000001
2016-01-11,-117.78600000000215,516.6830000000009,640.5230000000055,398.8969999999969,1039.4200000000098
2016-01-12,-112.62800000000206,510.24400000000077,640.5230000000055,397.61599999999686,1038.13900000001
2016-01-13,-116.08800000000191,510.86400000000083,627.9730000000055,394.77599999999705,1022.7490000000101
2016-01-14,-116.34700000000197,488.6610000000008,628.5290000000056,372.31399999999695,1000.8430000000101
2016-01-15,-126.66500000000204,488.6610000000008,628.5290000000056,361.99599999999685,990.52500000001
2016-01-18,-126.66500000000204,488.6610000000008,628.5290000000056,361.99599999999685,990.52500000001
2016-01-19,-126.66500000000204,488.6610000000008,628.5290000000056,361.99599999999685,990.52500000001
2016-01-20,-122.49300000000206,488.38300000000095,628.2510000000058,365.889999999997,994.1410000000103
2016-01-21,-122.49300000000206,491.11300000000114,628.2510000000058,368.61999999999716,996.8710000000106
2016-01-22,-122.49300000000206,487.781000000001,628.2510000000058,365.287999999997,993.5390000000104
2016-01-25,-118.45500000000209,495.912000000001,628.2510000000058,377.456999999997,1005.7080000000104
2016-01-26,-122.02900000000224,508.48000000000116,638.2590000000058,386.450999999997,1024.7100000000105
2016-01-27,-122.02900000000224,514.2890000000011,636.0010000000058,392.2599999999969,1028.2610000000104
2016-01-28,-122.56900000000225,503.18900000000093,636.0010000000058,380.6199999999967,1016.6210000000102
2016-01-29,-122.56900000000225,506.4100000000009,636.0010000000058,383.84099999999665,1019.8420000000102
2016-02-01,-122.56900000000225,518.0710000000009,636.0010000000058,395.50199999999666,1031.5030000000102
2016-02-02,-127.61000000000223,519.1610000000009,636.0010000000058,391.5509999999965,1027.5520000000101
2016-02-03,-128.92900000000225,533.741000000001,640.3120000000059,404.8119999999966,1045.1240000000103
2016-02-04,-116.77900000000243,547.3430000000011,642.9330000000058,430.56399999999644,1073.4970000000098
2016-02-05,-126.51500000000239,565.473000000001,642.9330000000058,438.95799999999633,1081.8910000000096
2016-02-08,-110.34200000000243,590.5850000000011,641.3320000000059,480.2429999999963,1121.5750000000096
2016-02-09,-112.7830000000025,586.866000000001,641.3320000000059,474.0829999999961,1115.4150000000095
2016-02-10,-122.92400000000262,593.884000000001,641.3320000000059,470.95999999999594,1112.2920000000095
2016-02-11,-84.73300000000263,639.6030000000011,668.5600000000057,554.8699999999959,1223.4300000000092
2016-02-12,-85.78100000000268,637.002000000001,668.5600000000057,551.2209999999957,1219.781000000009
2016-02-15,-62.990000000002624,611.2110000000009,668.5600000000057,548.2209999999957,1216.781000000009
2016-02-16,-70.49000000000254,602.6710000000008,661.1200000000059,532.1809999999957,1193.3010000000093
2016-02-17,-70.49000000000254,602.6710000000008,655.6720000000058,532.1809999999957,1187.8530000000092
2016-02-18,-74.01100000000254,621.0320000000007,631.1130000000059,547.0209999999955,1178.1340000000089
2016-02-19,-74.01100000000254,618.8420000000009,631.1130000000059,544.8309999999957,1175.944000000009
2016-02-22,-67.11100000000249,600.4020000000008,631.1130000000059,533.2909999999956,1164.404000000009
2016-02-23,-67.11100000000249,600.4020000000008,631.1130000000059,533.2909999999956,1164.404000000009
2016-02-24,-67.11100000000249,593.413000000001,611.1100000000059,526.3019999999958,1137.4120000000094
2016-02-25,-67.11100000000249,585.6320000000011,611.1100000000059,518.5209999999959,1129.6310000000094
2016-02-26,-72.99200000000239,585.6320000000011,611.1100000000059,512.639999999996,1123.7500000000095
2016-02-29,-72.99200000000239,585.6320000000011,611.1100000000059,512.639999999996,1123.7500000000095
2016-03-01,-72.99200000000239,585.6320000000011,611.1100000000059,512.639999999996,1123.7500000000095
2016-03-02,-72.99200000000239,585.6320000000011,611.1100000000059,512.639999999996,1123.7500000000095
2016-03-03,-75.01300000000239,587.3320000000011,616.201000000006,512.318999999996,1128.5200000000095
2016-03-04,-75.01300000000239,578.4720000000012,616.201000000006,503.458999999996,1119.6600000000096
2016-03-07,-75.01300000000239,578.4720000000012,616.201000000006,503.458999999996,1119.6600000000096
2016-03-08,-75.01300000000239,578.4720000000012,616.201000000006,503.458999999996,1119.6600000000096
2016-03-09,-78.55200000000242,578.4720000000012,611.1880000000061,499.919999999996,1111.1080000000097
2016-03-10,-78.55200000000242,578.4720000000012,597.337000000006,499.919999999996,1097.2570000000096
2016-03-11,-96.06300000000243,578.4720000000012,597.337000000006,482.40899999999596,1079.7460000000096
2016-03-14,-96.06300000000243,578.4720000000012,610.4500000000061,482.40899999999596,1092.8590000000097
2016-03-15,-102.64100000000245,578.4720000000012,611.9990000000063,475.8309999999959,1087.83000000001
2016-03-16,-93.69200000000242,578.4720000000012,583.3410000000064,484.77999999999594,1068.12100000001
2016-03-17,-96.68300000000245,578.4720000000012,583.3410000000064,481.7889999999959,1065.13000000001
2016-03-18,-96.68300000000245,578.4720000000012,583.3410000000064,481.7889999999959,1065.13000000001
2016-03-21,-99.39500000000248,578.4720000000012,583.3410000000064,479.07699999999585,1062.4180000000101
2016-03-22,-110.90300000000256,578.4720000000012,583.3410000000064,467.56899999999575,1050.91000000001
2016-03-23,-99.34300000000266,575.3140000000013,608.0320000000064,475.9709999999957,1084.00300000001
2016-03-24,-104.16300000000264,579.6230000000013,613.1830000000065,475.4599999999956,1088.6430000000098
2016-03-28,-104.16300000000264,573.3640000000013,606.9240000000065,469.20099999999553,1076.1250000000098
2016-03-29,-96.96300000000264,549.5340000000014,606.9240000000065,452.57099999999554,1059.49500000001
2016-03-30,-103.67100000000254,549.5340000000014,606.9240000000065,445.8629999999956,1052.78700000001
2016-03-31,-103.67100000000254,549.5340000000014,606.9240000000065,445.8629999999956,1052.78700000001
2016-04-01,-112.49100000000251,539.6970000000014,606.9240000000065,427.2059999999956,1034.13000000001
2016-04-04,-112.49100000000251,541.7540000000014,606.9240000000065,429.26299999999554,1036.1870000000101
2016-04-05,-111.10000000000248,527.1240000000015,606.9240000000065,416.0239999999956,1022.9480000000102
2016-04-06,-111.10000000000248,527.1240000000015,606.9240000000065,416.0239999999956,1022.9480000000102
2016-04-07,-105.95100000000264,527.1240000000015,611.5630000000064,421.17299999999545,1032.7360000000099
2016-04-08,-105.95100000000264,527.1240000000015,610.4620000000062,421.17299999999545,1031.6350000000098
2016-04-11,-99.24200000000262,527.1240000000015,621.1350000000062,427.88199999999546,1049.0170000000098
2016-04-12,-99.24200000000262,527.1240000000015,618.8360000000063,427.88199999999546,1046.7180000000099
2016-04-13,-98.37200000000254,527.1240000000015,618.8360000000063,428.7519999999955,1047.58800000001
2016-04-14,-109.42500000000247,527.1240000000015,619.1520000000063,417.6989999999956,1036.8510000000101
2016-04-15,-114.7180000000024,527.1240000000015,612.9920000000064,412.40599999999563,1025.3980000000104
2016-04-18,-114.7180000000024,527.1240000000015,612.9920000000064,412.40599999999563,1025.3980000000104
2016-04-19,-109.1100000000025,527.1240000000015,612.9920000000064,418.0139999999955,1031.0060000000103
2016-04-20,-112.4390000000025,527.1240000000015,612.9920000000064,414.6849999999955,1027.6770000000104
2016-04-21,-131.03900000000246,507.65400000000164,604.0930000000066,376.6149999999957,980.7080000000107
2016-04-22,-117.64000000000239,507.65400000000164,604.0930000000066,390.01399999999575,994.1070000000108
2016-04-25,-118.13800000000225,507.65400000000164,604.0930000000066,389.51599999999587,993.609000000011
2016-04-26,-118.13800000000225,507.65400000000164,604.0930000000066,389.51599999999587,993.609000000011
2016-04-27,-124.25100000000235,507.65400000000164,604.0930000000066,383.40299999999576,987.4960000000109
2016-04-28,-121.65200000000223,517.2830000000015,618.8220000000066,395.6309999999957,1014.4530000000109
2016-04-29,-93.35200000000232,543.6630000000014,645.2020000000065,450.31099999999543,1095.5130000000104
2016-05-02,-91.5330000000024,540.9540000000015,645.2020000000065,449.42099999999544,1094.6230000000105
2016-05-03,-91.5330000000024,535.7950000000017,645.2020000000065,444.2619999999955,1089.4640000000106
2016-05-04,-85.74500000000243,527.7260000000017,645.2020000000065,441.98099999999545,1087.1830000000107
2016-05-05,-85.74500000000243,527.7260000000017,645.2020000000065,441.98099999999545,1087.1830000000107
2016-05-06,-85.74500000000243,524.4540000000018,645.2020000000065,438.70899999999546,1083.9110000000107
2016-05-09,-70.7150000000025,524.4540000000018,646.7450000000066,453.7389999999954,1100.4840000000108
2016-05-10,-73.83500000000244,524.4540000000018,644.5440000000068,450.6189999999954,1095.1630000000112
2016-05-11,-74.63800000000259,524.4540000000018,644.5440000000068,449.81599999999526,1094.360000000011
2016-05-12,-74.63800000000259,524.4540000000018,644.5440000000068,449.81599999999526,1094.360000000011
2016-05-13,-74.63800000000259,524.4540000000018,644.5440000000068,449.81599999999526,1094.360000000011
2016-05-16,-81.51500000000281,524.4540000000018,630.3950000000069,442.938999999995,1073.334000000011
2016-05-17,-81.51500000000281,524.4540000000018,630.3950000000069,442.938999999995,1073.334000000011
2016-05-18,-76.36700000000272,524.4540000000018,635.785000000007,448.0869999999951,1083.8720000000112
2016-05-19,-71.53900000000279,524.4540000000018,641.6350000000072,452.914999999995,1094.5500000000113
2016-05-20,-71.53900000000279,524.4540000000018,641.6350000000072,452.914999999995,1094.5500000000113
2016-05-23,-71.53900000000279,524.4540000000018,641.6350000000072,452.914999999995,1094.5500000000113
2016-05-24,-57.30900000000281,541.2840000000017,654.8660000000071,483.97499999999485,1138.841000000011
2016-05-25,-53.42800000000277,544.2540000000017,657.8360000000072,490.82599999999485,1148.662000000011
2016-05-26,-53.42800000000277,546.8840000000018,657.8360000000072,493.4559999999949,1151.292000000011
2016-05-27,-53.42800000000277,556.194000000002,660.8360000000074,502.765999999995,1163.6020000000115
2016-05-30,-61.968000000002775,558.525000000002,660.8360000000074,496.556999999995,1157.3930000000114
2016-05-31,-60.456000000002646,549.5950000000021,660.8360000000074,489.1389999999952,1149.9750000000115
2016-06-01,-66.33800000000275,551.5540000000021,660.8360000000074,485.21599999999506,1146.0520000000115
2016-06-02,-71.47000000000263,553.8530000000021,660.8360000000074,482.3829999999951,1143.2190000000116
2016-06-03,-65.44100000000267,517.5920000000021,667.5650000000074,452.150999999995,1119.7160000000115
2016-06-06,-66.40000000000255,517.5920000000021,667.5650000000074,451.1919999999951,1118.7570000000117
2016-06-07,-66.40000000000255,517.5920000000021,667.5650000000074,451.1919999999951,1118.7570000000117
2016-06-08,-53.121000000002596,517.5920000000021,678.9740000000073,464.47099999999506,1143.4450000000115
2016-06-09,-55.91900000000264,517.5920000000021,685.6240000000074,461.672999999995,1147.2970000000116
2016-06-10,-55.91900000000264,517.5920000000021,683.0240000000075,461.672999999995,1144.6970000000117
2016-06-13,-55.91900000000264,517.5920000000021,681.4620000000076,461.672999999995,1143.1350000000118
2016-06-14,-55.91900000000264,517.5920000000021,681.4620000000076,461.672999999995,1143.1350000000118
2016-06-15,-55.91900000000264,517.5920000000021,681.4620000000076,461.672999999995,1143.1350000000118
2016-06-16,-56.901000000002654,501.2020000000022,662.5620000000077,444.30099999999504,1106.8630000000119
2016-06-17,-66.8430000000027,501.2020000000022,662.5620000000077,434.358999999995,1096.9210000000119
2016-06-20,-66.8430000000027,501.2020000000022,662.5620000000077,434.358999999995,1096.9210000000119
2016-06-21,-62.73500000000257,501.2020000000022,668.0820000000077,438.4669999999951,1106.549000000012
2016-06-22,-62.345000000002514,501.2020000000022,670.2930000000077,438.85699999999514,1109.1500000000121
2016-06-23,-62.345000000002514,501.2020000000022,670.2930000000077,438.85699999999514,1109.1500000000121
2016-06-24,-53.63500000000252,482.6000000000023,651.6910000000079,428.9649999999952,1080.6560000000122
2016-06-27,-53.63500000000252,482.6000000000023,651.6910000000079,428.9649999999952,1080.6560000000122
2016-06-28,-49.69500000000251,482.6000000000023,651.6910000000079,432.9049999999952,1084.5960000000123
2016-06-29,-49.69500000000251,482.6000000000023,651.6910000000079,432.9049999999952,1084.5960000000123
2016-06-30,-49.69500000000251,482.6000000000023,651.6910000000079,432.9049999999952,1084.5960000000123
2016-07-01,-49.69500000000251,482.6000000000023,651.6910000000079,432.9049999999952,1084.5960000000123
2016-07-04,-49.69500000000251,481.16100000000233,651.6910000000079,431.46599999999523,1083.1570000000124
2016-07-05,-49.69500000000251,488.57900000000234,651.6910000000079,438.88399999999524,1090.5750000000123
2016-07-06,-49.725000000002524,492.6170000000023,651.6910000000079,442.89199999999516,1094.5830000000124
2016-07-07,-50.15700000000258,484.5370000000023,651.6910000000079,434.3799999999951,1086.0710000000124
2016-07-08,-55.415000000002664,484.5370000000023,651.6910000000079,429.121999999995,1080.8130000000124
2016-07-11,-56.76600000000259,484.5370000000023,651.6910000000079,427.77099999999507,1079.4620000000125
2016-07-12,-42.81600000000259,484.5370000000023,656.7900000000078,441.72099999999506,1098.5110000000125
2016-07-13,-50.6250000000026,484.5370000000023,646.4890000000079,433.91199999999503,1080.4010000000126
2016-07-14,-57.17700000000278,484.5370000000023,637.9990000000079,427.35999999999484,1065.3590000000124
2016-07-15,-57.17700000000278,484.5370000000023,637.9990000000079,427.35999999999484,1065.3590000000124
2016-07-18,-57.17700000000278,484.5370000000023,637.9990000000079,427.35999999999484,1065.3590000000124
2016-07-19,-57.17700000000278,484.5370000000023,637.9990000000079,427.35999999999484,1065.3590000000124
2016-07-20,-49.30500000000275,484.5370000000023,642.3040000000079,435.23199999999485,1077.5360000000126
2016-07-21,-51.29600000000283,484.5370000000023,626.703000000008,433.24099999999476,1059.9440000000125
2016-07-22,-59.955000000002755,484.5370000000023,626.703000000008,424.5819999999948,1051.2850000000126
2016-07-25,-59.955000000002755,484.5370000000023,626.703000000008,424.5819999999948,1051.2850000000126
2016-07-26,-59.955000000002755,484.5370000000023,626.703000000008,424.5819999999948,1051.2850000000126
2016-07-27,-46.69700000000276,484.5370000000023,626.703000000008,437.8399999999948,1064.5430000000126
2016-07-28,-47.70400000000264,484.5370000000023,624.7820000000082,436.8329999999949,1061.615000000013
2016-07-29,-48.43300000000272,484.5370000000023,626.2890000000083,436.1039999999948,1062.393000000013
2016-08-01,-51.22700000000263,484.5370000000023,626.2890000000083,433.3099999999949,1059.5990000000131
2016-08-02,-47.98900000000262,484.5370000000023,631.9460000000084,436.5479999999949,1068.4940000000133
2016-08-03,-47.98900000000262,484.5370000000023,627.5270000000086,436.5479999999949,1064.0750000000135
2016-08-04,-55.82100000000277,484.5370000000023,627.5270000000086,428.7159999999947,1056.2430000000134
2016-08-05,-45.30000000000285,484.5370000000023,631.5960000000085,439.2369999999946,1070.8330000000133
2016-08-08,-48.431000000002754,484.5370000000023,628.6470000000085,436.1059999999947,1064.7530000000133
2016-08-09,-48.431000000002754,484.5370000000023,628.6470000000085,436.1059999999947,1064.7530000000133
2016-08-10,-50.3720000000026,484.5370000000023,628.6470000000085,434.16499999999485,1062.8120000000135
2016-08-11,-50.3720000000026,484.5370000000023,628.6470000000085,434.16499999999485,1062.8120000000135
2016-08-12,-50.3720000000026,484.5370000000023,628.6470000000085,434.16499999999485,1062.8120000000135
2016-08-15,-50.3720000000026,484.5370000000023,628.6470000000085,434.16499999999485,1062.8120000000135
2016-08-16,-50.3720000000026,484.5370000000023,628.6470000000085,434.16499999999485,1062.8120000000135
2016-08-17,-50.3720000000026,484.5370000000023,628.6470000000085,434.16499999999485,1062.8120000000135
2016-08-18,-50.3720000000026,484.5370000000023,628.6470000000085,434.16499999999485,1062.8120000000135
2016-08-19,-47.571000000002485,484.5370000000023,628.6470000000085,436.96599999999495,1065.6130000000137
2016-08-22,-53.15200000000243,484.5370000000023,623.9970000000086,431.384999999995,1055.382000000014
2016-08-23,-53.15200000000243,484.5370000000023,623.9970000000086,431.384999999995,1055.382000000014
2016-08-24,-48.49800000000225,484.5370000000023,630.6910000000086,436.03899999999516,1066.7300000000141
2016-08-25,-45.40900000000212,481.30800000000244,633.5910000000086,435.8989999999954,1069.4900000000143
2016-08-26,-53.32200000000218,481.30800000000244,633.5910000000086,427.98599999999533,1061.5770000000143
2016-08-29,-53.32200000000218,474.64100000000246,633.5910000000086,421.31899999999536,1054.9100000000144
2016-08-30,-51.68200000000212,478.6020000000024,633.5910000000086,426.91999999999535,1060.5110000000145
2016-08-31,-51.68200000000212,482.1440000000023,637.1330000000086,430.4619999999952,1067.5950000000144
2016-09-01,-51.68200000000212,477.95600000000235,637.1330000000086,426.2739999999953,1063.4070000000145
2016-09-02,-54.661000000002026,465.18500000000233,638.2910000000087,410.5239999999954,1048.8150000000146
2016-09-05,-53.89000000000195,465.18500000000233,638.2910000000087,411.29499999999547,1049.5860000000148
2016-09-06,-36.69000000000209,465.18500000000233,657.8410000000089,428.49499999999534,1086.3360000000148
2016-09-07,-40.441000000002106,465.18500000000233,654.240000000009,424.7439999999953,1078.984000000015
2016-09-08,-41.261000000002085,465.18500000000233,654.240000000009,423.9239999999953,1078.164000000015
2016-09-09,-33.361000000002036,465.18500000000233,654.240000000009,431.82399999999535,1086.064000000015
2016-09-12,-33.361000000002036,465.18500000000233,649.3690000000091,431.82399999999535,1081.1930000000152
2016-09-13,-33.32000000000191,465.18500000000233,649.3690000000091,431.86499999999546,1081.2340000000154
2016-09-14,-33.32000000000191,465.18500000000233,649.3690000000091,431.86499999999546,1081.2340000000154
2016-09-15,-33.32000000000191,462.1660000000025,649.3690000000091,428.8459999999956,1078.2150000000156
2016-09-16,-33.32000000000191,463.7150000000024,649.3690000000091,430.39499999999555,1079.7640000000156
2016-09-19,-37.60000000000193,462.22500000000235,649.3690000000091,424.62499999999545,1073.9940000000156
2016-09-20,-37.60000000000193,462.22500000000235,649.3690000000091,424.62499999999545,1073.9940000000156
2016-09-21,-28.409000000001942,445.2740000000023,654.8870000000092,416.86499999999535,1071.7520000000154
2016-09-22,-23.47800000000195,445.2740000000023,658.9480000000091,421.79599999999533,1080.7440000000154
2016-09-23,-23.47800000000195,445.2740000000023,659.3880000000091,421.79599999999533,1081.1840000000154
2016-09-26,-23.47800000000195,445.2740000000023,655.3580000000092,421.79599999999533,1077.1540000000155
2016-09-27,-24.105000000001947,445.2740000000023,655.3580000000092,421.1689999999953,1076.5270000000155
2016-09-28,-19.97600000000186,445.2740000000023,652.7880000000092,425.2979999999954,1078.0860000000157
2016-09-29,-19.97600000000186,445.2740000000023,653.4780000000093,425.2979999999954,1078.7760000000158
2016-09-30,-19.97600000000186,445.2740000000023,653.4780000000093,425.2979999999954,1078.7760000000158
2016-10-03,-21.818000000001778,445.2740000000023,653.4780000000093,423.45599999999547,1076.9340000000159
2016-10-04,7.022999999998298,485.6040000000024,676.4090000000093,492.62699999999563,1169.036000000016
2016-10-05,1.7339999999982654,486.8760000000025,677.6810000000095,488.6099999999957,1166.291000000016
2016-10-06,-0.7360000000018072,500.8760000000024,677.6810000000095,500.13999999999555,1177.821000000016
2016-10-07,-13.466000000001872,501.1060000000024,677.6810000000095,487.63999999999544,1165.321000000016
2016-10-10,-16.906000000001743,499.4070000000025,677.6810000000095,482.50099999999566,1160.1820000000164
2016-10-11,-16.906000000001743,505.11700000000246,677.6810000000095,488.21099999999564,1165.8920000000164
2016-10-12,-16.906000000001743,503.8590000000026,677.6810000000095,486.95299999999577,1164.6340000000166
2016-10-13,-20.49500000000173,500.82000000000255,677.6810000000095,480.3249999999957,1158.0060000000167
2016-10-14,-20.49500000000173,507.04800000000256,677.6810000000095,486.55299999999573,1164.2340000000167
2016-10-17,-20.49500000000173,504.1380000000024,677.6810000000095,483.6429999999956,1161.3240000000167
2016-10-18,-16.42500000000184,496.99600000000254,677.6850000000094,480.5709999999956,1158.2560000000165
2016-10-19,-18.047000000001958,496.99600000000254,684.4060000000094,478.94899999999546,1163.3550000000164
2016-10-20,-18.047000000001958,496.99600000000254,679.8550000000095,478.94899999999546,1158.8040000000165
2016-10-21,-18.047000000001958,496.99600000000254,679.8550000000095,478.94899999999546,1158.8040000000165
2016-10-24,-26.680000000001815,496.99600000000254,679.8550000000095,470.3159999999956,1150.1710000000166
2016-10-25,-20.093000000001872,496.99600000000254,679.3460000000094,476.90299999999553,1156.2490000000166
2016-10-26,-23.660000000001926,496.99600000000254,673.6650000000096,473.33599999999547,1147.0010000000168
2016-10-27,-23.660000000001926,496.99600000000254,673.6650000000096,473.33599999999547,1147.0010000000168
2016-10-28,-30.8980000000018,496.99600000000254,665.6980000000098,466.0979999999956,1131.796000000017
2016-10-31,-30.8980000000018,496.99600000000254,665.6980000000098,466.0979999999956,1131.796000000017
2016-11-01,-24.357000000001907,496.99600000000254,668.1690000000098,472.63899999999546,1140.808000000017
2016-11-02,-25.216000000001877,496.99600000000254,675.5790000000098,471.7799999999955,1147.3590000000172
2016-11-03,-31.854000000001843,496.99600000000254,664.7510000000099,465.1419999999955,1129.8930000000173
2016-11-04,-31.854000000001843,496.99600000000254,664.7510000000099,465.1419999999955,1129.8930000000173
2016-11-07,-23.444000000001807,496.99600000000254,664.7510000000099,473.55199999999553,1138.3030000000174
2016-11-08,-26.03800000000195,496.99600000000254,664.7510000000099,470.95799999999537,1135.7090000000173
2016-11-09,-62.827000000001846,454.10300000000245,632.2500000000099,391.2759999999954,1023.5260000000173
2016-11-10,-44.027000000001934,456.68200000000235,634.8290000000098,412.6549999999952,1047.484000000017
2016-11-11,-11.875000000001933,489.4850000000022,642.7510000000099,477.609999999995,1120.3610000000167
2016-11-14,-7.332000000002086,500.79500000000206,642.7510000000099,493.46299999999474,1136.2140000000165
2016-11-15,-7.332000000002086,496.1080000000021,642.7510000000099,488.7759999999948,1131.5270000000166
2016-11-16,-7.332000000002086,498.0670000000021,642.7510000000099,490.7349999999948,1133.4860000000167
2016-11-17,-7.332000000002086,506.2060000000022,642.7510000000099,498.87399999999485,1141.6250000000168
2016-11-18,-17.153000000002045,512.4790000000023,640.32400000001,495.32599999999496,1135.650000000017
2016-11-21,-17.153000000002045,506.0920000000023,640.32400000001,488.93899999999496,1129.263000000017
2016-11-22,-17.153000000002045,509.90400000000216,640.32400000001,492.7509999999948,1133.0750000000169
2016-11-23,-10.874000000002095,534.6250000000022,647.95700000001,523.7509999999947,1171.7080000000167
2016-11-24,-10.874000000002095,541.2450000000022,647.95700000001,530.3709999999948,1178.3280000000168
2016-11-25,-10.874000000002095,539.9030000000021,639.56800000001,529.0289999999947,1168.5970000000168
2016-11-28,-10.874000000002095,529.595000000002,629.8370000000099,518.7209999999945,1148.5580000000166
2016-11-29,-10.874000000002095,535.3580000000019,629.8370000000099,524.4839999999945,1154.3210000000165
2016-11-30,-10.874000000002095,551.0210000000019,629.8370000000099,540.1469999999945,1169.9840000000165
2016-12-01,-10.874000000002095,552.9230000000019,626.5560000000099,542.0489999999945,1168.6050000000166
2016-12-02,-11.967000000002216,550.2630000000019,626.5560000000099,538.2959999999943,1164.8520000000165
2016-12-05,-31.586000000002176,560.1030000000018,626.5560000000099,528.5169999999941,1155.0730000000165
2016-12-06,-38.63200000000227,560.7630000000019,626.5560000000099,522.1309999999941,1148.6870000000165
2016-12-07,-39.91200000000229,560.7630000000019,626.5560000000099,520.8509999999941,1147.4070000000165
2016-12-08,-42.974000000002455,560.7630000000019,626.5560000000099,517.788999999994,1144.3450000000164
2016-12-09,-42.974000000002455,560.7630000000019,626.5560000000099,517.788999999994,1144.3450000000164
2016-12-12,-46.064000000002416,560.7630000000019,614.0870000000099,514.698999999994,1128.7860000000164
2016-12-13,-51.734000000002304,560.7630000000019,614.0870000000099,509.02899999999414,1123.1160000000166
2016-12-14,-50.09100000000214,560.7630000000019,614.0870000000099,510.6719999999943,1124.7590000000168
2016-12-15,-36.01300000000198,560.7630000000019,618.46700000001,524.7499999999944,1143.2170000000172
2016-12-16,-48.76400000000205,560.7630000000019,618.46700000001,511.99899999999434,1130.4660000000172
2016-12-19,-49.75100000000217,560.7630000000019,618.46700000001,511.0119999999942,1129.479000000017
2016-12-20,-52.458000000002095,560.7630000000019,618.46700000001,508.30499999999427,1126.7720000000172
2016-12-21,-58.150000000002144,560.7630000000019,613.33400000001,502.6129999999942,1115.9470000000172
2016-12-22,-58.150000000002144,560.7630000000019,613.33400000001,502.6129999999942,1115.9470000000172
2016-12-23,-59.53200000000225,560.7630000000019,613.33400000001,501.2309999999941,1114.565000000017
2016-12-27,-60.58100000000227,560.7630000000019,617.6050000000101,500.18199999999405,1117.7870000000173
2016-12-28,-60.58100000000227,560.7630000000019,616.2640000000102,500.18199999999405,1116.4460000000174
2016-12-29,-49.71400000000213,560.7630000000019,628.4750000000103,511.0489999999942,1139.5240000000176
2016-12-30,-50.95000000000228,560.7630000000019,617.9940000000103,509.812999999994,1127.8070000000175
2017-01-03,-59.270000000002256,560.7630000000019,620.8410000000102,501.492999999994,1122.3340000000176
2017-01-04,-59.68600000000224,560.7630000000019,623.3120000000102,501.07699999999403,1124.3890000000176
2017-01-05,-55.866000000002344,560.7630000000019,638.2130000000103,504.8969999999939,1143.1100000000176
2017-01-06,-55.866000000002344,560.7630000000019,630.0300000000103,504.8969999999939,1134.9270000000176
2017-01-09,-55.866000000002344,565.053000000002,629.0410000000105,509.18699999999404,1138.228000000018
2017-01-10,-55.866000000002344,569.5670000000022,631.6850000000105,513.7009999999941,1145.3860000000182
2017-01-11,-66.83300000000226,574.0860000000022,632.0710000000105,507.25299999999413,1139.324000000018
2017-01-12,-69.9920000000024,575.6460000000021,628.6110000000104,505.65399999999386,1134.2650000000176
2017-01-13,-85.14400000000231,577.3350000000022,628.6110000000104,492.190999999994,1120.8020000000176
2017-01-16,-85.14400000000231,575.6330000000021,628.6110000000104,490.4889999999939,1119.1000000000176
2017-01-17,-85.14400000000231,588.7320000000021,632.0510000000105,503.58799999999394,1135.6390000000176
2017-01-18,-78.04400000000244,578.8310000000023,632.0510000000105,500.7869999999939,1132.8380000000177
2017-01-19,-78.74300000000233,580.2070000000023,632.0510000000105,501.4639999999939,1133.5150000000178
2017-01-20,-78.74300000000233,583.6660000000023,632.0510000000105,504.9229999999939,1136.974000000018
2017-01-23,-84.65300000000222,583.2430000000023,632.0510000000105,498.58999999999395,1130.641000000018
2017-01-24,-81.56300000000235,575.3820000000024,632.0510000000105,493.8189999999939,1125.870000000018
2017-01-25,-73.49200000000225,575.3820000000024,627.8610000000107,501.88999999999396,1129.7510000000184
2017-01-26,-69.50600000000219,575.3820000000024,631.4810000000108,505.875999999994,1137.3570000000186
2017-01-27,-70.78500000000223,575.3820000000024,626.5380000000108,504.59699999999395,1131.1350000000186
2017-01-30,-70.78500000000223,575.3820000000024,626.5380000000108,504.59699999999395,1131.1350000000186
2017-01-31,-70.05500000000225,575.3820000000024,626.5380000000108,505.3269999999939,1131.8650000000187
2017-02-01,-80.45500000000216,575.3820000000024,626.5380000000108,494.926999999994,1121.4650000000188
2017-02-02,-86.90500000000225,568.3840000000024,619.5400000000108,481.4789999999938,1101.0190000000184
2017-02-03,-86.90500000000225,568.3840000000024,619.5400000000108,481.4789999999938,1101.0190000000184
2017-02-06,-76.59400000000214,574.4800000000026,623.5090000000108,497.88599999999406,1121.3950000000186
2017-02-07,-80.24500000000202,573.8390000000028,623.5090000000108,493.59399999999425,1117.103000000019
2017-02-08,-80.24500000000202,581.9480000000027,621.2950000000109,501.7029999999941,1122.998000000019
2017-02-09,-80.24500000000202,573.2750000000027,621.2950000000109,493.02999999999406,1114.325000000019
2017-02-10,-81.6080000000019,573.2750000000027,613.4580000000109,491.6669999999942,1105.125000000019
2017-02-13,-89.27800000000201,573.2750000000027,612.7380000000111,483.99699999999405,1096.7350000000192
2017-02-14,-89.27800000000201,573.2750000000027,610.5570000000113,483.99699999999405,1094.5540000000194
2017-02-15,-89.27800000000201,573.2750000000027,597.4770000000111,483.99699999999405,1081.4740000000193
2017-02-16,-88.03100000000221,574.7430000000026,597.4770000000111,486.7119999999936,1084.189000000019
2017-02-17,-88.03100000000221,571.5130000000025,597.4770000000111,483.48199999999355,1080.959000000019
2017-02-20,-91.81400000000215,571.5130000000025,597.4770000000111,479.6989999999936,1077.176000000019
2017-02-21,-97.21400000000206,571.5130000000025,597.4770000000111,474.29899999999367,1071.7760000000192
2017-02-22,-97.21400000000206,571.5130000000025,597.4770000000111,474.29899999999367,1071.7760000000192
2017-02-23,-94.67200000000219,576.8230000000027,597.4580000000111,482.15099999999364,1079.609000000019
2017-02-24,-87.07200000000209,583.8830000000029,597.8020000000112,496.81099999999384,1094.6130000000192
2017-02-27,-88.52900000000201,578.753000000003,597.8020000000112,490.22399999999396,1088.0260000000194
2017-02-28,-92.08900000000204,576.724000000003,597.8020000000112,484.6349999999939,1082.4370000000192
2017-03-01,-90.58000000000207,576.724000000003,585.625000000011,486.14399999999387,1071.769000000019
2017-03-02,-86.5900000000021,576.724000000003,590.7190000000109,490.1339999999938,1080.853000000019
2017-03-03,-87.33000000000216,576.724000000003,590.1150000000108,489.39399999999375,1079.509000000019
2017-03-06,-87.33000000000216,576.724000000003,590.1150000000108,489.39399999999375,1079.509000000019
2017-03-07,-85.73000000000229,576.724000000003,597.567000000011,490.9939999999936,1088.561000000019
2017-03-08,-78.64900000000243,576.724000000003,602.4270000000109,498.07499999999345,1100.5020000000188
2017-03-09,-78.64900000000243,576.724000000003,605.0770000000108,498.07499999999345,1103.1520000000187
2017-03-10,-86.90900000000246,570.714000000003,605.0770000000108,483.80499999999336,1088.8820000000187
2017-03-13,-90.18500000000257,570.714000000003,605.0770000000108,480.52899999999323,1085.6060000000186
2017-03-14,-90.18500000000257,573.3730000000029,605.0770000000108,483.18799999999305,1088.2650000000185
2017-03-15,-83.53500000000253,551.5870000000028,608.667000000011,468.051999999993,1076.7190000000185
2017-03-16,-77.5130000000024,551.5870000000028,615.538000000011,474.0739999999931,1089.6120000000187
2017-03-17,-77.5130000000024,551.5870000000028,615.538000000011,474.0739999999931,1089.6120000000187
2017-03-20,-77.5130000000024,551.5870000000028,615.538000000011,474.0739999999931,1089.6120000000187
2017-03-21,-77.19600000000244,551.5870000000028,616.838000000011,474.390999999993,1091.2290000000187
2017-03-22,-77.77300000000226,551.5870000000028,618.798000000011,473.8139999999932,1092.612000000019
2017-03-23,-77.77300000000226,551.5870000000028,618.798000000011,473.8139999999932,1092.612000000019
2017-03-24,-77.77300000000226,551.5870000000028,618.798000000011,473.8139999999932,1092.612000000019
2017-03-27,-84.69900000000223,551.697000000003,618.798000000011,466.9979999999933,1085.7960000000191
2017-03-28,-84.69900000000223,544.5250000000029,618.798000000011,459.8259999999932,1078.6240000000191
2017-03-29,-84.69900000000223,544.5250000000029,618.798000000011,459.8259999999932,1078.6240000000191
2017-03-30,-84.69900000000223,544.5250000000029,618.798000000011,459.8259999999932,1078.6240000000191
2017-03-31,-84.69900000000223,544.5250000000029,612.268000000011,459.8259999999932,1072.0940000000192
2017-04-03,-84.69900000000223,544.5250000000029,612.268000000011,459.8259999999932,1072.0940000000192
2017-04-04,-85.76600000000228,544.5250000000029,609.6480000000112,458.75899999999314,1068.4070000000193
2017-04-05,-92.77200000000218,544.5250000000029,609.6480000000112,451.7529999999932,1061.4010000000194
2017-04-06,-92.77200000000218,544.5250000000029,609.6480000000112,451.7529999999932,1061.4010000000194
2017-04-07,-101.12400000000213,534.3250000000031,598.5680000000112,433.2009999999934,1031.7690000000196
2017-04-10,-101.2240000000023,534.3250000000031,598.5680000000112,433.10099999999323,1031.6690000000194
2017-04-11,-93.14100000000226,533.8140000000031,598.5680000000112,440.67299999999324,1039.2410000000195
2017-04-12,-93.5740000000023,540.4360000000032,605.1900000000113,446.8619999999932,1052.0520000000195
2017-04-13,-93.5740000000023,541.5070000000034,606.2610000000114,447.9329999999933,1054.1940000000197
2017-04-17,-95.68200000000229,531.5630000000034,606.2610000000114,435.88099999999326,1042.1420000000198
2017-04-18,-107.34200000000246,537.2440000000034,606.2610000000114,429.9019999999931,1036.1630000000196
2017-04-19,-104.97100000000263,526.9700000000036,606.2610000000114,421.998999999993,1028.2600000000195
2017-04-20,-104.97100000000263,526.9700000000036,606.2610000000114,421.998999999993,1028.2600000000195
2017-04-21,-104.97100000000263,524.9190000000036,606.2610000000114,419.947999999993,1026.2090000000196
2017-04-24,-109.9120000000027,524.9190000000036,598.8540000000115,415.0069999999929,1013.8610000000195
2017-04-25,-107.0680000000027,524.9190000000036,601.2280000000115,417.8509999999929,1019.0790000000195
2017-04-26,-110.98900000000279,524.9190000000036,594.9500000000115,413.9299999999928,1008.8800000000193
2017-04-27,-110.98900000000279,524.9190000000036,591.7130000000114,413.9299999999928,1005.6430000000192
2017-04-28,-110.98900000000279,524.9190000000036,591.7130000000114,413.9299999999928,1005.6430000000192
2017-05-01,-112.8710000000029,524.9190000000036,594.1940000000114,412.04799999999267,1006.2420000000191
2017-05-02,-112.8710000000029,524.9190000000036,593.4330000000115,412.04799999999267,1005.4810000000191
2017-05-03,-104.45200000000284,524.9190000000036,606.4460000000116,420.4669999999927,1026.9130000000193
2017-05-04,-95.48100000000288,530.4090000000036,616.5200000000115,434.9279999999926,1051.448000000019
2017-05-05,-95.48100000000288,528.8930000000036,615.0040000000114,433.4119999999925,1048.4160000000188
2017-05-08,-95.48100000000288,528.9740000000037,615.0040000000114,433.49299999999255,1048.497000000019
2017-05-09,-95.48100000000288,535.4350000000037,612.9740000000114,439.9539999999925,1052.928000000019
2017-05-10,-99.5010000000029,539.2350000000039,612.9740000000114,439.7339999999926,1052.7080000000192
2017-05-11,-98.87000000000286,533.786000000004,612.9740000000114,434.9159999999927,1047.8900000000194
2017-05-12,-97.27100000000274,530.8490000000041,612.9740000000114,433.57799999999287,1046.5520000000197
2017-05-15,-98.0920000000027,530.8490000000041,612.7030000000115,432.7569999999929,1045.4600000000198
2017-05-16,-95.91900000000274,530.8490000000041,610.7160000000114,434.92999999999284,1045.6460000000197
2017-05-17,-72.53200000000261,530.8490000000041,631.3120000000114,458.31699999999296,1089.62900000002
2017-05-18,-77.55600000000254,530.8490000000041,618.5090000000115,453.292999999993,1071.8020000000201
2017-05-19,-77.55600000000254,530.8490000000041,618.5090000000115,453.292999999993,1071.8020000000201
2017-05-22,-78.78600000000237,530.8490000000041,618.5090000000115,452.06299999999317,1070.5720000000204
2017-05-23,-82.69000000000223,530.8490000000041,618.5090000000115,448.1589999999933,1066.6680000000206
2017-05-24,-84.81800000000243,530.8490000000041,618.5090000000115,446.03099999999307,1064.5400000000204
2017-05-25,-84.81800000000243,530.8490000000041,618.5090000000115,446.03099999999307,1064.5400000000204
2017-05-26,-83.75700000000255,530.8490000000041,619.6950000000116,447.09199999999294,1066.7870000000205
2017-05-29,-83.75700000000255,530.8490000000041,619.6950000000116,447.09199999999294,1066.7870000000205
2017-05-30,-83.75700000000255,530.8490000000041,619.6950000000116,447.09199999999294,1066.7870000000205
2017-05-31,-88.64600000000249,530.8490000000041,615.7320000000117,442.202999999993,1057.9350000000206
2017-06-01,-88.64600000000249,530.8490000000041,615.7320000000117,442.202999999993,1057.9350000000206
2017-06-02,-88.85300000000241,533.7060000000041,618.5890000000117,444.85299999999296,1063.4420000000205
2017-06-05,-88.57000000000232,532.5360000000043,617.4190000000118,443.96599999999313,1061.3850000000207
2017-06-06,-89.13300000000247,546.1650000000044,624.092000000012,457.03199999999305,1081.1240000000207
2017-06-07,-87.02300000000238,538.7450000000043,616.672000000012,451.721999999993,1068.3940000000205
2017-06-08,-80.3790000000022,529.7360000000043,616.672000000012,449.3569999999931,1066.0290000000207
2017-06-09,-70.78500000000219,516.9760000000043,616.5020000000121,446.19099999999304,1062.6930000000207
2017-06-12,-70.04400000000224,516.9760000000043,616.5020000000121,446.93199999999297,1063.4340000000207
2017-06-13,-70.04400000000224,516.9760000000043,610.383000000012,446.93199999999297,1057.3150000000205
2017-06-14,-70.04400000000224,516.9760000000043,610.383000000012,446.93199999999297,1057.3150000000205
2017-06-15,-63.575000000002234,516.9760000000043,608.814000000012,453.40099999999296,1062.2150000000206
2017-06-16,-63.575000000002234,516.9760000000043,609.0840000000122,453.40099999999296,1062.4850000000208
2017-06-19,-61.78400000000234,516.9760000000043,612.0240000000123,455.19199999999285,1067.2160000000208
2017-06-20,-65.12000000000239,516.9760000000043,612.9730000000123,451.8559999999928,1064.8290000000209
2017-06-21,-65.12000000000239,516.9760000000043,612.9730000000123,451.8559999999928,1064.8290000000209
2017-06-22,-68.66900000000241,516.9760000000043,612.9730000000123,448.30699999999274,1061.280000000021
2017-06-23,-70.07300000000245,516.9760000000043,612.9730000000123,446.9029999999927,1059.876000000021
2017-06-26,-69.03600000000246,516.9760000000043,612.9730000000123,447.93999999999266,1060.913000000021
2017-06-27,-69.03600000000246,516.9760000000043,612.9730000000123,447.93999999999266,1060.913000000021
2017-06-28,-69.03600000000246,516.9760000000043,612.9730000000123,447.93999999999266,1060.913000000021
2017-06-29,-69.03600000000246,516.9760000000043,612.9730000000123,447.93999999999266,1060.913000000021
2017-06-30,-69.03600000000246,516.9760000000043,612.9730000000123,447.93999999999266,1060.913000000021
2017-07-03,-59.053000000002555,528.6560000000044,629.2630000000123,469.60299999999256,1098.8660000000207
2017-07-04,-59.053000000002555,526.8270000000043,627.4340000000122,467.7739999999925,1095.2080000000205
2017-07-05,-59.053000000002555,524.9790000000042,625.5860000000122,465.9259999999924,1091.5120000000204
2017-07-06,-59.053000000002555,527.2630000000044,625.5860000000122,468.2099999999925,1093.7960000000205
2017-07-07,-62.18700000000261,539.6630000000044,625.5660000000122,477.47599999999244,1103.0420000000204
2017-07-10,-62.18700000000261,538.2320000000046,625.5660000000122,476.04499999999257,1101.6110000000206
2017-07-11,-66.57300000000266,536.0150000000045,625.5660000000122,469.4419999999924,1095.0080000000203
2017-07-12,-63.55200000000275,532.6050000000047,625.5660000000122,469.0529999999924,1094.6190000000204
2017-07-13,-63.55200000000275,532.6050000000047,625.5660000000122,469.0529999999924,1094.6190000000204
2017-07-14,-66.96200000000265,520.1150000000047,621.7520000000123,453.1529999999924,1074.9050000000204
2017-07-17,-62.279000000002696,520.1150000000047,620.6950000000123,457.83599999999234,1078.5310000000204
2017-07-18,-62.046000000002564,520.1150000000047,628.0760000000124,458.06899999999246,1086.1450000000207
2017-07-19,-62.046000000002564,520.1150000000047,627.0660000000124,458.06899999999246,1085.1350000000207
2017-07-20,-66.5270000000026,520.1150000000047,624.2850000000125,453.5879999999924,1077.8730000000207
2017-07-21,-63.53800000000261,520.1150000000047,629.2650000000125,456.5769999999924,1085.8420000000208
2017-07-24,-65.22600000000253,520.1150000000047,625.8580000000126,454.88899999999245,1080.747000000021
2017-07-25,-65.22600000000253,520.1150000000047,625.8580000000126,454.88899999999245,1080.747000000021
2017-07-26,-63.192000000002515,520.1150000000047,625.8580000000126,456.92299999999244,1082.781000000021
2017-07-27,-64.21600000000245,518.4120000000047,624.1550000000126,454.19599999999247,1078.351000000021
2017-07-28,-64.21600000000245,528.2490000000049,624.0260000000127,464.0329999999926,1088.0590000000213
2017-07-31,-64.21600000000245,527.3190000000051,624.0260000000127,463.10299999999273,1087.1290000000215
2017-08-01,-64.21600000000245,526.6200000000052,624.0260000000127,462.40399999999283,1086.4300000000217
2017-08-02,-68.71500000000252,524.2680000000051,624.0260000000127,455.5529999999926,1079.5790000000216
2017-08-03,-75.7860000000027,526.3280000000051,624.0260000000127,450.5419999999923,1074.5680000000214
2017-08-04,-73.31500000000251,515.9270000000053,622.1060000000126,442.6119999999926,1064.7180000000214
2017-08-07,-74.6440000000025,515.9270000000053,622.1060000000126,441.28299999999257,1063.3890000000215
2017-08-08,-82.38100000000263,515.9270000000053,614.3690000000125,433.54599999999243,1047.9150000000213
2017-08-09,-74.69100000000262,516.7270000000054,615.1690000000127,442.03599999999255,1057.2050000000215
2017-08-10,-74.69100000000262,525.3180000000056,623.7600000000128,450.6269999999926,1074.3870000000218
2017-08-11,-74.69100000000262,529.5910000000057,628.033000000013,454.8999999999927,1082.933000000022
2017-08-14,-74.93800000000273,522.8110000000057,628.033000000013,447.87299999999254,1075.906000000022
2017-08-15,-68.03100000000285,514.1320000000059,628.033000000013,446.1009999999925,1074.134000000022
2017-08-16,-68.03100000000285,514.1320000000059,628.033000000013,446.1009999999925,1074.134000000022
2017-08-17,-69.58100000000285,518.532000000006,628.033000000013,448.9509999999925,1076.9840000000222
2017-08-18,-69.58100000000285,515.8530000000061,618.773000000013,446.2719999999926,1065.0450000000224
2017-08-21,-69.58100000000285,515.3910000000061,618.773000000013,445.80999999999256,1064.5830000000224
2017-08-22,-69.58100000000285,509.01100000000616,618.773000000013,439.4299999999926,1058.2030000000225
2017-08-23,-69.58100000000285,509.01100000000616,611.520000000013,439.4299999999926,1050.9500000000226
2017-08-24,-69.58100000000285,509.01100000000616,610.7820000000132,439.4299999999926,1050.2120000000227
2017-08-25,-69.58100000000285,509.01100000000616,605.8720000000131,439.4299999999926,1045.3020000000226
2017-08-28,-57.65000000000285,522.1650000000061,619.0260000000131,464.51499999999254,1083.5410000000224
2017-08-29,-59.88200000000286,511.945000000006,616.0060000000132,452.0629999999924,1068.0690000000222
2017-08-30,-59.93900000000292,508.2270000000061,616.0060000000132,448.28799999999245,1064.2940000000224
2017-08-31,-56.362000000002965,522.9340000000062,616.0060000000132,466.57199999999244,1082.5780000000225
2017-09-01,-59.424000000002906,528.2940000000061,616.0060000000132,468.86999999999233,1084.8760000000225
2017-09-04,-59.424000000002906,526.8450000000062,616.0060000000132,467.4209999999924,1083.4270000000226
2017-09-05,-59.424000000002906,533.4210000000061,616.0060000000132,473.9969999999923,1090.0030000000224
2017-09-06,-60.54400000000307,525.6200000000061,616.0060000000132,465.0759999999921,1081.0820000000224
2017-09-07,-60.54400000000307,539.7360000000061,616.0060000000132,479.19199999999205,1095.1980000000224
2017-09-08,-66.3040000000031,538.7030000000062,604.7670000000131,472.39899999999204,1077.1660000000222
2017-09-11,-56.71000000000309,538.7030000000062,609.5570000000131,481.99299999999204,1091.5500000000222
2017-09-12,-58.37000000000299,538.7030000000062,606.5670000000131,480.3329999999921,1086.9000000000224
2017-09-13,-58.37000000000299,538.7030000000062,611.993000000013,480.3329999999921,1092.3260000000223
2017-09-14,-62.9140000000029,538.7030000000062,607.213000000013,475.7889999999922,1083.0020000000225
2017-09-15,-62.9140000000029,538.7030000000062,607.213000000013,475.7889999999922,1083.0020000000225
2017-09-18,-52.95400000000291,538.7030000000062,615.9830000000132,485.7489999999922,1101.7320000000227
2017-09-19,-52.95400000000291,538.7030000000062,612.5930000000134,485.7489999999922,1098.3420000000228
2017-09-20,-56.94600000000296,538.7030000000062,612.7130000000135,481.7569999999921,1094.4700000000228
2017-09-21,-48.26000000000309,538.7030000000062,622.5940000000136,490.44299999999197,1113.0370000000228
2017-09-22,-48.26000000000309,538.7030000000062,617.1930000000135,490.44299999999197,1107.6360000000227
2017-09-25,-41.29800000000314,538.7030000000062,617.1930000000135,497.4049999999919,1114.5980000000227
2017-09-26,-44.15100000000302,538.7030000000062,617.1930000000135,494.551999999992,1111.7450000000229
2017-09-27,-44.15100000000302,538.9190000000063,617.4090000000136,494.76799999999207,1112.177000000023
2017-09-28,-44.15100000000302,535.9520000000065,614.4420000000138,491.80099999999214,1106.2430000000234
2017-09-29,-44.15100000000302,538.8360000000065,614.4420000000138,494.6849999999921,1109.1270000000234
2017-10-02,-48.08100000000313,545.4260000000066,614.4420000000138,497.34499999999207,1111.7870000000235
2017-10-03,-48.08100000000313,544.8600000000068,614.4420000000138,496.7789999999922,1111.2210000000237
2017-10-04,-48.718000000003116,541.6730000000067,614.4420000000138,492.954999999992,1107.3970000000236
2017-10-05,-48.718000000003116,547.7630000000066,614.4420000000138,499.0449999999919,1113.4870000000235
2017-10-06,-48.718000000003116,541.6350000000067,602.559000000014,492.9169999999919,1095.4760000000238
2017-10-09,-42.395000000003066,541.6350000000067,603.421000000014,499.23999999999194,1102.661000000024
2017-10-10,-41.582000000003006,541.6350000000067,607.7110000000142,500.052999999992,1107.7640000000242
2017-10-11,-41.582000000003006,541.6350000000067,610.8620000000143,500.052999999992,1110.9150000000243
2017-10-12,-41.582000000003006,541.6350000000067,610.8620000000143,500.052999999992,1110.9150000000243
2017-10-13,-41.582000000003006,541.6350000000067,613.8520000000145,500.052999999992,1113.9050000000245
2017-10-16,-41.582000000003006,541.6350000000067,613.8520000000145,500.052999999992,1113.9050000000245
2017-10-17,-37.61200000000302,541.6350000000067,613.8520000000145,504.02299999999195,1117.8750000000246
2017-10-18,-37.61200000000302,541.6350000000067,613.8520000000145,504.02299999999195,1117.8750000000246
2017-10-19,-37.61200000000302,541.6350000000067,613.8520000000145,504.02299999999195,1117.8750000000246
2017-10-20,-37.61200000000302,541.6350000000067,613.8520000000145,504.02299999999195,1117.8750000000246
2017-10-23,-37.61200000000302,541.6350000000067,613.8520000000145,504.02299999999195,1117.8750000000246
2017-10-24,-37.61200000000302,538.3620000000068,613.8520000000145,500.749999999992,1114.6020000000246
2017-10-25,-37.61200000000302,536.2520000000069,613.8520000000145,498.639999999992,1112.4920000000247
2017-10-26,-39.602000000002896,547.912000000007,613.8520000000145,508.3099999999922,1122.1620000000248
2017-10-27,-41.97100000000308,541.5210000000071,613.8520000000145,499.5499999999921,1113.4020000000248
2017-10-30,-43.828000000003094,538.2230000000071,613.8520000000145,494.394999999992,1108.2470000000249
2017-10-31,-43.828000000003094,543.3460000000072,613.8520000000145,499.517999999992,1113.370000000025
2017-11-01,-51.931000000003024,538.2060000000073,613.8520000000145,486.2749999999922,1100.127000000025
2017-11-02,-51.931000000003024,537.2760000000072,609.4420000000147,485.34499999999207,1094.787000000025
2017-11-03,-55.87500000000303,542.3950000000074,609.4420000000147,486.51999999999214,1095.9620000000252
2017-11-06,-55.665000000002856,531.6730000000074,609.4420000000147,476.0079999999923,1085.4500000000253
2017-11-07,-60.05600000000275,531.6730000000074,609.4420000000147,471.6169999999924,1081.0590000000254
2017-11-08,-63.506000000002835,531.6730000000074,604.9520000000147,468.1669999999923,1073.1190000000254
2017-11-09,-68.18600000000272,531.6730000000074,603.7620000000146,463.4869999999924,1067.2490000000255
2017-11-10,-67.95700000000272,531.6730000000074,603.7620000000146,463.7159999999924,1067.4780000000255
2017-11-13,-70.80700000000267,531.6730000000074,603.7620000000146,460.8659999999924,1064.6280000000256
2017-11-14,-79.74700000000277,531.6730000000074,594.5290000000147,451.9259999999923,1046.4550000000256
2017-11-15,-84.15900000000285,531.6730000000074,594.5290000000147,447.5139999999922,1042.0430000000256
2017-11-16,-85.7780000000028,531.6730000000074,594.5290000000147,445.89499999999225,1040.4240000000257
2017-11-17,-76.13900000000295,531.6730000000074,598.0080000000147,455.5339999999921,1053.5420000000256
2017-11-20,-69.71300000000288,531.6730000000074,598.0080000000147,461.95999999999214,1059.9680000000258
2017-11-21,-71.94300000000294,531.6730000000074,598.0080000000147,459.72999999999206,1057.7380000000257
2017-11-22,-70.01900000000278,531.6730000000074,598.0080000000147,461.6539999999922,1059.662000000026
2017-11-23,-70.01900000000278,531.6730000000074,598.0080000000147,461.6539999999922,1059.662000000026
2017-11-24,-70.01900000000278,531.6730000000074,598.0080000000147,461.6539999999922,1059.662000000026
2017-11-27,-74.63800000000273,531.6730000000074,596.3850000000147,457.03499999999224,1053.420000000026
2017-11-28,-74.63800000000273,531.6730000000074,596.3850000000147,457.03499999999224,1053.420000000026
2017-11-29,-70.84700000000284,531.6730000000074,595.0120000000148,460.8259999999921,1055.838000000026
2017-11-30,-61.797000000002924,531.7320000000076,600.2390000000149,469.93499999999216,1070.1740000000261
2017-12-01,-71.680000000003,525.6950000000078,600.2390000000149,454.0149999999922,1054.2540000000263
2017-12-04,-71.680000000003,522.8560000000076,600.2390000000149,451.175999999992,1051.415000000026
2017-12-05,-70.38100000000307,531.5060000000075,600.6760000000148,461.1249999999917,1061.8010000000256
2017-12-06,-70.38100000000307,532.7530000000075,600.6760000000148,462.3719999999917,1063.0480000000257
2017-12-07,-61.357000000003225,548.3630000000074,610.5130000000148,487.0059999999914,1097.5190000000252
2017-12-08,-62.14700000000323,547.2120000000074,610.5130000000148,485.06499999999124,1095.5780000000252
2017-12-11,-62.14700000000323,552.6230000000074,608.9340000000149,490.47599999999125,1099.4100000000253
2017-12-12,-62.14700000000323,550.7500000000074,601.4520000000149,488.60299999999114,1090.0550000000253
2017-12-13,-59.53000000000331,538.6430000000076,601.4520000000149,479.11299999999125,1080.5650000000255
2017-12-14,-61.7300000000034,539.2600000000078,596.2360000000148,477.5299999999913,1073.7660000000253
2017-12-15,-68.55400000000328,536.8010000000078,593.2580000000149,468.24699999999126,1061.5050000000253
2017-12-18,-68.47100000000347,536.8010000000078,590.688000000015,468.32999999999106,1059.0180000000253
2017-12-19,-68.47100000000347,536.8010000000078,588.4210000000152,468.32999999999106,1056.7510000000254
2017-12-20,-69.64800000000342,536.8010000000078,587.8610000000152,467.1529999999911,1055.0140000000256
2017-12-21,-69.64800000000342,536.8010000000078,587.8610000000152,467.1529999999911,1055.0140000000256
2017-12-22,-66.68300000000355,536.8010000000078,590.7740000000152,470.11799999999096,1060.8920000000255
2017-12-26,-57.76400000000349,536.8010000000078,594.6140000000152,479.036999999991,1073.6510000000255
2017-12-27,-57.76400000000349,536.8010000000078,595.2580000000152,479.036999999991,1074.2950000000255
2017-12-28,-55.84900000000334,536.8010000000078,596.7480000000154,480.95199999999113,1077.700000000026
2017-12-29,-56.65400000000345,540.140000000008,598.1970000000155,483.4859999999911,1081.683000000026
2018-01-02,-56.65400000000345,551.4010000000079,600.2280000000154,494.74699999999103,1094.9750000000258
2018-01-03,-56.65400000000345,545.821000000008,600.2280000000154,489.16699999999105,1089.395000000026
2018-01-04,-66.67500000000345,556.2920000000082,600.2280000000154,489.6169999999912,1089.8450000000262
2018-01-05,-66.67500000000345,555.4930000000082,600.2280000000154,488.8179999999912,1089.0460000000262
2018-01-08,-66.67500000000345,555.7020000000083,600.2280000000154,489.0269999999912,1089.2550000000263
2018-01-09,-65.72800000000338,551.2990000000083,600.2280000000154,485.57099999999116,1085.7990000000264
2018-01-10,-71.18400000000355,547.2190000000084,600.2280000000154,476.034999999991,1076.2630000000263
2018-01-11,-74.88200000000369,549.7870000000083,600.2280000000154,474.90499999999076,1075.1330000000262
2018-01-12,-74.88200000000369,564.7780000000083,600.2810000000153,489.8959999999907,1090.177000000026
2018-01-15,-74.88200000000369,567.4410000000082,600.2810000000153,492.5589999999906,1092.840000000026
2018-01-16,-74.67300000000367,566.7520000000083,600.2810000000153,492.07899999999063,1092.360000000026
2018-01-17,-68.6830000000037,554.7120000000083,600.2810000000153,486.02899999999056,1086.310000000026
2018-01-18,-67.85300000000359,554.7120000000083,600.2810000000153,486.85899999999066,1087.1400000000262
2018-01-19,-67.85300000000359,549.4050000000085,600.2810000000153,481.5519999999908,1081.8330000000265
2018-01-22,-73.76300000000349,549.4050000000085,600.2810000000153,475.6419999999909,1075.9230000000266
2018-01-23,-73.76300000000349,549.4050000000085,600.2810000000153,475.6419999999909,1075.9230000000266
2018-01-24,-63.84400000000366,559.7170000000086,610.5930000000154,495.8729999999908,1106.4660000000265
2018-01-25,-60.73000000000367,551.3570000000085,610.5930000000154,490.6269999999906,1101.2200000000264
2018-01-26,-66.54900000000367,551.3570000000085,610.5930000000154,484.80799999999056,1095.4010000000264
2018-01-29,-64.12200000000358,551.3570000000085,609.6850000000153,487.23499999999063,1096.9200000000264
2018-01-30,-71.12000000000367,551.3570000000085,613.9550000000155,480.23699999999053,1094.1920000000266
2018-01-31,-71.12000000000367,551.3570000000085,606.4750000000155,480.23699999999053,1086.7120000000266
2018-02-01,-71.12000000000367,551.3570000000085,595.0320000000155,480.23699999999053,1075.2690000000266
2018-02-02,-71.32800000000339,551.3570000000085,598.4310000000156,480.0289999999908,1078.4600000000269
2018-02-05,-71.32800000000339,551.3570000000085,594.6340000000156,480.0289999999908,1074.6630000000268
2018-02-06,-75.8300000000032,551.3570000000085,603.7040000000158,475.52699999999095,1079.231000000027
2018-02-07,-83.58100000000303,551.3570000000085,613.4710000000158,467.7759999999911,1081.2470000000271
2018-02-08,-83.58100000000303,551.3570000000085,611.3520000000159,467.7759999999911,1079.1280000000272
2018-02-09,-83.58100000000303,551.3570000000085,611.3520000000159,467.7759999999911,1079.1280000000272
2018-02-12,-83.58100000000303,551.3570000000085,611.3520000000159,467.7759999999911,1079.1280000000272
2018-02-13,-83.58100000000303,551.3570000000085,611.3520000000159,467.7759999999911,1079.1280000000272
2018-02-14,-85.44000000000281,551.3570000000085,614.8720000000159,465.9169999999913,1080.7890000000273
2018-02-15,-86.35700000000277,550.4970000000086,614.8720000000159,464.13999999999135,1079.0120000000275
2018-02-16,-86.35700000000277,542.1900000000086,614.8720000000159,455.8329999999913,1070.7050000000274
2018-02-19,-86.35700000000277,542.1900000000086,614.8720000000159,455.8329999999913,1070.7050000000274
2018-02-20,-76.77700000000266,542.1900000000086,614.8720000000159,465.41299999999137,1080.2850000000276
2018-02-21,-76.77700000000266,542.1900000000086,618.6210000000159,465.41299999999137,1084.0340000000276
2018-02-22,-76.77700000000266,542.1900000000086,608.6410000000161,465.41299999999137,1074.0540000000278
2018-02-23,-76.77700000000266,542.1900000000086,608.6410000000161,465.41299999999137,1074.0540000000278
2018-02-26,-82.12600000000263,542.1900000000086,608.6410000000161,460.0639999999914,1068.705000000028
2018-02-27,-82.4890000000025,541.1170000000087,607.5680000000162,458.6279999999916,1066.196000000028
2018-02-28,-84.48800000000234,540.7650000000089,607.5680000000162,456.2769999999918,1063.8450000000284
2018-03-01,-88.11400000000236,542.7450000000089,602.9850000000164,454.63099999999173,1057.6160000000284
2018-03-02,-89.53400000000225,537.6110000000091,602.9850000000164,448.076999999992,1051.0620000000288
2018-03-05,-93.19800000000228,537.6110000000091,602.9850000000164,444.41299999999194,1047.3980000000288
2018-03-06,-87.36400000000226,537.6110000000091,604.3910000000163,450.24699999999194,1054.6380000000288
2018-03-07,-95.51700000000191,537.6110000000091,604.3910000000163,442.09399999999226,1046.4850000000292
2018-03-08,-95.51700000000191,537.6110000000091,604.3910000000163,442.09399999999226,1046.4850000000292
2018-03-09,-95.51700000000191,537.6110000000091,604.3910000000163,442.09399999999226,1046.4850000000292
2018-03-12,-95.51700000000191,537.6110000000091,604.3910000000163,442.09399999999226,1046.4850000000292
2018-03-13,-95.51700000000191,537.6110000000091,604.3910000000163,442.09399999999226,1046.4850000000292
2018-03-14,-95.51700000000191,537.6110000000091,600.3140000000163,442.09399999999226,1042.4080000000292
2018-03-15,-95.17600000000206,537.6110000000091,600.3140000000163,442.4349999999921,1042.7490000000291
2018-03-16,-95.17600000000206,533.8120000000091,596.5150000000164,438.63599999999207,1035.1510000000292
2018-03-19,-96.40200000000222,528.3690000000091,596.5150000000164,431.96699999999186,1028.482000000029
2018-03-20,-98.55500000000228,527.191000000009,596.5150000000164,428.6359999999916,1025.151000000029
2018-03-21,-83.12400000000228,511.978000000009,599.1840000000165,428.8539999999916,1028.038000000029
2018-03-22,-85.53400000000241,511.978000000009,595.3310000000164,426.44399999999143,1021.7750000000286
2018-03-23,-78.52500000000244,509.7970000000089,601.8740000000165,431.2719999999913,1033.1460000000286
2018-03-26,-78.52500000000244,512.139000000009,600.5240000000166,433.61399999999134,1034.1380000000288
2018-03-27,-82.17600000000232,502.897000000009,600.5240000000166,420.7209999999914,1021.2450000000289
2018-03-28,-74.23300000000215,502.897000000009,600.5240000000166,428.6639999999916,1029.188000000029
2018-03-29,-74.86300000000207,502.897000000009,600.5240000000166,428.03399999999164,1028.558000000029
2018-04-02,-65.70400000000224,502.897000000009,600.5240000000166,437.19299999999146,1037.717000000029
2018-04-03,-69.17400000000208,502.897000000009,600.5240000000166,433.7229999999916,1034.2470000000292
2018-04-04,-80.28700000000195,489.1770000000089,589.4110000000168,408.88999999999163,998.3010000000294
2018-04-05,-78.6700000000018,489.1770000000089,589.4110000000168,410.50699999999176,999.9180000000296
2018-04-06,-78.6700000000018,489.1770000000089,589.4110000000168,410.50699999999176,999.9180000000296
2018-04-09,-78.6700000000018,489.1770000000089,589.4110000000168,410.50699999999176,999.9180000000296
2018-04-10,-78.6700000000018,489.1770000000089,589.4110000000168,410.50699999999176,999.9180000000296
2018-04-11,-76.87300000000182,495.33400000000876,598.4520000000167,418.4609999999916,1016.9130000000293
2018-04-12,-65.48400000000174,477.4750000000088,592.0290000000167,411.9909999999917,1004.0200000000294
2018-04-13,-69.30100000000179,474.8540000000086,592.0290000000167,405.55299999999147,997.5820000000292
2018-04-16,-69.30100000000179,473.3230000000086,592.0290000000167,404.02199999999146,996.0510000000293
2018-04-17,-69.30100000000179,472.2360000000086,592.0290000000167,402.9349999999914,994.9640000000293
2018-04-18,-69.30100000000179,471.3660000000086,592.0290000000167,402.06499999999147,994.0940000000294
2018-04-19,-69.30100000000179,465.9370000000087,592.0290000000167,396.63599999999155,988.6650000000295
2018-04-20,-69.51000000000167,465.9370000000087,592.8200000000166,396.42699999999166,989.2470000000295
2018-04-23,-65.08000000000165,465.9370000000087,600.5520000000168,400.8569999999917,1001.4090000000297
2018-04-24,-65.08000000000165,465.9370000000087,593.3730000000168,400.8569999999917,994.2300000000296
2018-04-25,-68.76000000000153,465.9370000000087,590.3120000000168,397.1769999999918,987.4890000000297
2018-04-26,-68.76000000000153,465.9370000000087,588.5530000000168,397.1769999999918,985.7300000000297
2018-04-27,-70.6570000000015,465.9370000000087,588.5530000000168,395.2799999999918,983.8330000000298
2018-04-30,-81.50400000000134,464.79400000000885,587.410000000017,383.2899999999921,970.7000000000302
2018-05-01,-77.70400000000143,472.1530000000087,587.852000000017,394.4489999999919,982.30100000003
2018-05-02,-77.70400000000143,472.0060000000087,582.9250000000171,394.3019999999919,977.22700000003
2018-05-03,-78.44400000000148,466.53500000000867,582.9250000000171,388.09099999999177,971.0160000000299
2018-05-04,-78.44400000000148,464.97600000000864,582.9250000000171,386.53199999999174,969.4570000000299
2018-05-07,-82.76700000000162,465.10300000000876,579.3360000000172,382.3359999999917,961.6720000000299
2018-05-08,-82.76700000000162,464.2430000000086,579.3360000000172,381.47599999999153,960.8120000000298
2018-05-09,-82.76700000000162,467.1530000000086,579.3360000000172,384.38599999999155,963.7220000000299
2018-05-10,-81.34800000000183,458.7330000000087,581.8360000000172,377.38499999999146,959.2210000000297
2018-05-11,-86.54700000000176,458.7330000000087,579.6430000000172,372.1859999999915,951.8290000000297
2018-05-14,-85.1580000000019,458.8130000000088,579.6430000000172,373.65499999999145,953.2980000000297
2018-05-15,-63.271000000002005,480.22600000000875,584.6820000000172,416.9549999999913,1001.6370000000295
2018-05-16,-65.571000000002,481.69900000000865,586.1550000000171,416.1279999999912,1002.2830000000293
2018-05-17,-65.571000000002,481.9650000000087,586.1550000000171,416.3939999999912,1002.5490000000294
2018-05-18,-66.70100000000215,480.46700000000857,586.1550000000171,413.7659999999909,999.9210000000292
2018-05-21,-71.30200000000208,478.5730000000085,586.1550000000171,407.2709999999909,993.4260000000291
2018-05-22,-72.83400000000205,479.5660000000086,586.1550000000171,406.73199999999105,992.8870000000293
2018-05-23,-72.83400000000205,478.14700000000846,581.6230000000172,405.3129999999909,986.9360000000291
2018-05-24,-65.1800000000021,478.14700000000846,587.0830000000173,412.96699999999083,1000.0500000000291
2018-05-25,-67.55000000000203,478.14700000000846,582.1400000000173,410.5969999999909,992.7370000000291
2018-05-28,-69.36300000000195,478.14700000000846,582.1400000000173,408.78399999999095,990.9240000000292
2018-05-29,-69.36300000000195,478.14700000000846,582.1400000000173,408.78399999999095,990.9240000000292
2018-05-30,-69.36300000000195,478.14700000000846,582.1400000000173,408.78399999999095,990.9240000000292
2018-05-31,-69.36300000000195,478.14700000000846,582.1400000000173,408.78399999999095,990.9240000000292
2018-06-01,-67.43300000000193,478.14700000000846,582.1400000000173,410.71399999999096,992.8540000000293
2018-06-04,-67.43300000000193,478.14700000000846,582.1400000000173,410.71399999999096,992.8540000000293
2018-06-05,-71.31300000000185,478.14700000000846,582.1400000000173,406.833999999991,988.9740000000294
2018-06-06,-71.31300000000185,478.14700000000846,582.1400000000173,406.833999999991,988.9740000000294
2018-06-07,-76.43600000000171,478.14700000000846,577.3380000000171,401.71099999999115,979.0490000000293
2018-06-08,-76.43600000000171,478.14700000000846,577.3380000000171,401.71099999999115,979.0490000000293
2018-06-11,-76.43600000000171,478.14700000000846,577.3380000000171,401.71099999999115,979.0490000000293
2018-06-12,-76.43600000000171,478.14700000000846,577.3380000000171,401.71099999999115,979.0490000000293
2018-06-13,-78.23300000000155,478.14700000000846,577.3380000000171,399.9139999999913,977.2520000000295
2018-06-14,-78.51700000000147,478.14700000000846,577.0540000000173,399.62999999999136,976.6840000000296
2018-06-15,-57.50600000000155,481.2000000000083,578.404000000017,423.6939999999911,1002.0980000000292
2018-06-18,-59.38900000000163,482.44900000000825,578.404000000017,423.05999999999096,1001.464000000029
2018-06-19,-61.73800000000183,485.8330000000082,575.225000000017,424.0949999999907,999.3200000000287
2018-06-20,-61.44100000000185,490.7730000000082,575.225000000017,429.33199999999067,1004.5570000000287
2018-06-21,-59.98800000000192,492.0160000000081,572.5640000000169,432.02799999999047,1004.5920000000284
2018-06-22,-60.72500000000204,489.2160000000081,572.5640000000169,428.4909999999903,1001.0550000000283
2018-06-25,-60.72500000000204,494.6460000000081,572.5640000000169,433.92099999999033,1006.4850000000283
2018-06-26,-58.804000000002034,501.7370000000079,572.4040000000168,442.93299999999016,1015.3370000000281
2018-06-27,-58.804000000002034,508.15700000000794,578.8240000000169,449.3529999999902,1028.177000000028
2018-06-28,-58.804000000002034,512.2870000000078,577.3650000000168,453.48299999999,1030.848000000028
2018-06-29,-56.91500000000195,508.4370000000076,577.3650000000168,451.5219999999899,1028.887000000028
2018-07-02,-54.405000000002005,521.1390000000075,579.0050000000167,466.73399999998975,1045.7390000000275
2018-07-03,-51.173000000002126,510.6500000000074,576.1150000000166,459.4769999999896,1035.5920000000272
2018-07-04,-49.58300000000204,505.92900000000736,576.2950000000167,456.3459999999896,1032.6410000000271
2018-07-05,-50.95400000000204,505.3960000000076,576.5280000000165,454.4419999999898,1030.970000000027
2018-07-06,-50.95400000000204,505.3960000000076,576.5280000000165,454.4419999999898,1030.970000000027
2018-07-09,-51.46500000000205,505.3960000000076,573.7390000000165,453.93099999998975,1027.6700000000271
2018-07-10,-56.84600000000195,498.3060000000076,566.0690000000164,441.45999999998986,1007.5290000000272
2018-07-11,-56.84600000000195,500.9290000000076,568.6920000000165,444.08299999998985,1012.7750000000271
2018-07-12,-56.84600000000195,496.3490000000074,564.1120000000163,439.50299999998964,1003.6150000000267
2018-07-13,-56.84600000000195,496.2780000000074,564.1120000000163,439.43199999998967,1003.5440000000268
2018-07-16,-56.84600000000195,496.52000000000754,564.1120000000163,439.6739999999898,1003.786000000027
2018-07-17,-58.21800000000184,507.62700000000746,567.8500000000164,449.4089999999898,1017.2590000000271
2018-07-18,-57.25800000000184,507.6860000000076,567.9090000000166,450.42799999998994,1018.3370000000274
2018-07-19,-65.10700000000182,503.47600000000773,559.1090000000166,438.3689999999901,997.4780000000276
2018-07-20,-59.807000000001906,503.47600000000773,559.1090000000166,443.66899999999,1002.7780000000275
2018-07-23,-62.62000000000182,503.47600000000773,559.1090000000166,440.85599999999005,999.9650000000277
2018-07-24,-62.62000000000182,503.47600000000773,559.1090000000166,440.85599999999005,999.9650000000277
2018-07-25,-63.41800000000187,503.47600000000773,558.6190000000166,440.05799999999,998.6770000000275
2018-07-26,-63.41800000000187,503.47600000000773,549.9400000000168,440.05799999999,989.9980000000277
2018-07-27,-63.41800000000187,503.47600000000773,549.9400000000168,440.05799999999,989.9980000000277
2018-07-30,-63.41800000000187,503.47600000000773,549.9400000000168,440.05799999999,989.9980000000277
2018-07-31,-63.41800000000187,503.47600000000773,549.9400000000168,440.05799999999,989.9980000000277
2018-08-01,-63.41800000000187,503.47600000000773,549.9400000000168,440.05799999999,989.9980000000277
2018-08-02,-60.348000000001974,503.38600000000775,549.8500000000168,443.0379999999899,992.8880000000277
2018-08-03,-69.72900000000192,498.83600000000774,547.1800000000168,429.10699999998997,976.2870000000275
2018-08-06,-71.96800000000204,498.83600000000774,547.1800000000168,426.8679999999898,974.0480000000274
2018-08-07,-78.13800000000215,498.83600000000774,547.1800000000168,420.6979999999897,967.8780000000273
2018-08-08,-78.13800000000215,498.83600000000774,547.1800000000168,420.6979999999897,967.8780000000273
2018-08-09,-80.69900000000212,498.83600000000774,547.1800000000168,418.1369999999897,965.3170000000274
2018-08-10,-83.17900000000195,498.83600000000774,541.7740000000168,415.65699999998986,957.4310000000276
2018-08-13,-71.34800000000209,509.6860000000078,549.9940000000169,438.3379999999898,988.3320000000275
2018-08-14,-72.09200000000227,509.63500000000784,546.323000000017,437.5429999999896,983.8660000000275
2018-08-15,-60.66500000000218,524.013000000008,558.9700000000172,463.3479999999898,1022.3180000000278
2018-08-16,-62.915000000001996,525.733000000008,560.6900000000172,462.8179999999899,1023.508000000028
2018-08-17,-63.02700000000189,525.733000000008,560.6900000000172,462.70599999999,1023.3960000000282
2018-08-20,-55.840000000002036,525.733000000008,560.6900000000172,469.89299999998985,1030.583000000028
2018-08-21,-58.59000000000208,528.5170000000079,563.0500000000171,469.9269999999896,1032.9770000000276
2018-08-22,-64.11100000000208,528.5840000000079,563.1170000000171,464.47299999998955,1027.5900000000274
2018-08-23,-58.60000000000193,517.331000000008,551.8640000000172,458.7309999999897,1010.5950000000277
2018-08-24,-46.400000000001924,532.1050000000081,551.2240000000173,485.70499999998975,1036.9290000000278
2018-08-27,-49.370000000001994,535.655000000008,554.7740000000173,486.28499999998957,1041.0590000000275
2018-08-28,-49.370000000001994,525.9170000000082,545.0360000000175,476.5469999999897,1021.5830000000277
2018-08-29,-49.370000000001994,529.7480000000083,545.0360000000175,480.37799999998975,1025.4140000000277
2018-08-30,-49.370000000001994,523.4180000000084,545.0360000000175,474.04799999998977,1019.0840000000278
2018-08-31,-49.370000000001994,520.0220000000085,545.0360000000175,470.65199999998975,1015.6880000000278
2018-09-03,-49.370000000001994,520.0220000000085,545.0360000000175,470.65199999998975,1015.6880000000278
2018-09-04,-49.370000000001994,520.0220000000085,546.0160000000175,470.65199999998975,1016.6680000000279
2018-09-05,-49.370000000001994,520.0220000000085,541.5700000000176,470.65199999998975,1012.222000000028
2018-09-06,-54.771000000002104,513.5950000000086,541.5700000000176,458.82399999998967,1000.3940000000279
2018-09-07,-54.771000000002104,513.5950000000086,541.5700000000176,458.82399999998967,1000.3940000000279
2018-09-10,-54.771000000002104,513.5950000000086,541.5700000000176,458.82399999998967,1000.3940000000279
2018-09-11,-54.771000000002104,513.5950000000086,534.4470000000175,458.82399999998967,993.2710000000278
2018-09-12,-54.33900000000213,513.5950000000086,532.9790000000177,459.2559999999896,992.2350000000279
2018-09-13,-55.41200000000204,513.5950000000086,528.3700000000177,458.1829999999897,986.553000000028
2018-09-14,-52.15200000000209,513.5950000000086,528.3700000000177,461.44299999998964,989.813000000028
2018-09-17,-56.44900000000193,513.5950000000086,528.3700000000177,457.1459999999898,985.5160000000282
2018-09-18,-61.74200000000209,513.5950000000086,528.3700000000177,451.8529999999896,980.223000000028
2018-09-19,-61.74200000000209,513.5950000000086,528.3700000000177,451.8529999999896,980.223000000028
2018-09-20,-61.74200000000209,513.5950000000086,528.3700000000177,451.8529999999896,980.223000000028
2018-09-21,-65.16200000000221,513.5950000000086,518.5110000000178,448.4329999999895,966.9440000000279
2018-09-24,-66.97900000000226,513.5950000000086,518.5110000000178,446.6159999999894,965.1270000000279
2018-09-25,-66.97900000000226,513.5950000000086,518.5110000000178,446.6159999999894,965.1270000000279
2018-09-26,-64.54000000000245,513.5950000000086,518.5110000000178,449.0549999999892,967.5660000000278
2018-09-27,-61.19000000000236,513.5950000000086,521.1310000000179,452.4049999999893,973.5360000000279
2018-09-28,-62.41700000000231,513.5950000000086,513.531000000018,451.1779999999893,964.709000000028
2018-10-01,-70.0080000000023,513.5950000000086,513.531000000018,443.5869999999893,957.118000000028
2018-10-02,-60.862000000002155,513.5950000000086,512.8040000000182,452.73299999998943,965.5370000000282
2018-10-03,-63.07800000000214,513.5950000000086,506.4120000000183,450.5169999999894,956.9290000000284
2018-10-04,-65.94400000000218,513.5950000000086,506.4120000000183,447.6509999999894,954.0630000000284
2018-10-05,-65.94400000000218,513.5950000000086,506.4120000000183,447.6509999999894,954.0630000000284
2018-10-08,-60.62500000000226,510.46400000000864,503.28100000001837,449.83899999998937,953.1200000000285
2018-10-09,-60.62500000000226,508.0640000000087,500.88100000001845,447.43899999998945,948.3200000000287
2018-10-10,-60.62500000000226,503.78500000000867,500.88100000001845,443.1599999999894,944.0410000000287
2018-10-11,-30.58800000000227,517.8590000000087,519.8110000000185,487.2709999999894,1007.0820000000288
2018-10-12,-38.231000000002346,512.5010000000087,514.4530000000185,474.2699999999893,988.7230000000287
2018-10-15,-42.329000000002345,518.7310000000087,514.6730000000185,476.40199999998924,991.0750000000287
2018-10-16,-42.329000000002345,515.6150000000088,511.5570000000185,473.2859999999892,984.8430000000286
2018-10-17,-48.0400000000024,513.5190000000088,511.5570000000185,465.47899999998907,977.0360000000285
2018-10-18,-48.0400000000024,515.4850000000089,511.5570000000185,467.44499999998914,979.0020000000286
2018-10-19,-48.0400000000024,515.9840000000089,511.5570000000185,467.9439999999891,979.5010000000286
2018-10-22,-48.0400000000024,511.2410000000089,511.5570000000185,463.2009999999891,974.7580000000287
2018-10-23,-49.92400000000246,517.2720000000088,509.26800000001845,467.34799999998893,976.6160000000285
2018-10-24,-49.92400000000246,518.025000000009,508.2390000000186,468.100999999989,976.3400000000288
2018-10-25,-49.92400000000246,514.3160000000091,508.2390000000186,464.39199999998914,972.631000000029
2018-10-26,-49.92400000000246,516.350000000009,498.66300000001854,466.42599999998896,965.0890000000287
2018-10-29,-48.70400000000247,511.9580000000091,498.66300000001854,463.25399999998905,961.9170000000288
2018-10-30,-48.6140000000026,511.9580000000091,498.8930000000185,463.3439999999889,962.2370000000286
2018-10-31,-48.08400000000267,511.9580000000091,504.2530000000186,463.8739999999888,968.1270000000286
2018-11-01,-41.16400000000264,511.9580000000091,493.3850000000186,470.79399999998884,964.1790000000286
2018-11-02,-44.477000000002555,508.9180000000091,493.3850000000186,464.4409999999889,957.8260000000287
2018-11-05,-44.477000000002555,508.9180000000091,493.3850000000186,464.4409999999889,957.8260000000287
2018-11-06,-44.477000000002555,508.9180000000091,493.3850000000186,464.4409999999889,957.8260000000287
2018-11-07,-44.477000000002555,508.9180000000091,493.3850000000186,464.4409999999889,957.8260000000287
2018-11-08,-44.4000000000026,508.9180000000091,492.8150000000186,464.51799999998883,957.3330000000286
2018-11-09,-39.14000000000265,508.9180000000091,501.06500000001853,469.77799999998877,970.8430000000285
2018-11-12,-30.43000000000266,508.9180000000091,503.95200000001864,478.48799999998874,982.4400000000286
2018-11-13,-30.43000000000266,508.9180000000091,499.9090000000187,478.48799999998874,978.3970000000287
2018-11-14,-31.177000000002824,508.9180000000091,499.9090000000187,477.74099999998856,977.6500000000285
2018-11-15,-28.757000000002797,508.9180000000091,499.9090000000187,480.1609999999886,980.0700000000286
2018-11-16,-30.86000000000291,508.9180000000091,498.50900000001855,478.05799999998845,976.5670000000283
2018-11-19,-34.29000000000302,508.9180000000091,498.50900000001855,474.62799999998833,973.1370000000283
2018-11-20,-34.29000000000302,508.9180000000091,498.50900000001855,474.62799999998833,973.1370000000283
2018-11-21,-38.440000000002925,508.9180000000091,498.50900000001855,470.4779999999884,968.9870000000284
2018-11-22,-38.440000000002925,508.9180000000091,498.50900000001855,470.4779999999884,968.9870000000284
2018-11-23,-40.53000000000295,508.9180000000091,498.50900000001855,468.3879999999884,966.8970000000284
2018-11-26,-41.70700000000299,508.9180000000091,498.50900000001855,467.21099999998836,965.7200000000283
2018-11-27,-41.92700000000306,508.9180000000091,498.2690000000185,466.9909999999883,965.2600000000282
2018-11-28,-41.2040000000032,508.9180000000091,498.2690000000185,467.7139999999881,965.983000000028
2018-11-29,-39.864000000003095,508.9180000000091,498.2690000000185,469.0539999999882,967.3230000000282
2018-11-30,-44.834000000003165,508.9180000000091,498.2690000000185,464.0839999999881,962.3530000000281
2018-12-03,-41.22700000000301,508.9180000000091,497.1160000000184,467.69099999998826,964.8070000000282
2018-12-04,-40.05200000000287,509.5930000000092,497.7910000000185,469.5409999999885,967.3320000000286
2018-12-05,-40.05200000000287,507.73300000000927,497.7910000000185,467.68099999998856,965.4720000000287
2018-12-06,-40.05200000000287,507.4030000000093,497.7910000000185,467.3509999999886,965.1420000000288
2018-12-07,-40.725000000002915,516.6360000000092,497.58100000001843,475.9109999999884,973.4920000000286
2018-12-10,-44.42800000000293,511.52900000000915,497.58100000001843,467.10099999998835,964.6820000000286
2018-12-11,-44.42800000000293,510.05900000000906,497.58100000001843,465.63099999998826,963.2120000000285
2018-12-12,-44.42800000000293,512.4820000000091,497.58100000001843,468.0539999999882,965.6350000000285
2018-12-13,-45.77800000000288,509.0420000000092,497.58100000001843,463.26399999998836,960.8450000000287
2018-12-14,-42.278000000002926,509.0420000000092,497.52100000001843,466.7639999999883,964.2850000000286
2018-12-17,-39.37800000000288,508.12200000000905,497.52100000001843,468.7439999999882,966.2650000000285
2018-12-18,-39.14100000000284,511.219000000009,497.52100000001843,472.07799999998815,969.5990000000285
2018-12-19,-43.3250000000029,503.19900000000916,485.6310000000185,459.8739999999883,945.5050000000286
2018-12-20,-47.85100000000306,514.4290000000092,483.6660000000183,466.57799999998815,950.2440000000282
2018-12-21,-48.581000000002895,507.64900000000915,483.6660000000183,459.0679999999883,942.7340000000283
2018-12-24,-48.581000000002895,516.9790000000093,483.6660000000183,468.3979999999883,952.0640000000284
2018-12-26,-51.28100000000298,514.2020000000091,471.40600000001825,462.92099999998806,934.3270000000281
2018-12-27,-55.87100000000317,519.8450000000091,471.40600000001825,463.9739999999878,935.3800000000278
2018-12-28,-55.87100000000317,524.9080000000092,471.40600000001825,469.03699999998787,940.443000000028
2018-12-31,-55.87100000000317,526.9180000000092,471.40600000001825,471.0469999999878,942.4530000000279
2019-01-02,-55.87100000000317,528.6480000000092,462.4260000000182,472.77699999998777,935.2030000000278
2019-01-03,-55.87100000000317,537.3380000000093,462.4260000000182,481.46699999998776,943.8930000000279
2019-01-04,-53.531000000003296,526.7080000000094,455.1960000000181,473.1769999999877,928.3730000000278
2019-01-07,-60.63400000000318,530.9980000000096,455.1960000000181,470.3639999999879,925.560000000028
2019-01-08,-60.78700000000324,527.1210000000096,450.18600000001805,466.33399999998784,916.520000000028
2019-01-09,-64.50700000000332,535.3240000000096,441.0760000000181,470.8169999999877,911.8930000000279
2019-01-10,-66.50700000000317,528.3910000000096,441.0760000000181,461.8839999999878,902.960000000028
2019-01-11,-72.21700000000325,525.3640000000098,441.0760000000181,453.1469999999878,894.223000000028
2019-01-14,-72.21700000000325,523.5140000000099,441.0760000000181,451.29699999998786,892.3730000000281
2019-01-15,-72.21700000000325,523.5140000000099,441.0760000000181,451.29699999998786,892.3730000000281
2019-01-16,-72.21700000000325,523.5140000000099,435.2660000000181,451.29699999998786,886.5630000000282
2019-01-17,-72.21700000000325,523.5140000000099,435.2660000000181,451.29699999998786,886.5630000000282
2019-01-18,-68.84000000000334,523.5140000000099,442.9660000000181,454.67399999998776,897.6400000000281
2019-01-21,-66.10000000000345,523.5140000000099,445.3360000000181,457.41399999998765,902.750000000028
2019-01-22,-68.3100000000034,523.5140000000099,440.34300000001826,455.20399999998773,895.5470000000282
2019-01-23,-68.3100000000034,523.5140000000099,436.7900000000181,455.20399999998773,891.9940000000281
2019-01-24,-71.35300000000333,523.5140000000099,434.52000000001806,452.1609999999878,886.6810000000281
2019-01-25,-53.40600000000326,523.5140000000099,445.23000000001804,470.10799999998784,915.3380000000282
2019-01-28,-56.25600000000321,525.63700000001,445.23000000001804,469.38099999998786,914.6110000000282
2019-01-29,-56.69300000000338,532.7070000000101,445.3300000000181,476.0139999999878,921.3440000000282
2019-01-30,-61.588000000003404,540.5370000000103,443.9630000000181,478.94899999998785,922.9120000000283
2019-01-31,-63.22800000000355,541.0570000000105,443.9630000000181,477.82899999998784,921.7920000000283
2019-02-01,-63.22800000000355,537.5000000000107,443.9630000000181,474.271999999988,918.2350000000285
2019-02-04,-64.69800000000339,532.0630000000108,443.9630000000181,467.3649999999882,911.3280000000287
2019-02-05,-64.69800000000339,535.286000000011,440.14000000001795,470.5879999999883,910.7280000000287
2019-02-06,-64.28800000000335,526.6860000000111,442.95000000001784,462.3979999999884,905.3480000000287
2019-02-07,-67.09800000000334,529.3860000000111,439.6500000000178,462.28799999998836,901.9380000000288
2019-02-08,-67.09800000000334,532.9790000000112,439.6500000000178,465.8809999999884,905.5310000000288
2019-02-11,-68.58100000000333,527.2990000000113,439.6500000000178,458.7179999999885,898.3680000000289
2019-02-12,-68.58100000000333,530.2490000000114,439.6500000000178,461.66799999998847,901.318000000029
2019-02-13,-68.58100000000333,525.4220000000116,439.6500000000178,456.84099999998864,896.4910000000292
2019-02-14,-68.58100000000333,530.2150000000115,432.63700000001785,461.6339999999885,894.2710000000291
2019-02-15,-66.13400000000325,538.9180000000115,432.59000000001777,472.78399999998845,905.374000000029
2019-02-18,-65.26700000000318,543.3550000000115,433.45700000001784,478.08799999998854,911.5450000000292
2019-02-19,-63.831000000003215,557.7280000000114,447.8300000000178,493.8969999999884,941.727000000029
2019-02-20,-61.30100000000306,556.4580000000115,439.6300000000177,495.1569999999885,934.787000000029
2019-02-21,-48.53800000000295,539.1480000000115,439.6300000000177,490.6099999999886,930.2400000000291
2019-02-22,-52.41100000000304,539.1480000000115,439.6300000000177,486.7369999999885,926.3670000000291
2019-02-25,-52.41100000000304,539.1480000000115,439.6300000000177,486.7369999999885,926.3670000000291
2019-02-26,-52.41100000000304,539.1480000000115,439.6300000000177,486.7369999999885,926.3670000000291
2019-02-27,-52.82100000000317,539.1480000000115,440.1400000000176,486.32699999998835,926.4670000000289
2019-02-28,-56.728000000003135,539.1480000000115,442.5370000000177,482.41999999998836,924.957000000029
2019-03-01,-38.27800000000313,539.1480000000115,463.6440000000176,500.86999999998835,964.5140000000289
2019-03-04,-29.40800000000306,539.1480000000115,462.7710000000175,509.7399999999884,972.5110000000288
2019-03-05,-29.40800000000306,539.1480000000115,462.7710000000175,509.7399999999884,972.5110000000288
2019-03-06,-29.40800000000306,539.1480000000115,462.7710000000175,509.7399999999884,972.5110000000288
2019-03-07,-29.40800000000306,539.1480000000115,462.7710000000175,509.7399999999884,972.5110000000288
2019-03-08,-23.525000000003068,539.1480000000115,463.4240000000175,515.6229999999885,979.0470000000288
2019-03-11,-23.525000000003068,539.1480000000115,463.4240000000175,515.6229999999885,979.0470000000288
2019-03-12,-23.525000000003068,539.1480000000115,463.4240000000175,515.6229999999885,979.0470000000288
2019-03-13,-16.74800000000307,539.1480000000115,467.1940000000174,522.3999999999885,989.5940000000287
2019-03-14,-15.821000000002982,539.1480000000115,459.3440000000172,523.3269999999886,982.6710000000286
2019-03-15,-15.821000000002982,539.1480000000115,459.3440000000172,523.3269999999886,982.6710000000286
2019-03-18,-15.821000000002982,539.1480000000115,459.3440000000172,523.3269999999886,982.6710000000286
2019-03-19,-15.821000000002982,539.1480000000115,459.3440000000172,523.3269999999886,982.6710000000286
2019-03-20,-15.821000000002982,539.1480000000115,458.99400000001725,523.3269999999886,982.3210000000287
2019-03-21,-21.94400000000285,539.1480000000115,450.67400000001703,517.2039999999888,967.8780000000286
2019-03-22,-21.94400000000285,539.1480000000115,450.67400000001703,517.2039999999888,967.8780000000286
2019-03-25,-21.664000000002694,539.1480000000115,450.67400000001703,517.483999999989,968.1580000000288
2019-03-26,-21.664000000002694,539.1480000000115,450.67400000001703,517.483999999989,968.1580000000288
2019-03-27,-21.664000000002694,539.1480000000115,450.67400000001703,517.483999999989,968.1580000000288
2019-03-28,-12.447000000002642,539.1480000000115,462.93400000001697,526.7009999999891,989.6350000000288
2019-03-29,-13.757000000002634,539.1480000000115,461.43700000001706,525.3909999999892,986.8280000000289
2019-04-01,-13.757000000002634,539.1480000000115,461.43700000001706,525.3909999999892,986.8280000000289
2019-04-02,-13.757000000002634,539.1480000000115,461.43700000001706,525.3909999999892,986.8280000000289
2019-04-03,-13.757000000002634,539.1480000000115,461.43700000001706,525.3909999999892,986.8280000000289
2019-04-04,-20.09400000000267,539.1480000000115,452.967000000017,519.0539999999892,972.0210000000287
2019-04-05,-20.09400000000267,539.1480000000115,452.967000000017,519.0539999999892,972.0210000000287
2019-04-08,-19.52400000000278,539.1480000000115,454.2470000000169,519.6239999999891,973.8710000000285
2019-04-09,-19.52400000000278,539.1480000000115,459.847000000017,519.6239999999891,979.4710000000287
2019-04-10,-19.52400000000278,539.1480000000115,457.6670000000171,519.6239999999891,977.2910000000288
2019-04-11,-8.134000000002953,539.1480000000115,457.6670000000171,531.013999999989,988.6810000000287
2019-04-12,-10.531000000002933,539.1480000000115,457.6670000000171,528.616999999989,986.2840000000288
2019-04-15,-13.761000000002998,539.1480000000115,455.264000000017,525.386999999989,980.6510000000286
2019-04-16,-11.43100000000289,546.0410000000115,454.82700000001705,534.6099999999891,989.4370000000288
2019-04-17,-15.498000000002943,548.1780000000117,456.96400000001717,532.6799999999891,989.644000000029
2019-04-18,-15.498000000002943,547.0250000000117,456.96400000001717,531.5269999999891,988.491000000029
2019-04-22,-20.048000000002943,548.2150000000117,456.96400000001717,528.1669999999891,985.131000000029
2019-04-23,-24.251000000002964,550.8380000000118,452.2740000000173,526.5869999999891,978.8610000000291
2019-04-24,-26.37100000000313,546.2480000000119,452.2740000000173,519.8769999999889,972.151000000029
2019-04-25,-25.641000000003157,543.481000000012,447.37400000001713,517.839999999989,965.2140000000289
2019-04-26,-22.081000000003257,543.481000000012,446.8410000000172,521.399999999989,968.2410000000289
2019-04-29,-24.201000000003194,543.481000000012,446.8410000000172,519.2799999999891,966.121000000029
2019-04-30,-27.44100000000325,543.481000000012,446.8410000000172,516.039999999989,962.881000000029
2019-05-01,-32.22600000000315,543.481000000012,446.8410000000172,511.25499999998914,958.0960000000291
2019-05-02,-29.826000000003102,544.4410000000121,446.7310000000172,514.6149999999892,961.3460000000292
2019-05-03,-27.46600000000302,536.5910000000122,441.1610000000172,509.1249999999893,950.2860000000294
2019-05-06,-31.709000000003233,536.5910000000122,441.1610000000172,504.8819999999891,946.0430000000292
2019-05-07,-31.709000000003233,536.5910000000122,441.1610000000172,504.8819999999891,946.0430000000292
2019-05-08,-34.736000000003095,536.5910000000122,434.6880000000172,501.8549999999892,936.5430000000293
2019-05-09,-34.736000000003095,536.5910000000122,434.6880000000172,501.8549999999892,936.5430000000293
2019-05-10,-37.79600000000308,536.5910000000122,434.6880000000172,498.7949999999892,933.4830000000294
2019-05-13,-29.986000000002957,536.5910000000122,436.3250000000173,506.60499999998933,942.9300000000296
2019-05-14,-33.069000000003086,531.5040000000122,432.59500000001725,498.43499999998915,931.0300000000294
2019-05-15,-33.069000000003086,531.5040000000122,432.59500000001725,498.43499999998915,931.0300000000294
2019-05-16,-28.66700000000309,531.5040000000122,432.59500000001725,502.83699999998913,935.4320000000295
2019-05-17,-19.900000000003082,531.5040000000122,430.3450000000172,511.6039999999891,941.9490000000294
2019-05-20,-20.047000000003063,531.5040000000122,430.3450000000172,511.45699999998914,941.8020000000295
2019-05-21,-22.75700000000292,531.5040000000122,426.29200000001725,508.74699999998927,935.0390000000297
2019-05-22,-22.75700000000292,531.5040000000122,426.29200000001725,508.74699999998927,935.0390000000297
2019-05-23,-22.390000000002775,531.5040000000122,426.29200000001725,509.1139999999894,935.4060000000298
2019-05-24,-22.390000000002775,531.5040000000122,426.29200000001725,509.1139999999894,935.4060000000298
2019-05-27,-22.390000000002775,531.5040000000122,426.29200000001725,509.1139999999894,935.4060000000298
2019-05-28,-24.917000000002865,531.5040000000122,426.29200000001725,506.5869999999893,932.8790000000298
2019-05-29,-24.917000000002865,531.5040000000122,426.29200000001725,506.5869999999893,932.8790000000298
2019-05-30,-24.317000000003002,531.5040000000122,426.89200000001733,507.18699999998915,934.0790000000297
2019-05-31,-7.287000000003076,544.8870000000122,444.69200000001746,537.5999999999891,982.2920000000298
2019-06-03,9.672999999996915,561.7270000000121,454.69500000001733,571.399999999989,1026.0950000000296
2019-06-04,9.672999999996915,563.0670000000123,456.0350000000174,572.7399999999891,1028.7750000000299
2019-06-05,4.895999999996826,566.6840000000125,444.2320000000175,571.5799999999891,1015.81200000003
2019-06-06,4.895999999996826,567.6540000000125,444.2320000000175,572.5499999999892,1016.78200000003
2019-06-07,4.895999999996826,573.4340000000127,444.2320000000175,578.3299999999894,1022.5620000000303
2019-06-10,3.4529999999967966,566.5970000000127,444.2320000000175,570.0499999999893,1014.2820000000302
2019-06-11,3.4529999999967966,564.7070000000128,442.3390000000174,568.1599999999894,1010.4990000000302
2019-06-12,3.4529999999967966,570.3470000000127,442.3390000000174,573.7999999999893,1016.13900000003
2019-06-13,3.4529999999967966,578.3570000000127,442.3390000000174,581.8099999999893,1024.14900000003
2019-06-14,-1.2470000000032941,575.3440000000128,427.87600000001737,574.0969999999892,1001.9730000000299
2019-06-17,-2.7370000000033485,573.894000000013,427.87600000001737,571.1569999999892,999.0330000000299
2019-06-18,-2.7370000000033485,577.7340000000129,427.87600000001737,574.9969999999892,1002.8730000000298
2019-06-19,-2.7370000000033485,586.881000000013,427.87600000001737,584.1439999999893,1012.02000000003
2019-06-20,21.31299999999656,616.7180000000133,445.5930000000174,638.0309999999894,1083.62400000003
2019-06-21,10.802999999996523,626.5780000000134,455.4530000000175,637.3809999999894,1092.83400000003
2019-06-24,10.802999999996523,639.8850000000134,455.4530000000175,650.6879999999894,1106.14100000003
2019-06-25,10.802999999996523,639.0120000000134,455.4530000000175,649.8149999999894,1105.26800000003
2019-06-26,15.822999999996458,639.0120000000134,455.4530000000175,654.8349999999893,1110.28800000003
2019-06-27,15.822999999996458,639.0120000000134,455.4530000000175,654.8349999999893,1110.28800000003
2019-06-28,15.822999999996458,639.0120000000134,455.4530000000175,654.8349999999893,1110.28800000003
2019-07-01,26.5499999999965,639.0120000000134,466.7960000000173,665.5619999999894,1132.35800000003
2019-07-02,27.5769999999965,639.0120000000134,466.7960000000173,666.5889999999895,1133.38500000003
2019-07-03,17.79399999999655,639.0120000000134,466.7960000000173,656.8059999999896,1123.60200000003
2019-07-04,17.79399999999655,639.0120000000134,466.7960000000173,656.8059999999896,1123.60200000003
2019-07-05,11.60399999999645,639.0120000000134,466.7960000000173,650.6159999999895,1117.41200000003
2019-07-08,11.60399999999645,639.0120000000134,466.7960000000173,650.6159999999895,1117.41200000003
2019-07-09,11.60399999999645,639.0120000000134,462.2060000000173,650.6159999999895,1112.8220000000301
2019-07-10,11.60399999999645,639.0120000000134,462.2060000000173,650.6159999999895,1112.8220000000301
2019-07-11,8.373999999996613,639.0120000000134,462.2060000000173,647.3859999999897,1109.5920000000303
2019-07-12,8.373999999996613,639.0120000000134,462.2060000000173,647.3859999999897,1109.5920000000303
2019-07-15,8.373999999996613,639.0120000000134,462.2060000000173,647.3859999999897,1109.5920000000303
2019-07-16,8.373999999996613,639.0120000000134,462.2060000000173,647.3859999999897,1109.5920000000303
2019-07-17,10.563999999996621,639.0120000000134,446.3730000000174,649.5759999999898,1095.9490000000305
2019-07-18,4.786999999996487,646.9120000000134,454.2730000000174,651.6989999999897,1105.9720000000304
2019-07-19,4.786999999996487,632.3190000000136,450.62000000001757,637.1059999999899,1087.7260000000308
2019-07-22,4.786999999996487,632.3190000000136,450.62000000001757,637.1059999999899,1087.7260000000308
2019-07-23,4.786999999996487,632.3190000000136,450.62000000001757,637.1059999999899,1087.7260000000308
2019-07-24,4.786999999996487,632.3190000000136,450.62000000001757,637.1059999999899,1087.7260000000308
2019-07-25,-2.51600000000367,632.3190000000136,448.3000000000176,629.8029999999898,1078.1030000000308
2019-07-26,-2.51600000000367,632.3190000000136,448.3000000000176,629.8029999999898,1078.1030000000308
2019-07-29,-2.51600000000367,632.3190000000136,448.3000000000176,629.8029999999898,1078.1030000000308
2019-07-30,-0.26600000000371526,632.3190000000136,448.3000000000176,632.0529999999898,1080.3530000000308
2019-07-31,3.526999999996359,632.3190000000136,448.3000000000176,635.8459999999899,1084.1460000000309
2019-08-01,8.73699999999653,593.5590000000138,423.87400000001776,602.2959999999903,1026.1700000000315
2019-08-02,-3.858000000003587,593.5590000000138,417.66400000001767,589.7009999999901,1007.3650000000313
2019-08-05,8.42199999999634,605.159000000014,419.9340000000178,613.5809999999901,1033.5150000000315
2019-08-06,-3.4350000000036776,603.579000000014,418.35400000001783,600.1439999999901,1018.4980000000315
2019-08-07,11.954999999996149,625.226000000014,428.9110000000178,637.1809999999898,1066.0920000000312
2019-08-08,11.954999999996149,630.156000000014,433.8410000000178,642.1109999999899,1075.9520000000314
2019-08-09,11.954999999996149,621.669000000014,433.8410000000178,633.6239999999898,1067.4650000000313
2019-08-12,-2.388000000003972,626.669000000014,433.8410000000178,624.2809999999896,1058.1220000000312
2019-08-13,-17.475000000003824,600.599000000014,412.2680000000179,583.1239999999898,995.3920000000314
2019-08-14,-31.32500000000378,600.599000000014,412.2680000000179,569.2739999999899,981.5420000000315
2019-08-15,-31.32500000000378,600.599000000014,412.2680000000179,569.2739999999899,981.5420000000315
2019-08-16,-35.35800000000373,600.599000000014,412.2680000000179,565.24099999999,977.5090000000316
2019-08-19,-30.578000000003573,600.599000000014,412.2680000000179,570.0209999999902,982.2890000000318
2019-08-20,-30.578000000003573,600.599000000014,400.098000000018,570.0209999999902,970.119000000032
2019-08-21,-30.578000000003573,600.599000000014,400.098000000018,570.0209999999902,970.119000000032
2019-08-22,-36.87100000000351,600.599000000014,396.96800000001804,563.7279999999903,960.6960000000321
2019-08-23,-23.40100000000353,600.599000000014,395.08500000001834,577.1979999999903,972.2830000000324
2019-08-26,-48.83400000000357,583.3690000000142,384.4020000000185,534.5349999999904,918.9370000000328
2019-08-27,-48.83400000000357,583.3690000000142,384.4020000000185,534.5349999999904,918.9370000000328
2019-08-28,-48.83400000000357,583.3690000000142,384.4020000000185,534.5349999999904,918.9370000000328
2019-08-29,-49.14400000000356,583.3690000000142,384.4020000000185,534.2249999999905,918.6270000000328
2019-08-30,-50.837000000003584,583.3690000000142,383.1890000000185,532.5319999999905,915.7210000000327
2019-09-02,-50.837000000003584,583.3690000000142,383.1890000000185,532.5319999999905,915.7210000000327
2019-09-03,-48.09700000000362,583.3690000000142,383.1890000000185,535.2719999999905,918.4610000000328
2019-09-04,-58.721000000003734,582.4690000000141,382.28900000001835,523.7479999999903,906.0370000000323
2019-09-05,-40.18100000000382,582.4690000000141,377.68900000001815,542.2879999999902,919.977000000032
2019-09-06,-37.801000000003754,582.7660000000142,390.0490000000182,544.9649999999903,935.0140000000322
2019-09-09,-37.801000000003754,589.5860000000143,395.1290000000183,551.7849999999904,946.9140000000324
2019-09-10,-45.63800000000356,601.1490000000144,406.69200000001837,555.5109999999906,962.2030000000327
2019-09-11,-45.63800000000356,592.5220000000145,398.06500000001836,546.8839999999907,944.9490000000327
2019-09-12,-48.76500000000355,589.9050000000145,398.06500000001836,541.1399999999907,939.2050000000327
2019-09-13,-48.76500000000355,599.4750000000147,398.06500000001836,550.7099999999908,948.7750000000328
2019-09-16,-48.76500000000355,597.8720000000146,398.06500000001836,549.1069999999908,947.1720000000328
2019-09-17,-48.76500000000355,594.5120000000147,398.06500000001836,545.7469999999909,943.8120000000329
2019-09-18,-64.49500000000339,592.3590000000149,398.06500000001836,527.8639999999912,925.9290000000332
2019-09-19,-64.49500000000339,586.672000000015,398.06500000001836,522.1769999999913,920.2420000000333
2019-09-20,-61.445000000003475,586.672000000015,401.6480000000184,525.2269999999912,926.8750000000332
2019-09-23,-52.70200000000335,586.672000000015,407.8980000000183,533.9699999999914,941.8680000000332
2019-09-24,-55.89200000000322,586.672000000015,417.90800000001826,530.7799999999916,948.6880000000333
2019-09-25,-42.805000000003275,586.672000000015,394.70500000001823,543.8669999999915,938.5720000000332
2019-09-26,-47.70500000000318,586.672000000015,394.70500000001823,538.9669999999917,933.6720000000333
2019-09-27,-56.618000000003235,586.8890000000151,395.7850000000181,530.2709999999917,926.0560000000332
2019-09-30,-59.79100000000328,606.7460000000151,402.9520000000182,546.9549999999915,949.9070000000332
2019-10-01,-60.59800000000334,598.296000000015,394.5020000000181,537.6979999999913,932.200000000033
2019-10-02,-42.62900000000333,577.6560000000152,394.5020000000181,535.0269999999914,929.5290000000331
2019-10-03,-37.71600000000336,577.6560000000152,385.9320000000181,539.9399999999914,925.872000000033
2019-10-04,-37.71600000000336,577.6560000000152,384.2820000000182,539.9399999999914,924.2220000000332
2019-10-07,-38.39600000000347,577.6560000000152,384.2820000000182,539.2599999999914,923.5420000000331
2019-10-08,-47.456000000003506,577.6560000000152,384.2820000000182,530.1999999999913,914.482000000033
2019-10-09,-53.766000000003494,577.6560000000152,384.2820000000182,523.8899999999913,908.1720000000331
2019-10-10,-53.43900000000354,577.6560000000152,384.2820000000182,524.2169999999913,908.4990000000331
2019-10-11,-62.7950000000034,574.4030000000153,381.0290000000182,511.60799999999153,892.6370000000333
2019-10-14,-62.7950000000034,566.1860000000154,381.0290000000182,503.3909999999916,884.4200000000334
2019-10-15,-65.10200000000323,563.9690000000155,381.0290000000182,498.86699999999183,879.8960000000336
2019-10-16,-65.10200000000323,555.1890000000155,381.0290000000182,490.0869999999918,871.1160000000336
2019-10-17,-65.10200000000323,555.1890000000155,381.0290000000182,490.0869999999918,871.1160000000336
2019-10-18,-65.10200000000323,555.1890000000155,381.0290000000182,490.0869999999918,871.1160000000336
2019-10-21,-65.10200000000323,555.5690000000156,381.0290000000182,490.46699999999186,871.4960000000337
2019-10-22,-65.10200000000323,551.5290000000157,381.0290000000182,486.42699999999184,867.4560000000338
2019-10-23,-66.66200000000322,551.5290000000157,381.0290000000182,484.86699999999183,865.8960000000338
2019-10-24,-63.35200000000309,551.5290000000157,383.76900000001837,488.17699999999195,871.9460000000341
2019-10-25,-63.03500000000312,551.5290000000157,386.0590000000185,488.4939999999919,874.5530000000342
2019-10-28,-58.37800000000324,551.5290000000157,386.0590000000185,493.15099999999177,879.2100000000341
2019-10-29,-62.47100000000318,551.5290000000157,384.32900000001865,489.0579999999918,873.3870000000344
2019-10-30,-62.47100000000318,551.5290000000157,374.89900000001853,489.0579999999918,863.9570000000343
2019-10-31,-55.521000000003184,551.5290000000157,374.89900000001853,496.0079999999918,870.9070000000344
2019-11-01,-58.14800000000318,551.5290000000157,374.89900000001853,493.3809999999918,868.2800000000344
2019-11-04,-58.14800000000318,551.5290000000157,374.89900000001853,493.3809999999918,868.2800000000344
2019-11-05,-43.23800000000337,551.5290000000157,371.4660000000187,508.2909999999916,879.7570000000344
2019-11-06,-45.42800000000324,551.5290000000157,371.4660000000187,506.1009999999917,877.5670000000346
2019-11-07,-44.17100000000322,553.1160000000157,373.05300000001864,508.94499999999164,881.9980000000345
2019-11-08,-56.90400000000326,563.0030000000158,372.51300000001885,506.09899999999175,878.6120000000348
2019-11-11,-63.54700000000334,568.9030000000159,366.37000000001876,505.3559999999917,871.7260000000347
2019-11-12,-63.54700000000334,565.603000000016,366.37000000001876,502.0559999999917,868.4260000000347
2019-11-13,-63.62700000000331,559.1930000000161,366.37000000001876,495.5659999999918,861.9360000000348
2019-11-14,-63.62700000000331,551.6960000000163,363.4470000000187,488.0689999999919,851.5160000000349
2019-11-15,-63.62700000000331,551.6660000000163,363.4470000000187,488.03899999999186,851.4860000000349
2019-11-18,-70.59000000000331,545.2530000000163,363.4470000000187,474.66299999999177,838.1100000000348
2019-11-19,-73.60700000000341,545.2530000000163,361.1140000000188,471.64599999999166,832.7600000000348
2019-11-20,-73.60700000000341,545.2530000000163,358.3040000000188,471.64599999999166,829.9500000000348
2019-11-21,-73.60700000000341,545.2530000000163,358.3040000000188,471.64599999999166,829.9500000000348
2019-11-22,-73.60700000000341,545.2530000000163,358.3040000000188,471.64599999999166,829.9500000000348
2019-11-25,-74.6670000000034,548.4700000000164,361.52100000001883,473.8029999999917,835.324000000035
2019-11-26,-74.6670000000034,539.7170000000165,361.52100000001883,465.0499999999917,826.571000000035
2019-11-27,-74.6670000000034,539.9640000000165,361.52100000001883,465.2969999999917,826.8180000000351
2019-11-28,-74.6670000000034,539.9640000000165,361.52100000001883,465.2969999999917,826.8180000000351
2019-11-29,-73.8970000000033,539.9640000000165,360.89400000001876,466.0669999999918,826.9610000000351
2019-12-02,-82.71000000000332,539.9640000000165,356.2910000000188,457.25399999999183,813.5450000000352
2019-12-03,-68.9670000000032,539.9640000000165,362.9380000000189,470.99699999999194,833.9350000000354
2019-12-04,-71.3300000000033,539.9640000000165,353.7610000000187,468.63399999999183,822.3950000000351
2019-12-05,-71.3300000000033,539.9640000000165,353.7610000000187,468.63399999999183,822.3950000000351
2019-12-06,-63.20700000000329,539.9640000000165,353.7610000000187,476.7569999999918,830.5180000000352
2019-12-09,-67.02700000000327,539.9640000000165,353.7610000000187,472.9369999999918,826.6980000000352
2019-12-10,-70.86000000000317,539.9640000000165,353.7610000000187,469.1039999999919,822.8650000000354
2019-12-11,-68.31000000000326,539.9640000000165,353.7610000000187,471.6539999999918,825.4150000000353
2019-12-12,-90.47300000000317,539.9640000000165,339.49800000001875,449.4909999999919,788.9890000000354
2019-12-13,-96.6230000000033,539.9640000000165,339.49800000001875,443.34099999999177,782.8390000000353
2019-12-16,-96.6230000000033,539.9640000000165,339.49800000001875,443.34099999999177,782.8390000000353
2019-12-17,-96.6230000000033,539.9640000000165,339.49800000001875,443.34099999999177,782.8390000000353
2019-12-18,-99.54600000000335,539.9640000000165,339.49800000001875,440.4179999999917,779.9160000000353
2019-12-19,-99.54600000000335,539.9640000000165,337.6180000000186,440.4179999999917,778.0360000000352
2019-12-20,-99.54600000000335,539.9640000000165,337.6180000000186,440.4179999999917,778.0360000000352
2019-12-23,-99.15300000000336,544.2570000000167,339.59800000001877,445.10399999999174,784.7020000000355
2019-12-24,-89.91000000000331,557.5770000000167,350.8080000000187,467.66699999999184,818.4750000000355
2019-12-26,-78.02000000000335,569.8670000000168,363.09800000001877,491.84699999999185,854.9450000000355
2019-12-27,-78.02000000000335,569.1470000000168,363.09800000001877,491.12699999999177,854.2250000000355
2019-12-30,-78.02000000000335,570.2670000000167,363.09800000001877,492.2469999999916,855.3450000000354
2019-12-31,-79.41400000000321,572.8470000000168,359.27100000001894,493.43299999999186,852.7040000000358
2020-01-02,-85.61400000000307,582.5500000000168,358.1640000000189,496.9359999999919,855.1000000000358
2020-01-03,-77.75400000000299,602.5000000000168,368.58700000001886,524.745999999992,893.3330000000359
2020-01-06,-91.79400000000327,598.5630000000169,368.58700000001886,506.7689999999918,875.3560000000357
2020-01-07,-98.89700000000337,606.3030000000169,368.58700000001886,507.40599999999165,875.9930000000355
2020-01-08,-91.23400000000322,570.8260000000171,368.58700000001886,479.5919999999919,848.1790000000358
2020-01-09,-84.26700000000316,570.8260000000171,368.58700000001886,486.55899999999195,855.1460000000359
2020-01-10,-84.26700000000316,570.8260000000171,368.58700000001886,486.55899999999195,855.1460000000359
2020-01-13,-84.49700000000323,570.8260000000171,368.58700000001886,486.3289999999919,854.9160000000359
2020-01-14,-83.08700000000319,570.8260000000171,366.4140000000188,487.7389999999919,854.1530000000358
2020-01-15,-83.08700000000319,570.8260000000171,366.4140000000188,487.7389999999919,854.1530000000358
2020-01-16,-83.08700000000319,570.8260000000171,366.4140000000188,487.7389999999919,854.1530000000358
2020-01-17,-83.08700000000319,570.8260000000171,366.4140000000188,487.7389999999919,854.1530000000358
2020-01-20,-83.08700000000319,570.8260000000171,366.4140000000188,487.7389999999919,854.1530000000358
2020-01-21,-94.06700000000325,570.8260000000171,366.4140000000188,476.75899999999183,843.1730000000358
2020-01-22,-94.06700000000325,570.8260000000171,366.4140000000188,476.75899999999183,843.1730000000358
2020-01-23,-94.06700000000325,570.8260000000171,366.4140000000188,476.75899999999183,843.1730000000358
2020-01-24,-94.06700000000325,570.8260000000171,366.4140000000188,476.75899999999183,843.1730000000358
2020-01-27,-94.06700000000325,570.8260000000171,366.4140000000188,476.75899999999183,843.1730000000358
2020-01-28,-93.90700000000321,570.8260000000171,366.4140000000188,476.91899999999185,843.3330000000359
2020-01-29,-98.63000000000321,570.8260000000171,366.4140000000188,472.19599999999184,838.6100000000359
2020-01-30,-98.63000000000321,570.8260000000171,366.4140000000188,472.19599999999184,838.6100000000359
2020-01-31,-98.63000000000321,570.8260000000171,366.4140000000188,472.19599999999184,838.6100000000359
2020-02-03,-98.63000000000321,570.8260000000171,366.4140000000188,472.19599999999184,838.6100000000359
2020-02-04,-92.95300000000312,570.8260000000171,379.0410000000187,477.8729999999919,856.9140000000359
2020-02-05,-92.95300000000312,570.8260000000171,375.86400000001873,477.8729999999919,853.737000000036
2020-02-06,-91.28000000000293,570.8260000000171,375.86400000001873,479.5459999999921,855.4100000000362
2020-02-07,-97.42000000000289,570.8260000000171,375.86400000001873,473.4059999999921,849.2700000000362
2020-02-10,-97.42000000000293,570.8260000000171,375.86400000001873,473.40599999999205,849.2700000000362
2020-02-11,-105.70600000000307,570.8260000000171,375.86400000001873,465.1199999999919,840.9840000000361
2020-02-12,-105.70600000000307,570.8260000000171,375.86400000001873,465.1199999999919,840.9840000000361
2020-02-13,-103.06600000000302,570.8260000000171,375.86400000001873,467.7599999999919,843.6240000000362
2020-02-14,-101.84300000000287,570.8260000000171,375.6670000000188,468.98299999999205,844.6500000000364
2020-02-17,-104.8630000000029,570.8260000000171,375.6670000000188,465.962999999992,841.6300000000364
2020-02-18,-89.3360000000029,582.0460000000171,386.88700000001876,492.70999999999196,879.5970000000364
2020-02-19,-87.36300000000276,593.779000000017,389.6800000000186,506.415999999992,896.0960000000363
2020-02-20,-87.36300000000276,602.569000000017,391.3170000000185,515.205999999992,906.5230000000361
2020-02-21,-73.89000000000262,623.569000000017,403.1070000000184,549.678999999992,952.7860000000361
2020-02-24,-66.56000000000273,617.3290000000172,403.1070000000184,550.768999999992,953.8760000000361
2020-02-25,-53.883000000002866,617.3290000000172,403.1070000000184,563.445999999992,966.553000000036
2020-02-26,-53.883000000002866,617.3290000000172,403.1070000000184,563.445999999992,966.553000000036
2020-02-27,-57.01300000000279,617.3290000000172,403.1070000000184,560.3159999999921,963.4230000000362
2020-02-28,-8.916000000002626,622.4690000000173,455.34700000001857,613.5529999999923,1068.9000000000365
2020-03-02,-34.90600000000268,621.3760000000175,455.34700000001857,586.4699999999923,1041.8170000000366
2020-03-03,-21.086000000002787,573.1730000000175,455.34700000001857,552.0869999999921,1007.4340000000365
2020-03-04,-32.0490000000028,573.1730000000175,455.34700000001857,541.1239999999922,996.4710000000365
2020-03-05,-30.469000000002918,573.1730000000175,461.29700000001856,542.7039999999921,1004.0010000000364
2020-03-06,-20.749000000002937,566.9700000000175,461.29700000001856,546.220999999992,1007.5180000000363
2020-03-09,-20.749000000002937,531.1400000000176,461.29700000001856,510.39099999999206,971.6880000000364
2020-03-10,-19.07900000000291,531.1400000000176,461.29700000001856,512.0609999999921,973.3580000000364
2020-03-11,-19.07900000000291,531.1400000000176,469.6470000000184,512.0609999999921,981.7080000000363
2020-03-12,25.167999999997118,569.4470000000176,536.0240000000185,594.614999999992,1130.6390000000365
2020-03-13,-0.39900000000293545,622.3870000000177,588.9640000000186,621.987999999992,1210.9520000000364
2020-03-16,-0.39900000000293545,658.5340000000176,557.3010000000186,658.1349999999919,1215.4360000000363
2020-03-17,-0.39900000000293545,637.5140000000176,557.3010000000186,637.1149999999919,1194.4160000000363
2020-03-18,-0.39900000000293545,675.6340000000175,557.3010000000186,675.2349999999918,1232.5360000000362
2020-03-19,-0.39900000000293545,692.1740000000177,557.3010000000186,691.774999999992,1249.0760000000364
2020-03-20,-0.39900000000293545,670.0440000000178,557.3010000000186,669.6449999999921,1226.9460000000365
2020-03-23,4.303999999996993,604.844000000018,557.3010000000186,609.1479999999922,1166.4490000000367
2020-03-24,64.40399999999686,542.7140000000181,595.9640000000186,607.1179999999921,1203.0820000000365
2020-03-25,34.920999999996866,542.7140000000181,574.6540000000186,577.6349999999921,1152.2890000000366
2020-03-26,34.920999999996866,542.7140000000181,574.6540000000186,577.6349999999921,1152.2890000000366
2020-03-27,34.920999999996866,542.7140000000181,574.6540000000186,577.6349999999921,1152.2890000000366
2020-03-30,34.920999999996866,542.7140000000181,574.6540000000186,577.6349999999921,1152.2890000000366
2020-03-31,44.84799999999673,549.8840000000182,587.8440000000187,594.731999999992,1182.5760000000364
2020-04-01,26.044999999996573,536.3940000000182,574.3540000000187,562.4389999999918,1136.793000000036
2020-04-02,29.034999999996536,536.3940000000182,574.3540000000187,565.4289999999918,1139.783000000036
2020-04-03,29.034999999996536,536.3940000000182,574.3540000000187,565.4289999999918,1139.783000000036
2020-04-06,55.027999999996425,536.3940000000182,603.5770000000186,591.4219999999917,1194.999000000036
2020-04-07,39.74799999999641,536.3940000000182,595.0070000000187,576.1419999999918,1171.149000000036
2020-04-08,39.74799999999641,536.3940000000182,595.0070000000187,576.1419999999918,1171.149000000036
2020-04-09,58.107999999996494,536.8740000000182,595.4870000000187,594.9819999999918,1190.469000000036
2020-04-13,88.98799999999656,567.5340000000183,602.6970000000188,656.5219999999919,1259.219000000036
2020-04-14,85.3949999999964,578.9740000000183,614.1370000000188,664.3689999999917,1278.5060000000358
2020-04-15,81.2349999999965,575.2640000000183,614.1370000000188,656.4989999999917,1270.636000000036
2020-04-16,81.2349999999965,561.2440000000183,614.1370000000188,642.4789999999917,1256.616000000036
2020-04-17,104.5849999999966,561.2440000000183,614.1370000000188,665.8289999999919,1279.966000000036
2020-04-20,93.97499999999665,561.2440000000183,593.3270000000189,655.218999999992,1248.5460000000362
2020-04-21,91.68199999999672,561.2440000000183,575.0290000000191,652.9259999999921,1227.9550000000365
2020-04-22,98.74399999999657,561.2440000000183,575.0290000000191,659.987999999992,1235.0170000000364
2020-04-23,87.01699999999667,558.9240000000184,579.7270000000192,645.9409999999921,1225.6680000000365
2020-04-24,75.94399999999676,558.0540000000185,562.9970000000192,633.9979999999922,1196.9950000000365
2020-04-27,70.17099999999652,558.0540000000185,562.9970000000192,628.224999999992,1191.2220000000364
2020-04-28,55.75099999999636,558.0540000000185,562.9970000000192,613.8049999999918,1176.8020000000363
2020-04-29,55.75099999999636,558.0540000000185,562.9970000000192,613.8049999999918,1176.8020000000363
2020-04-30,64.31099999999626,558.0540000000185,570.147000000019,622.3649999999917,1192.512000000036
2020-05-01,64.31099999999621,558.0540000000185,560.0470000000191,622.3649999999917,1182.4120000000362
2020-05-04,64.31099999999621,558.0540000000185,560.0470000000191,622.3649999999917,1182.4120000000362
2020-05-05,64.31099999999621,558.0540000000185,560.0470000000191,622.3649999999917,1182.4120000000362
2020-05-06,62.487999999996305,558.0540000000185,560.0470000000191,620.5419999999918,1180.5890000000363
2020-05-07,70.98799999999649,558.0540000000185,555.7470000000192,629.0419999999921,1184.7890000000366
2020-05-08,68.47799999999646,558.0540000000185,555.7470000000192,626.5319999999921,1182.2790000000366
2020-05-11,68.47799999999646,558.0540000000185,555.7470000000192,626.5319999999921,1182.2790000000366
2020-05-12,68.47799999999646,558.0540000000185,555.7470000000192,626.5319999999921,1182.2790000000366
2020-05-13,72.4979999999964,558.0540000000185,555.7470000000192,630.5519999999921,1186.2990000000366
2020-05-14,86.30799999999653,558.0540000000185,556.5470000000194,644.3619999999922,1200.909000000037
2020-05-15,98.3179999999967,558.8640000000185,570.1670000000192,657.1819999999923,1227.3490000000368
2020-05-18,88.6679999999968,544.0310000000184,570.1670000000192,632.6989999999922,1202.8660000000368
2020-05-19,88.6679999999968,544.0310000000184,570.1670000000192,632.6989999999922,1202.8660000000368
2020-05-20,88.6679999999968,544.0310000000184,570.1670000000192,632.6989999999922,1202.8660000000368
2020-05-21,98.9679999999967,544.0310000000184,577.4170000000192,642.9989999999922,1220.4160000000368
2020-05-22,98.9679999999967,544.0310000000184,569.2200000000194,642.9989999999922,1212.2190000000369
2020-05-25,98.9679999999967,544.0310000000184,569.2200000000194,642.9989999999922,1212.2190000000369
2020-05-26,96.58799999999678,544.0310000000184,578.9800000000193,640.6189999999923,1219.599000000037
2020-05-27,94.6379999999967,536.7210000000184,576.2200000000196,631.3589999999922,1207.579000000037
2020-05-28,88.45799999999682,536.7210000000184,569.7300000000196,625.1789999999924,1194.9090000000372
2020-05-29,84.00099999999689,536.7210000000184,569.7300000000196,620.7219999999925,1190.4520000000373
2020-06-01,84.00099999999689,536.7210000000184,571.0600000000195,620.7219999999925,1191.7820000000372
2020-06-02,81.66099999999693,536.7210000000184,571.0600000000195,618.3819999999926,1189.4420000000373
2020-06-03,108.12099999999693,544.6880000000183,582.4200000000194,652.8089999999924,1235.2290000000369
2020-06-04,105.58099999999692,527.5180000000184,564.2500000000196,633.0989999999924,1197.349000000037
2020-06-05,107.75099999999695,551.2580000000185,569.5630000000197,659.0089999999924,1228.572000000037
2020-06-08,98.5779999999969,531.3210000000186,569.5630000000197,629.8989999999924,1199.462000000037
2020-06-09,97.25799999999693,513.1810000000185,569.5630000000197,610.4389999999922,1180.002000000037
2020-06-10,97.25799999999693,513.1810000000185,584.0730000000196,610.4389999999922,1194.512000000037
2020-06-11,97.25799999999693,513.1810000000185,575.9800000000198,610.4389999999922,1186.4190000000372
2020-06-12,97.25799999999693,513.1810000000185,575.9800000000198,610.4389999999922,1186.4190000000372
2020-06-15,86.50099999999705,513.1810000000185,575.9800000000198,599.6819999999924,1175.6620000000373
2020-06-16,86.50099999999705,513.1810000000185,575.9800000000198,599.6819999999924,1175.6620000000373
2020-06-17,86.50099999999705,513.1810000000185,575.9800000000198,599.6819999999924,1175.6620000000373
2020-06-18,86.50099999999705,513.1810000000185,575.9800000000198,599.6819999999924,1175.6620000000373
2020-06-19,97.66399999999702,513.1810000000185,577.8130000000199,610.8449999999924,1188.6580000000374
2020-06-22,103.32399999999706,509.78100000001854,574.41300000002,613.1049999999925,1187.5180000000375
2020-06-23,102.4839999999971,524.7410000000185,589.37300000002,627.2249999999925,1216.5980000000375
2020-06-24,97.59099999999702,522.1490000000186,575.81600000002,619.7399999999925,1195.5560000000373
2020-06-25,97.59099999999702,521.2590000000188,575.81600000002,618.8499999999926,1194.6660000000375
2020-06-26,84.84799999999704,521.2590000000188,575.81600000002,606.1069999999927,1181.9230000000375
2020-06-29,84.84799999999704,518.7590000000188,575.81600000002,603.6069999999927,1179.4230000000375
2020-06-30,84.84799999999704,517.6290000000187,572.85600000002,602.4769999999926,1175.3330000000374
2020-07-01,81.04499999999689,508.42900000001856,572.85600000002,589.4739999999923,1162.3300000000372
2020-07-02,63.717999999997026,508.42900000001856,572.85600000002,572.1469999999924,1145.0030000000374
2020-07-03,63.717999999997026,508.42900000001856,572.85600000002,572.1469999999924,1145.0030000000374
2020-07-06,58.85099999999697,508.42900000001856,572.85600000002,567.2799999999924,1140.1360000000375
2020-07-07,50.45899999999683,511.36900000001856,575.7960000000201,561.8279999999922,1137.6240000000373
2020-07-08,64.45899999999678,525.6790000000187,590.1060000000202,590.1379999999923,1180.2440000000374
2020-07-09,62.23899999999671,519.6190000000188,581.5360000000203,581.8579999999922,1163.3940000000373
2020-07-10,60.001999999996535,519.6190000000188,581.5360000000203,579.620999999992,1161.1570000000372
2020-07-13,53.5689999999965,519.6190000000188,581.5360000000203,573.187999999992,1154.7240000000372
2020-07-14,46.65599999999644,519.6190000000188,570.9030000000205,566.274999999992,1137.1780000000374
2020-07-15,46.65599999999644,519.6190000000188,570.9030000000205,566.274999999992,1137.1780000000374
2020-07-16,55.242999999996385,519.6190000000188,572.1530000000205,574.861999999992,1147.0150000000374
2020-07-17,51.002999999996284,519.6190000000188,563.5000000000205,570.6219999999919,1134.1220000000371
2020-07-20,51.002999999996284,519.6190000000188,564.2530000000206,570.6219999999919,1134.8750000000373
2020-07-21,66.81599999999634,521.0490000000189,587.2430000000209,587.8649999999919,1175.1080000000375
2020-07-22,71.18299999999626,546.879000000019,613.073000000021,618.0619999999919,1231.1350000000375
2020-07-23,59.12299999999627,563.8090000000191,630.0030000000211,622.931999999992,1252.9350000000375
2020-07-24,59.12299999999627,577.7760000000192,625.5230000000213,636.898999999992,1262.4220000000378
2020-07-27,74.81599999999644,587.2990000000191,632.1230000000212,662.114999999992,1294.2380000000376
2020-07-28,-31.744000000003368,581.839000000019,626.6630000000212,550.0949999999922,1176.7580000000376
2020-07-29,-31.744000000003368,581.839000000019,626.6630000000212,550.0949999999922,1176.7580000000376
2020-07-30,-32.23400000000342,581.839000000019,626.6630000000212,549.6049999999922,1176.2680000000375
2020-07-31,-32.23400000000342,581.839000000019,626.6630000000212,549.6049999999922,1176.2680000000375
2020-08-03,-43.744000000003226,581.839000000019,626.6630000000212,538.0949999999924,1164.7580000000378
2020-08-04,-44.594000000003405,592.6990000000192,643.7930000000213,548.1049999999923,1191.8980000000377
2020-08-05,-23.144000000003405,581.536000000019,643.1500000000212,558.3919999999922,1201.5420000000374
2020-08-06,-23.144000000003405,581.536000000019,643.1500000000212,558.3919999999922,1201.5420000000374
2020-08-07,-7.7870000000032515,575.2960000000187,643.1500000000212,567.508999999992,1210.6590000000372
2020-08-10,-30.80400000000335,575.9360000000188,643.1500000000212,545.131999999992,1188.2820000000372
2020-08-11,73.13299999999674,687.6590000000188,754.9330000000211,760.791999999992,1515.7250000000372
2020-08-12,59.602999999996726,706.2720000000188,773.5460000000212,765.8749999999919,1539.421000000037
2020-08-13,59.602999999996726,669.1350000000189,736.4090000000213,728.737999999992,1465.1470000000372
2020-08-14,59.602999999996726,684.698000000019,736.4090000000213,744.3009999999921,1480.7100000000373
2020-08-17,59.602999999996726,649.348000000019,736.4090000000213,708.9509999999922,1445.3600000000374
2020-08-18,59.602999999996726,649.348000000019,736.4090000000213,708.9509999999922,1445.3600000000374
2020-08-19,94.6129999999969,673.4980000000191,742.1220000000212,768.1109999999924,1510.2330000000375
2020-08-20,82.91999999999688,659.9610000000193,728.5850000000214,742.8809999999925,1471.4660000000376
2020-08-21,82.91999999999688,670.1140000000194,738.7380000000214,753.0339999999925,1491.7720000000377
2020-08-24,82.91999999999688,679.9370000000195,746.4680000000217,762.8569999999926,1509.325000000038
2020-08-25,82.91999999999688,679.2070000000194,745.7380000000217,762.1269999999926,1507.865000000038
2020-08-26,84.50299999999692,654.8970000000195,730.3210000000217,739.3999999999926,1469.721000000038
2020-08-27,42.65999999999675,644.6370000000195,730.3210000000217,687.2969999999924,1417.6180000000377
2020-08-28,53.89999999999671,608.3400000000195,730.3210000000217,662.2399999999923,1392.5610000000377
2020-08-31,41.22999999999682,608.3400000000195,730.3210000000217,649.5699999999924,1379.8910000000378
2020-09-01,20.779999999996956,608.3400000000195,730.3210000000217,629.1199999999926,1359.441000000038
2020-09-02,20.779999999996956,608.3400000000195,730.3210000000217,629.1199999999926,1359.441000000038
2020-09-03,20.779999999996956,608.3400000000195,733.2140000000218,629.1199999999926,1362.334000000038
2020-09-04,20.779999999996956,608.3400000000195,729.1270000000218,629.1199999999926,1358.247000000038
2020-09-07,20.779999999996956,608.3400000000195,729.1270000000218,629.1199999999926,1358.247000000038
2020-09-08,20.779999999996956,608.3400000000195,717.8140000000217,629.1199999999926,1346.934000000038
2020-09-09,24.839999999996856,608.3400000000195,717.8140000000217,633.1799999999926,1350.9940000000379
2020-09-10,25.516999999996944,608.3400000000195,704.0310000000218,633.8569999999927,1337.8880000000381
2020-09-11,25.516999999996944,608.3400000000195,704.0310000000218,633.8569999999927,1337.8880000000381
2020-09-14,27.039999999997036,608.3400000000195,704.0310000000218,635.3799999999928,1339.4110000000383
2020-09-15,25.639999999997126,608.3400000000195,686.7210000000218,633.979999999993,1320.7010000000384
2020-09-16,25.639999999997126,608.3400000000195,686.7210000000218,633.979999999993,1320.7010000000384
2020-09-17,26.239999999997217,608.3400000000195,677.934000000022,634.5799999999931,1312.5140000000388
2020-09-18,23.119999999997052,608.3400000000195,677.934000000022,631.459999999993,1309.3940000000387
2020-09-21,54.446999999997004,593.6330000000194,698.194000000022,648.0799999999928,1346.2740000000383
2020-09-22,64.73999999999708,597.2330000000193,708.7470000000221,661.9729999999927,1370.7200000000382
2020-09-23,90.17299999999703,633.5760000000193,724.0000000000223,723.7489999999926,1447.7490000000382
2020-09-24,92.57999999999714,623.3260000000193,713.7500000000223,715.9059999999927,1429.6560000000381
2020-09-25,92.57999999999714,627.8160000000194,713.7500000000223,720.3959999999927,1434.1460000000382
2020-09-28,95.5369999999972,611.1060000000193,713.7500000000223,706.6429999999926,1420.3930000000382
2020-09-29,111.53699999999739,593.5460000000194,713.7500000000223,705.0829999999928,1418.8330000000385
2020-09-30,100.7999999999975,590.3090000000195,713.7500000000223,691.108999999993,1404.8590000000388
2020-10-01,99.48299999999745,590.3090000000195,713.7130000000222,689.791999999993,1403.5050000000388
2020-10-02,99.48299999999745,590.3090000000195,709.3800000000224,689.791999999993,1399.172000000039
2020-10-05,87.96999999999748,590.3090000000195,703.1800000000223,678.2789999999931,1381.459000000039
2020-10-06,91.80599999999764,590.3090000000195,703.1800000000223,682.1149999999932,1385.2950000000392
2020-10-07,86.28599999999761,578.7590000000196,684.4100000000224,665.0449999999931,1349.455000000039
2020-10-08,86.28599999999761,578.7590000000196,684.4100000000224,665.0449999999931,1349.455000000039
2020-10-09,108.24299999999768,578.7590000000196,689.7470000000224,687.0019999999932,1376.7490000000391
2020-10-12,103.82299999999779,578.7590000000196,689.7470000000224,682.5819999999934,1372.3290000000393
2020-10-13,113.73299999999783,578.7590000000196,689.7470000000224,692.4919999999935,1382.2390000000394
2020-10-14,109.22599999999795,578.7590000000196,689.7470000000224,687.9849999999936,1377.7320000000395
2020-10-15,109.22599999999795,578.7590000000196,689.7470000000224,687.9849999999936,1377.7320000000395
2020-10-16,109.22599999999795,578.7590000000196,689.7470000000224,687.9849999999936,1377.7320000000395
2020-10-19,109.22599999999795,578.7590000000196,689.7470000000224,687.9849999999936,1377.7320000000395
2020-10-20,109.22599999999795,578.7590000000196,689.7470000000224,687.9849999999936,1377.7320000000395
2020-10-21,106.38599999999776,578.7590000000196,695.4640000000222,685.1449999999935,1380.6090000000393
2020-10-22,107.58599999999777,578.7590000000196,687.2840000000222,686.3449999999935,1373.6290000000392
2020-10-23,103.92599999999787,578.7590000000196,687.2840000000222,682.6849999999937,1369.9690000000394
2020-10-26,103.92599999999787,578.7590000000196,678.0740000000221,682.6849999999937,1360.7590000000394
2020-10-27,103.92599999999787,578.7590000000196,678.0740000000221,682.6849999999937,1360.7590000000394
2020-10-28,127.55599999999794,578.7590000000196,683.0240000000222,706.3149999999938,1389.3390000000395
2020-10-29,119.20599999999794,573.4190000000197,691.4140000000223,692.6249999999939,1384.0390000000396
2020-10-30,110.22599999999788,562.0190000000198,678.4040000000223,672.2449999999939,1350.6490000000395
2020-11-02,112.3759999999977,562.0190000000198,678.4040000000223,674.3949999999937,1352.7990000000393
2020-11-03,105.34899999999762,562.0190000000198,678.4040000000223,667.3679999999937,1345.7720000000393
2020-11-04,90.73899999999767,562.0190000000198,678.4040000000223,652.7579999999938,1331.1620000000394
2020-11-05,120.59899999999776,583.5020000000197,709.2370000000224,704.1009999999937,1413.3380000000393
2020-11-06,120.38899999999768,589.3290000000197,702.5840000000223,709.7179999999936,1412.302000000039
2020-11-09,173.94899999999757,491.28500000002,717.3070000000223,665.2339999999938,1382.541000000039
2020-11-10,152.44599999999758,487.02500000001993,717.3070000000223,639.4709999999938,1356.7780000000391
2020-11-11,152.44599999999758,493.69500000001995,717.3070000000223,646.1409999999938,1363.4480000000392
2020-11-12,152.44599999999758,483.3280000000199,717.3070000000223,635.7739999999939,1353.0810000000392
2020-11-13,145.09599999999762,483.3280000000199,717.3070000000223,628.423999999994,1345.7310000000393
2020-11-16,128.08899999999772,457.11800000002006,717.3070000000223,585.2069999999942,1302.5140000000397
2020-11-17,128.08899999999772,457.11800000002006,717.3070000000223,585.2069999999942,1302.5140000000397
2020-11-18,114.83599999999775,457.11800000002006,717.3070000000223,571.9539999999943,1289.2610000000398
2020-11-19,108.78099999999765,458.19300000002005,712.8620000000224,566.9739999999941,1279.8360000000396
2020-11-20,99.96099999999767,448.11000000002014,712.8620000000224,548.0709999999942,1260.9330000000398
2020-11-23,105.18399999999781,453.29000000002014,718.0420000000224,558.4739999999944,1276.5160000000399
2020-11-24,134.95399999999773,481.3270000000201,738.2020000000225,616.2809999999943,1354.4830000000397
2020-11-25,134.95399999999773,483.43000000002013,738.2020000000225,618.3839999999943,1356.5860000000398
2020-11-26,134.95399999999773,481.63500000002017,738.2020000000225,616.5889999999944,1354.79100000004
2020-11-27,125.66099999999773,503.4200000000201,728.9090000000225,629.0809999999942,1357.9900000000398
2020-11-30,134.80399999999784,514.1200000000202,739.6090000000227,648.9239999999945,1388.5330000000401
2020-12-01,155.06099999999785,478.2070000000202,739.6090000000227,633.2679999999945,1372.8770000000402
2020-12-02,155.06099999999785,460.7270000000201,742.6660000000229,615.7879999999944,1358.4540000000404
2020-12-03,143.9409999999979,460.7270000000201,749.199000000023,604.6679999999945,1353.8670000000407
2020-12-04,143.9409999999979,460.7270000000201,749.199000000023,604.6679999999945,1353.8670000000407
2020-12-07,144.43099999999785,460.7270000000201,756.1490000000231,605.1579999999946,1361.3070000000407
2020-12-08,151.12099999999785,460.7270000000201,756.1490000000231,611.8479999999946,1367.9970000000408
2020-12-09,137.5009999999979,460.7270000000201,756.1490000000231,598.2279999999947,1354.3770000000409
2020-12-10,137.5009999999979,460.7270000000201,756.1490000000231,598.2279999999947,1354.3770000000409
2020-12-11,137.5009999999979,460.7270000000201,756.1490000000231,598.2279999999947,1354.3770000000409
2020-12-14,125.4139999999981,460.7270000000201,756.1490000000231,586.140999999995,1342.2900000000411
2020-12-15,135.76299999999821,460.7270000000201,756.1490000000231,596.4899999999951,1352.6390000000413
2020-12-16,127.77299999999839,460.7270000000201,758.3960000000232,588.4999999999953,1346.8960000000416
2020-12-17,134.37299999999848,460.7270000000201,767.7190000000232,595.0999999999955,1362.8190000000418
2020-12-18,134.37299999999848,460.7270000000201,767.7190000000232,595.0999999999955,1362.8190000000418
2020-12-21,134.37299999999848,460.7270000000201,767.7190000000232,595.0999999999955,1362.8190000000418
2020-12-22,134.37299999999848,460.7270000000201,767.7190000000232,595.0999999999955,1362.8190000000418
2020-12-23,134.37299999999848,460.7270000000201,767.7190000000232,595.0999999999955,1362.8190000000418
2020-12-24,134.37299999999848,460.7270000000201,767.7190000000232,595.0999999999955,1362.8190000000418
2020-12-28,127.6699999999982,435.6170000000199,767.7190000000232,563.286999999995,1331.0060000000412
2020-12-29,127.6699999999982,435.6170000000199,767.7190000000232,563.286999999995,1331.0060000000412
2020-12-30,127.6699999999982,435.6170000000199,767.7190000000232,563.286999999995,1331.0060000000412
2020-12-31,120.29999999999826,439.1000000000198,767.7190000000232,559.399999999995,1327.1190000000413
2021-01-04,151.52999999999824,469.3130000000197,789.2620000000234,620.8429999999948,1410.1050000000412
2021-01-05,151.52999999999824,476.88000000001966,789.2620000000234,628.4099999999949,1417.6720000000412
2021-01-06,167.26099999999818,444.59000000001964,789.2620000000234,611.8509999999948,1401.1130000000412
2021-01-07,169.14399999999816,433.69300000001965,789.2620000000234,602.8369999999948,1392.0990000000413
2021-01-08,213.1789999999982,433.69300000001965,830.1860000000233,646.8719999999948,1477.0580000000414
2021-01-11,211.8459999999983,433.69300000001965,830.1860000000233,645.538999999995,1475.7250000000415
2021-01-12,201.84599999999847,433.69300000001965,830.1860000000233,635.5389999999952,1465.7250000000417
2021-01-13,201.84599999999847,433.69300000001965,830.1860000000233,635.5389999999952,1465.7250000000417
2021-01-14,201.84599999999847,434.61000000001974,830.1860000000233,636.4559999999954,1466.642000000042
2021-01-15,203.43499999999858,455.5600000000197,830.1860000000233,658.9949999999955,1489.181000000042
2021-01-18,192.05799999999857,428.01000000001966,830.1860000000233,620.0679999999954,1450.254000000042
2021-01-19,192.05799999999857,425.2310000000198,830.1860000000233,617.2889999999956,1447.475000000042
2021-01-20,189.2879999999985,396.14800000001986,831.2060000000233,585.4359999999956,1416.642000000042
2021-01-21,185.1859999999986,396.14800000001986,831.2060000000233,581.3339999999957,1412.540000000042
2021-01-22,180.67399999999859,391.1920000000197,831.2060000000233,571.8659999999956,1403.072000000042
2021-01-25,180.67399999999859,392.0590000000196,831.2060000000233,572.7329999999955,1403.939000000042
2021-01-26,180.67399999999859,395.9590000000196,831.2060000000233,576.6329999999956,1407.839000000042
2021-01-27,180.67399999999859,406.2220000000195,827.3310000000233,586.8959999999955,1414.227000000042
2021-01-28,165.05399999999864,403.7920000000196,827.3310000000233,568.8459999999957,1396.1770000000422
2021-01-29,155.92499999999845,405.6220000000197,827.3310000000233,561.5469999999956,1388.8780000000422
2021-02-01,155.92499999999845,402.4940000000197,827.3310000000233,558.4189999999957,1385.7500000000423
2021-02-02,152.29299999999856,424.00400000001963,824.2530000000233,576.2969999999957,1400.5500000000422
2021-02-03,152.29299999999856,427.29400000001954,824.2530000000233,579.5869999999957,1403.8400000000422
2021-02-04,179.73299999999855,467.75100000001936,857.4040000000234,647.4839999999955,1504.888000000042
2021-02-05,179.7099999999986,452.18100000001937,857.4040000000234,631.8909999999955,1489.2950000000421
2021-02-08,193.0569999999985,440.10300000001934,857.4040000000234,633.1599999999954,1490.5640000000421
2021-02-09,195.6069999999984,440.10300000001934,857.4040000000234,635.7099999999954,1493.114000000042
2021-02-10,195.6069999999984,440.10300000001934,857.4040000000234,635.7099999999954,1493.114000000042
2021-02-11,193.70399999999833,440.10300000001934,857.4040000000234,633.8069999999954,1491.211000000042
2021-02-12,191.36299999999838,435.8030000000193,857.4040000000234,627.1659999999954,1484.5700000000422
2021-02-15,191.36299999999838,435.8030000000193,857.4040000000234,627.1659999999954,1484.5700000000422
2021-02-16,174.2639999999984,447.6030000000192,869.2040000000234,621.8669999999953,1491.071000000042
2021-02-17,186.3039999999983,461.0730000000192,873.2040000000234,647.3769999999952,1520.5810000000417
2021-02-18,186.3039999999983,464.3530000000191,873.2040000000234,650.6569999999952,1523.8610000000417
2021-02-19,186.3039999999983,453.62200000001906,873.2040000000234,639.9259999999952,1513.1300000000417
2021-02-22,204.23699999999823,428.5100000000189,873.2040000000234,632.746999999995,1505.9510000000416
2021-02-23,198.65699999999825,428.5100000000189,867.1340000000234,627.166999999995,1494.3010000000418
2021-02-24,181.9599999999983,411.1230000000189,867.1340000000234,593.0829999999951,1460.217000000042
2021-02-25,181.9599999999983,422.65300000001906,867.1340000000234,604.6129999999953,1471.7470000000421
2021-02-26,210.14999999999833,465.34300000001906,900.4440000000234,675.4929999999953,1575.937000000042
2021-03-01,210.14999999999833,480.593000000019,900.4440000000234,690.7429999999953,1591.187000000042
2021-03-02,210.14999999999833,472.1730000000189,900.4440000000234,682.3229999999952,1582.767000000042
2021-03-03,210.14999999999833,494.11400000001885,900.4440000000234,704.2639999999952,1604.708000000042
2021-03-04,210.14999999999833,506.8780000000187,893.8840000000234,717.0279999999951,1610.9120000000419
2021-03-05,210.14999999999833,502.7550000000186,893.8840000000234,712.9049999999951,1606.7890000000418
2021-03-08,209.37699999999836,529.6950000000186,893.8840000000234,739.0719999999951,1632.956000000042
2021-03-09,223.4439999999983,497.9140000000186,893.8840000000234,721.3579999999951,1615.242000000042
2021-03-10,220.35799999999824,488.03300000001843,898.9510000000234,708.3909999999948,1607.3420000000417
2021-03-11,212.45699999999835,488.03300000001843,895.6520000000235,700.489999999995,1596.142000000042
2021-03-12,200.51099999999838,470.68300000001824,895.6520000000235,671.1939999999948,1566.8460000000418
2021-03-15,204.5209999999983,470.68300000001824,895.6520000000235,675.2039999999948,1570.8560000000418
2021-03-16,204.5209999999983,470.68300000001824,895.6520000000235,675.2039999999948,1570.8560000000418
2021-03-17,204.5209999999983,470.68300000001824,890.8890000000235,675.2039999999948,1566.093000000042
2021-03-18,188.06799999999828,470.68300000001824,866.2190000000235,658.7509999999949,1524.9700000000419
2021-03-19,188.06799999999828,470.68300000001824,866.2190000000235,658.7509999999949,1524.9700000000419
2021-03-22,188.06799999999828,470.68300000001824,866.2190000000235,658.7509999999949,1524.9700000000419
2021-03-23,188.06799999999828,470.68300000001824,866.2190000000235,658.7509999999949,1524.9700000000419
2021-03-24,188.06799999999828,470.68300000001824,866.2190000000235,658.7509999999949,1524.9700000000419
2021-03-25,188.06799999999828,470.68300000001824,866.2190000000235,658.7509999999949,1524.9700000000419
2021-03-26,188.06799999999828,470.68300000001824,866.2190000000235,658.7509999999949,1524.9700000000419
2021-03-29,188.0549999999983,470.68300000001824,865.6160000000236,658.7379999999949,1524.354000000042
2021-03-30,217.29499999999825,481.3030000000183,894.7460000000237,698.597999999995,1593.3440000000421
2021-03-31,217.83499999999836,456.48600000001824,880.5490000000239,674.320999999995,1554.8700000000422
2021-04-01,239.33199999999837,456.48600000001824,880.5490000000239,695.8179999999951,1576.3670000000423
2021-04-05,239.33199999999837,456.48600000001824,880.5490000000239,695.8179999999951,1576.3670000000423
2021-04-06,239.33199999999837,456.48600000001824,888.4290000000237,695.8179999999951,1584.2470000000421
2021-04-07,239.33199999999837,456.48600000001824,882.5380000000239,695.8179999999951,1578.3560000000423
2021-04-08,239.96199999999843,456.48600000001824,888.3350000000239,696.4479999999952,1584.7830000000424
2021-04-09,242.11899999999852,456.48600000001824,871.445000000024,698.6049999999954,1570.0500000000427
2021-04-12,242.11899999999852,456.48600000001824,871.445000000024,698.6049999999954,1570.0500000000427
2021-04-13,242.11899999999852,456.48600000001824,871.445000000024,698.6049999999954,1570.0500000000427
2021-04-14,242.11899999999852,456.48600000001824,871.445000000024,698.6049999999954,1570.0500000000427
2021-04-15,251.1089999999987,466.53600000001836,871.2550000000242,717.6449999999957,1588.900000000043
2021-04-16,262.16899999999885,478.4930000000184,883.2120000000243,740.6619999999958,1623.8740000000432
2021-04-19,262.16899999999885,473.8000000000184,883.2120000000243,735.9689999999958,1619.1810000000432
2021-04-20,256.2889999999987,479.51000000001835,883.2120000000243,735.7989999999957,1619.0110000000432
2021-04-21,256.2889999999987,495.5600000000185,883.2120000000243,751.8489999999958,1635.0610000000434
2021-04-22,256.2889999999987,484.82700000001824,883.2120000000243,741.1159999999957,1624.3280000000432
2021-04-23,256.2889999999987,477.1000000000183,883.2120000000243,733.3889999999958,1616.6010000000433
2021-04-26,256.2889999999987,479.2870000000184,883.2120000000243,735.5759999999959,1618.7880000000434
2021-04-27,256.2889999999987,474.08400000001836,883.2120000000243,730.372999999996,1613.5850000000435
2021-04-28,248.72899999999868,474.08400000001836,870.6690000000244,722.812999999996,1593.4820000000436
2021-04-29,222.52899999999877,464.6170000000182,853.4690000000246,687.145999999996,1540.6150000000437
2021-04-30,222.52899999999877,464.6170000000182,853.4690000000246,687.145999999996,1540.6150000000437
2021-05-03,229.84099999999862,463.9890000000182,850.5290000000246,693.8299999999958,1544.3590000000434
2021-05-04,219.95999999999867,449.91200000001817,850.5290000000246,669.8719999999959,1520.4010000000433
2021-05-05,214.41999999999865,449.91200000001817,850.5290000000246,664.3319999999959,1514.8610000000433
2021-05-06,238.54399999999862,471.5520000000182,852.8890000000247,710.0959999999959,1562.9850000000433
2021-05-07,254.45699999999857,489.3390000000182,870.6760000000247,743.7959999999958,1614.4720000000432
2021-05-10,254.45699999999857,494.3190000000184,870.6760000000247,748.7759999999961,1619.4520000000434
2021-05-11,243.1169999999986,496.38900000001826,870.6760000000247,739.505999999996,1610.1820000000434
2021-05-12,247.58699999999857,478.8090000000183,870.6760000000247,726.395999999996,1597.0720000000435
2021-05-13,242.25899999999854,483.8290000000184,857.7060000000247,726.0879999999961,1583.7940000000435
2021-05-14,241.70899999999853,501.10900000001834,857.7060000000247,742.817999999996,1600.5240000000435
2021-05-17,241.2789999999986,520.8490000000183,858.4230000000246,762.1279999999961,1620.5510000000434
2021-05-18,239.63899999999867,523.7390000000185,861.3130000000247,763.3779999999962,1624.6910000000435
2021-05-19,225.7219999999987,525.1460000000186,842.7230000000247,750.8679999999963,1593.5910000000436
2021-05-20,225.7219999999987,535.2870000000185,842.7230000000247,761.0089999999961,1603.7320000000434
2021-05-21,225.7219999999987,538.3610000000185,842.7230000000247,764.0829999999962,1606.8060000000435
2021-05-24,225.7219999999987,540.3710000000185,842.7230000000247,766.0929999999962,1608.8160000000435
2021-05-25,225.7219999999987,559.3070000000187,844.3690000000249,785.0289999999964,1629.3980000000438
2021-05-26,227.8789999999988,556.8140000000187,841.876000000025,784.6929999999965,1626.5690000000438
2021-05-27,225.08299999999892,557.9440000000188,841.876000000025,783.0269999999966,1624.9030000000441
2021-05-28,212.692999999999,565.284000000019,841.876000000025,777.9769999999968,1619.8530000000444
2021-05-31,212.692999999999,568.424000000019,841.876000000025,781.1169999999968,1622.9930000000445
2021-06-01,213.46599999999884,560.6940000000191,841.876000000025,774.1599999999967,1616.0360000000444
2021-06-02,206.34299999999897,570.1240000000191,841.876000000025,776.4669999999968,1618.3430000000446
2021-06-03,228.76999999999904,532.5910000000192,852.306000000025,761.3609999999969,1613.6670000000447
2021-06-04,208.54999999999896,539.6310000000192,831.7460000000251,748.1809999999967,1579.9270000000445
2021-06-07,208.54999999999896,549.2580000000194,831.7460000000251,757.8079999999969,1589.5540000000447
2021-06-08,203.5399999999989,543.6980000000194,831.7460000000251,747.2379999999969,1578.9840000000447
2021-06-09,203.5399999999989,543.6980000000194,831.7460000000251,747.2379999999969,1578.9840000000447
2021-06-10,189.80999999999906,543.6980000000194,831.7460000000251,733.5079999999971,1565.254000000045
2021-06-11,189.23999999999927,521.3680000000193,830.2860000000253,710.6079999999971,1540.894000000045
2021-06-14,201.21999999999923,521.3680000000193,839.3770000000252,722.5879999999971,1561.965000000045
2021-06-15,201.21999999999923,521.3680000000193,847.0330000000254,722.5879999999971,1569.6210000000451
2021-06-16,204.53699999999918,521.3680000000193,873.2160000000254,725.9049999999971,1599.1210000000451
2021-06-17,246.64699999999903,527.6080000000193,919.6260000000254,774.2549999999969,1693.8810000000449
2021-06-18,221.0239999999989,541.3780000000193,933.3960000000254,762.4019999999967,1695.7980000000446
2021-06-21,221.0239999999989,526.4480000000192,918.4660000000254,747.4719999999967,1665.9380000000444
2021-06-22,221.0239999999989,535.1280000000193,918.4660000000254,756.1519999999967,1674.6180000000445
2021-06-23,205.2039999999989,538.6810000000194,918.4660000000254,743.8849999999968,1662.3510000000447
2021-06-24,205.2039999999989,543.9410000000194,918.4660000000254,749.1449999999968,1667.6110000000447
2021-06-25,199.9709999999989,540.4810000000193,918.4660000000254,740.4519999999967,1658.9180000000447
2021-06-28,199.9709999999989,534.1840000000195,918.4660000000254,734.1549999999969,1652.621000000045
2021-06-29,199.9709999999989,546.1640000000195,926.5160000000253,746.1349999999969,1672.6510000000449
2021-06-30,197.17099999999888,537.6440000000196,915.5760000000255,734.8149999999969,1650.3910000000449
2021-07-01,203.85799999999895,530.6340000000196,915.5760000000255,734.4919999999969,1650.068000000045
2021-07-02,209.06799999999893,530.6340000000196,915.9330000000255,739.7019999999969,1655.635000000045
2021-07-05,209.06799999999893,530.6340000000196,915.9330000000255,739.7019999999969,1655.635000000045
2021-07-06,207.514999999999,530.6340000000196,916.6430000000255,738.148999999997,1654.7920000000452
2021-07-07,207.514999999999,530.6340000000196,916.6430000000255,738.148999999997,1654.7920000000452
2021-07-08,207.514999999999,530.6340000000196,895.7930000000256,738.148999999997,1633.9420000000453
2021-07-09,207.514999999999,530.6340000000196,895.7930000000256,738.148999999997,1633.9420000000453
2021-07-12,207.514999999999,530.6340000000196,895.7930000000256,738.148999999997,1633.9420000000453
2021-07-13,203.97499999999897,530.6340000000196,895.7930000000256,734.6089999999971,1630.4020000000453
2021-07-14,207.29499999999885,530.6340000000196,894.3830000000255,737.928999999997,1632.3120000000451
2021-07-15,202.9249999999989,530.6340000000196,896.2200000000255,733.5589999999971,1629.7790000000452
2021-07-16,210.7679999999987,530.6340000000196,896.2200000000255,741.401999999997,1637.622000000045
2021-07-19,206.71799999999868,530.6340000000196,896.2200000000255,737.351999999997,1633.5720000000451
2021-07-20,188.16499999999888,530.6340000000196,896.2200000000255,718.7989999999972,1615.0190000000453
2021-07-21,193.50499999999897,530.6340000000196,896.2200000000255,724.1389999999974,1620.3590000000454
2021-07-22,192.64499999999902,530.6340000000196,896.2200000000255,723.2789999999975,1619.4990000000455
2021-07-23,187.79799999999898,530.6340000000196,896.2200000000255,718.4319999999975,1614.6520000000455
2021-07-26,188.0679999999989,530.6340000000196,896.2200000000255,718.7019999999975,1614.9220000000455
2021-07-27,182.52799999999888,530.6340000000196,896.2200000000255,713.1619999999975,1609.3820000000455
2021-07-28,182.52799999999888,530.6340000000196,896.2200000000255,713.1619999999975,1609.3820000000455
2021-07-29,194.46599999999893,528.0940000000196,909.2400000000255,722.5599999999976,1631.8000000000454
2021-07-30,196.37599999999915,512.9340000000195,893.9900000000255,709.3099999999977,1603.3000000000454
2021-08-02,195.57599999999914,512.9340000000195,893.9900000000255,708.5099999999977,1602.5000000000455
2021-08-03,195.57599999999914,512.9340000000195,893.9900000000255,708.5099999999977,1602.5000000000455
2021-08-04,183.03799999999907,497.3740000000195,893.9900000000255,680.4119999999976,1574.4020000000455
2021-08-05,177.74799999999905,497.3740000000195,892.9300000000255,675.1219999999977,1568.0520000000456
2021-08-06,217.65499999999895,500.59600000001967,936.6430000000257,718.2509999999977,1654.8940000000457
2021-08-09,243.24799999999897,476.6360000000196,901.3200000000256,719.8839999999976,1621.2040000000454
2021-08-10,243.24799999999897,478.10600000001955,901.3200000000256,721.3539999999977,1622.6740000000455
2021-08-11,250.20799999999895,453.80600000001954,901.3200000000256,704.0139999999976,1605.3340000000455
2021-08-12,246.10299999999887,451.0350000000195,901.3200000000256,697.1379999999975,1598.4580000000456
2021-08-13,260.87999999999886,451.0350000000195,906.4800000000255,711.9149999999976,1618.3950000000455
2021-08-16,256.2399999999987,451.0350000000195,906.9000000000256,707.2749999999975,1614.1750000000454
2021-08-17,256.2399999999987,451.0350000000195,904.1090000000256,707.2749999999975,1611.3840000000455
2021-08-18,256.2399999999987,451.0350000000195,904.1090000000256,707.2749999999975,1611.3840000000455
2021-08-19,256.2399999999987,451.0350000000195,904.1090000000256,707.2749999999975,1611.3840000000455
2021-08-20,256.2399999999987,451.0350000000195,904.1090000000256,707.2749999999975,1611.3840000000455
2021-08-23,260.4769999999987,451.0350000000195,907.5690000000257,711.5119999999976,1619.0810000000456
2021-08-24,260.4769999999987,451.0350000000195,905.6490000000256,711.5119999999976,1617.1610000000455
2021-08-25,260.4769999999987,451.0350000000195,905.6490000000256,711.5119999999976,1617.1610000000455
2021-08-26,260.4769999999987,451.0350000000195,905.6490000000256,711.5119999999976,1617.1610000000455
2021-08-27,260.4769999999987,451.0350000000195,907.5290000000255,711.5119999999976,1619.0410000000454
2021-08-30,260.4769999999987,451.0350000000195,907.5290000000255,711.5119999999976,1619.0410000000454
2021-08-31,260.4769999999987,451.0350000000195,907.5290000000255,711.5119999999976,1619.0410000000454
2021-09-01,260.4769999999987,451.0350000000195,907.5290000000255,711.5119999999976,1619.0410000000454
2021-09-02,260.4769999999987,451.0350000000195,907.5290000000255,711.5119999999976,1619.0410000000454
2021-09-03,264.76699999999886,448.9460000000195,905.4400000000255,713.7129999999977,1619.1530000000455
2021-09-06,264.76699999999886,442.40600000001945,905.4400000000255,707.1729999999976,1612.6130000000455
2021-09-07,288.6469999999989,416.30500000001945,908.3390000000254,704.9519999999976,1613.2910000000454
2021-09-08,293.4329999999987,416.30500000001945,914.5690000000254,709.7379999999974,1624.3070000000453
2021-09-09,289.4839999999988,416.30500000001945,907.9350000000254,705.7889999999976,1613.7240000000454
2021-09-10,289.4839999999988,416.30500000001945,907.9350000000254,705.7889999999976,1613.7240000000454
2021-09-13,286.9009999999989,416.30500000001945,907.9350000000254,703.2059999999977,1611.1410000000456
2021-09-14,276.8009999999987,416.30500000001945,907.0610000000256,693.1059999999976,1600.1670000000456
2021-09-15,272.2379999999987,416.30500000001945,907.0610000000256,688.5429999999976,1595.6040000000457
2021-09-16,310.73399999999873,416.30500000001945,930.3400000000256,727.0389999999977,1657.3790000000458
2021-09-17,300.91399999999874,414.38400000001934,932.3100000000256,715.2979999999976,1647.6080000000456
2021-09-20,302.22399999999885,399.0340000000194,932.3100000000256,701.2579999999978,1633.568000000046
2021-09-21,303.090999999999,399.0340000000194,932.3100000000256,702.124999999998,1634.435000000046
2021-09-22,303.090999999999,399.0340000000194,932.3100000000256,702.124999999998,1634.435000000046
2021-09-23,303.090999999999,399.91800000001933,932.3100000000256,703.008999999998,1635.3190000000461
2021-09-24,303.090999999999,397.5580000000194,932.3100000000256,700.6489999999981,1632.9590000000462
2021-09-27,294.9649999999992,396.15800000001946,932.3100000000256,691.1229999999983,1623.4330000000466
2021-09-28,289.0479999999992,413.8880000000194,936.8900000000256,702.9359999999983,1639.8260000000464
2021-09-29,273.4049999999991,422.27800000001946,945.2800000000257,695.6829999999983,1640.9630000000463
2021-09-30,290.3349999999991,393.56000000001933,945.2800000000257,683.8949999999982,1629.1750000000463
2021-10-01,293.8449999999993,393.56000000001933,945.2800000000257,687.4049999999984,1632.6850000000466
2021-10-04,283.7879999999992,393.56000000001933,947.2600000000259,677.3479999999984,1624.6080000000468
2021-10-05,283.7879999999992,393.56000000001933,938.4170000000258,677.3479999999984,1615.7650000000467
2021-10-06,283.7879999999992,393.56000000001933,938.4170000000258,677.3479999999984,1615.7650000000467
2021-10-07,278.3109999999993,393.56000000001933,938.4170000000258,671.8709999999985,1610.2880000000468
2021-10-08,261.04099999999926,393.56000000001933,921.1470000000259,654.6009999999985,1575.7480000000469
2021-10-11,261.04099999999926,393.56000000001933,921.1470000000259,654.6009999999985,1575.7480000000469
2021-10-12,261.04099999999926,393.56000000001933,921.1470000000259,654.6009999999985,1575.7480000000469
2021-10-13,262.93499999999915,393.56000000001933,931.1470000000259,656.4949999999984,1587.6420000000467
2021-10-14,266.70099999999917,393.56000000001933,934.3930000000257,660.2609999999985,1594.6540000000466
2021-10-15,285.40099999999916,393.56000000001933,916.5800000000258,678.9609999999985,1595.5410000000468
2021-10-18,281.43699999999916,393.56000000001933,916.5800000000258,674.9969999999986,1591.5770000000468
2021-10-19,271.28699999999924,393.56000000001933,916.5800000000258,664.8469999999987,1581.427000000047
2021-10-20,266.19299999999913,393.56000000001933,916.5800000000258,659.7529999999987,1576.333000000047
2021-10-21,266.19299999999913,393.56000000001933,916.5800000000258,659.7529999999987,1576.333000000047
2021-10-22,266.319999999999,381.6200000000192,923.3400000000258,647.9399999999985,1571.2800000000466
2021-10-25,266.319999999999,389.66000000001935,923.3400000000258,655.9799999999987,1579.3200000000468
2021-10-26,269.213999999999,375.4540000000194,923.3400000000258,644.6679999999986,1568.0080000000469
2021-10-27,267.297999999999,379.77400000001927,923.3400000000258,647.0719999999985,1570.4120000000469
2021-10-28,267.297999999999,381.0340000000192,923.3400000000258,648.3319999999985,1571.6720000000469
2021-10-29,277.631999999999,363.83800000001924,920.670000000026,641.4699999999985,1562.140000000047
2021-11-01,272.22799999999916,370.3320000000193,920.670000000026,642.5599999999988,1563.2300000000473
2021-11-02,272.22799999999916,366.5080000000192,920.670000000026,638.7359999999987,1559.4060000000472
2021-11-03,283.3379999999992,366.5080000000192,913.8400000000261,649.8459999999989,1563.6860000000474
2021-11-04,281.98799999999926,367.38800000001925,910.0640000000262,649.375999999999,1559.4400000000476
2021-11-05,287.62799999999925,392.5480000000193,927.2740000000263,680.175999999999,1607.4500000000476
2021-11-08,295.27799999999905,400.29300000001933,931.3190000000263,695.5709999999989,1626.8900000000474
2021-11-09,295.27799999999905,407.6480000000195,933.3840000000264,702.9259999999991,1636.3100000000477
2021-11-10,296.1679999999991,430.03300000001946,935.9840000000265,726.2009999999991,1662.1850000000477
2021-11-11,296.1679999999991,443.7630000000194,935.9840000000265,739.9309999999991,1675.9150000000477
2021-11-12,281.727999999999,446.9430000000194,935.9840000000265,728.670999999999,1664.6550000000477
2021-11-15,281.727999999999,444.2930000000193,935.9840000000265,726.0209999999989,1662.0050000000476
2021-11-16,286.897999999999,432.24000000001934,935.9840000000265,719.137999999999,1655.1220000000478
2021-11-17,277.4579999999991,448.4500000000193,935.9840000000265,725.9079999999991,1661.892000000048
2021-11-18,277.4579999999991,442.37400000001924,935.9840000000265,719.8319999999991,1655.816000000048
2021-11-19,268.76499999999925,429.5480000000194,942.4840000000265,698.3129999999994,1640.7970000000482
2021-11-22,306.0649999999994,429.5480000000194,982.0040000000265,735.6129999999996,1717.6170000000484
2021-11-23,324.9639999999992,429.5480000000194,1000.3170000000264,754.5119999999995,1754.8290000000482
2021-11-24,324.9639999999992,429.5480000000194,997.7540000000265,754.5119999999995,1752.2660000000483
2021-11-25,324.9639999999992,429.5480000000194,997.7540000000265,754.5119999999995,1752.2660000000483
2021-11-26,319.89699999999914,429.5480000000194,997.7540000000265,749.4449999999995,1747.1990000000483
2021-11-29,319.89699999999914,429.5480000000194,997.7540000000265,749.4449999999995,1747.1990000000483
2021-11-30,319.89699999999914,429.5480000000194,1000.6440000000264,749.4449999999995,1750.0890000000481
2021-12-01,319.89699999999914,429.5480000000194,1000.6440000000264,749.4449999999995,1750.0890000000481
2021-12-02,311.48999999999916,429.5480000000194,997.2420000000263,741.0379999999996,1738.2800000000482
2021-12-03,311.48999999999916,429.5480000000194,997.2420000000263,741.0379999999996,1738.2800000000482
2021-12-06,306.48699999999917,429.5480000000194,997.2420000000263,736.0349999999996,1733.2770000000482
2021-12-07,306.48699999999917,429.5480000000194,997.2420000000263,736.0349999999996,1733.2770000000482
2021-12-08,300.15799999999916,429.5480000000194,992.4020000000264,729.7059999999997,1722.1080000000484
2021-12-09,300.15799999999916,429.5480000000194,992.4020000000264,729.7059999999997,1722.1080000000484
2021-12-10,297.6679999999993,429.5480000000194,978.7420000000266,727.2159999999999,1705.9580000000487
2021-12-13,299.81799999999936,429.5480000000194,978.7420000000266,729.366,1708.1080000000488
2021-12-14,300.60099999999943,429.5480000000194,978.7420000000266,730.1490000000001,1708.891000000049
2021-12-15,299.18399999999946,429.5480000000194,963.1250000000266,728.7320000000002,1691.857000000049
2021-12-16,317.4539999999994,429.5480000000194,968.5520000000267,747.0020000000002,1715.5540000000492
2021-12-17,320.6869999999995,429.5480000000194,959.4120000000266,750.2350000000004,1709.6470000000493
2021-12-20,320.6869999999995,429.5480000000194,959.4120000000266,750.2350000000004,1709.6470000000493
2021-12-21,320.6869999999995,429.5480000000194,959.4120000000266,750.2350000000004,1709.6470000000493
2021-12-22,322.66699999999946,429.5480000000194,959.4120000000266,752.2150000000004,1711.6270000000493
2021-12-23,321.01699999999954,429.5480000000194,959.4120000000266,750.5650000000005,1709.9770000000494
2021-12-27,321.01699999999954,429.5480000000194,959.0620000000267,750.5650000000005,1709.6270000000495
2021-12-28,321.01699999999954,429.5480000000194,949.3260000000269,750.5650000000005,1699.8910000000496
2021-12-29,321.71699999999953,429.5480000000194,949.3260000000269,751.2650000000006,1700.5910000000497
2021-12-30,321.76999999999936,429.5480000000194,949.3260000000269,751.3180000000004,1700.6440000000496
2021-12-31,335.1059999999993,429.5480000000194,954.120000000027,764.6540000000005,1718.7740000000497
2022-01-03,345.49599999999936,429.5480000000194,954.120000000027,775.0440000000006,1729.1640000000498
2022-01-04,342.8519999999993,429.5480000000194,954.120000000027,772.4000000000005,1726.5200000000498
2022-01-05,342.8519999999993,429.5480000000194,954.120000000027,772.4000000000005,1726.5200000000498
2022-01-06,359.8879999999993,429.5480000000194,961.1300000000269,789.4360000000006,1750.5660000000498
2022-01-07,359.8879999999993,429.5480000000194,961.1300000000269,789.4360000000006,1750.5660000000498
2022-01-10,359.8879999999993,429.5480000000194,961.1300000000269,789.4360000000006,1750.5660000000498
2022-01-11,359.8879999999993,434.71100000001957,961.1300000000269,794.5990000000008,1755.72900000005
2022-01-12,359.8879999999993,441.2110000000195,963.620000000027,801.0990000000008,1764.71900000005
2022-01-13,359.8879999999993,437.5510000000196,963.620000000027,797.439000000001,1761.0590000000502
2022-01-14,359.8879999999993,432.8210000000195,963.620000000027,792.709000000001,1756.3290000000502
2022-01-17,359.8879999999993,427.77700000001954,963.620000000027,787.665000000001,1751.2850000000503
2022-01-18,346.8579999999995,423.4810000000196,961.530000000027,770.3390000000012,1731.8690000000506
2022-01-19,360.1279999999994,438.58700000001954,965.5160000000271,798.715000000001,1764.2310000000505
2022-01-20,358.7479999999995,437.79100000001966,965.5160000000271,796.5390000000012,1762.0550000000508
2022-01-21,350.4719999999996,430.50100000001964,965.5160000000271,780.9730000000013,1746.489000000051
2022-01-24,350.4719999999996,436.9570000000197,965.5160000000271,787.4290000000015,1752.945000000051
2022-01-25,350.4719999999996,440.5170000000196,965.5160000000271,790.9890000000014,1756.505000000051
2022-01-26,366.71199999999953,408.4700000000195,979.3260000000273,775.1820000000013,1754.508000000051
2022-01-27,390.5409999999994,408.4700000000195,999.6920000000273,799.0110000000012,1798.703000000051
2022-01-28,384.1609999999995,408.4700000000195,1002.9120000000273,792.6310000000013,1795.543000000051
2022-01-31,384.1609999999995,408.4700000000195,1002.9120000000273,792.6310000000013,1795.543000000051
2022-02-01,384.1609999999995,408.4700000000195,1002.9120000000273,792.6310000000013,1795.543000000051
2022-02-02,384.1609999999995,408.4700000000195,1002.9120000000273,792.6310000000013,1795.543000000051
2022-02-03,384.1609999999995,408.4700000000195,1002.9120000000273,792.6310000000013,1795.543000000051
2022-02-04,374.7839999999995,408.4700000000195,1002.9120000000273,783.2540000000014,1786.166000000051
2022-02-07,374.0979999999993,408.4700000000195,1004.1260000000273,782.5680000000012,1786.694000000051
2022-02-08,369.67399999999924,408.4700000000195,1004.1260000000273,778.1440000000013,1782.270000000051
2022-02-09,369.67399999999924,408.4700000000195,1004.1260000000273,778.1440000000013,1782.270000000051
2022-02-10,369.67399999999924,393.74000000001945,1004.1260000000273,763.4140000000012,1767.540000000051
2022-02-11,369.35399999999896,414.0700000000193,1007.8460000000273,783.4240000000009,1791.2700000000505
2022-02-14,364.68399999999883,426.07000000001926,1007.8460000000273,790.7540000000007,1798.6000000000504
2022-02-15,352.9539999999989,408.0800000000192,1007.8460000000273,761.0340000000008,1768.8800000000504
2022-02-16,352.9539999999989,427.18600000001913,1007.8460000000273,780.1400000000008,1787.9860000000504
2022-02-17,366.13399999999893,455.6660000000191,1010.3960000000272,821.8000000000008,1832.1960000000502
2022-02-18,366.13399999999893,452.284000000019,1010.3960000000272,818.4180000000007,1828.81400000005
2022-02-21,366.13399999999893,455.654000000019,1010.3960000000272,821.7880000000007,1832.1840000000502
2022-02-22,366.13399999999893,447.284000000019,1010.3960000000272,813.4180000000007,1823.81400000005
2022-02-23,366.13399999999893,458.01400000001917,1010.3960000000272,824.1480000000009,1834.5440000000503
2022-02-24,365.5239999999989,445.23800000001904,966.6670000000275,810.7620000000009,1777.4290000000506
2022-02-25,389.9889999999988,445.23800000001904,962.9230000000274,835.2270000000008,1798.1500000000503
2022-02-28,374.33399999999875,445.23800000001904,962.9230000000274,819.5720000000008,1782.4950000000504
2022-03-01,366.6449999999988,445.23800000001904,962.9230000000274,811.8830000000008,1774.8060000000505
2022-03-02,348.8509999999988,445.23800000001904,962.9230000000274,794.0890000000009,1757.0120000000506
2022-03-03,348.8509999999988,445.23800000001904,962.9230000000274,794.0890000000009,1757.0120000000506
2022-03-04,350.63599999999883,454.3530000000192,962.9580000000275,804.989000000001,1767.9470000000508
2022-03-07,346.33499999999884,462.0430000000192,962.9580000000275,808.3780000000011,1771.336000000051
2022-03-08,346.33499999999884,514.073000000019,974.0980000000274,860.4080000000008,1834.5060000000506
2022-03-09,369.1949999999989,514.073000000019,974.0980000000274,883.2680000000009,1857.3660000000507
2022-03-10,354.1449999999989,514.073000000019,974.0980000000274,868.218000000001,1842.3160000000507
2022-03-11,335.95299999999884,514.073000000019,953.1980000000275,850.026000000001,1803.2240000000509
2022-03-14,335.95299999999884,514.073000000019,964.0810000000275,850.026000000001,1814.107000000051
2022-03-15,364.50299999999896,514.073000000019,1000.4950000000275,878.5760000000012,1879.071000000051
2022-03-16,364.50299999999896,514.073000000019,988.4350000000276,878.5760000000012,1867.0110000000511
2022-03-17,359.2729999999991,514.073000000019,988.4350000000276,873.3460000000014,1861.7810000000513
2022-03-18,359.2729999999991,514.073000000019,988.4350000000276,873.3460000000014,1861.7810000000513
2022-03-21,359.2729999999991,514.073000000019,988.4350000000276,873.3460000000014,1861.7810000000513
2022-03-22,359.2729999999991,514.073000000019,988.4350000000276,873.3460000000014,1861.7810000000513
2022-03-23,357.457999999999,514.073000000019,988.4350000000276,871.5310000000013,1859.9660000000513
2022-03-24,373.05799999999886,514.073000000019,984.9350000000278,887.1310000000012,1872.0660000000514
2022-03-25,373.05799999999886,514.073000000019,976.7590000000279,887.1310000000012,1863.8900000000515
2022-03-28,385.087999999999,514.073000000019,976.7590000000279,899.1610000000014,1875.9200000000517
2022-03-29,386.547999999999,502.3930000000191,970.714000000028,888.9410000000015,1859.6550000000518
2022-03-30,395.8329999999988,502.3930000000191,970.714000000028,898.2260000000014,1868.9400000000517
2022-03-31,383.7229999999988,502.3930000000191,970.714000000028,886.1160000000015,1856.8300000000518
2022-04-01,383.7229999999988,502.3930000000191,970.714000000028,886.1160000000015,1856.8300000000518
2022-04-04,383.7229999999988,502.3930000000191,970.714000000028,886.1160000000015,1856.8300000000518
2022-04-05,383.7229999999988,502.3930000000191,970.714000000028,886.1160000000015,1856.8300000000518
2022-04-06,383.7229999999988,502.3930000000191,970.714000000028,886.1160000000015,1856.8300000000518
2022-04-07,387.25299999999874,502.3930000000191,970.714000000028,889.6460000000014,1860.3600000000517
2022-04-08,401.01299999999867,502.3930000000191,970.714000000028,903.4060000000014,1874.1200000000517
2022-04-11,394.46899999999874,502.3930000000191,967.051000000028,896.8620000000016,1863.9130000000519
2022-04-12,388.90399999999863,502.3930000000191,959.9670000000282,891.2970000000015,1851.264000000052
2022-04-13,388.90399999999863,502.3930000000191,959.9670000000282,891.2970000000015,1851.264000000052
2022-04-14,369.02399999999864,502.3930000000191,959.9670000000282,871.4170000000015,1831.384000000052
2022-04-18,363.6239999999987,502.3930000000191,944.9410000000283,866.0170000000016,1810.9580000000524
2022-04-19,391.1709999999987,502.3930000000191,944.9410000000283,893.5640000000017,1838.5050000000524
2022-04-20,388.0909999999985,502.3930000000191,936.7120000000283,890.4840000000015,1827.1960000000522
2022-04-21,388.0909999999985,502.3930000000191,936.7120000000283,890.4840000000015,1827.1960000000522
2022-04-22,387.59499999999855,502.3930000000191,939.0050000000284,889.9880000000016,1828.9930000000525
2022-04-25,419.9499999999985,511.6880000000191,964.8600000000284,931.6380000000016,1896.4980000000523
2022-04-26,419.9499999999985,509.70300000001913,962.8750000000285,929.6530000000017,1892.5280000000525
2022-04-27,419.9499999999985,527.4900000000191,962.8750000000285,947.4400000000018,1910.3150000000526
2022-04-28,410.84499999999844,516.0800000000193,962.8750000000285,926.9250000000018,1889.8000000000527
2022-04-29,408.5449999999984,512.1400000000192,962.8750000000285,920.6850000000017,1883.5600000000527
2022-05-02,437.1349999999985,548.2000000000194,962.4750000000287,985.3350000000019,1947.810000000053
2022-05-03,437.1349999999985,545.4650000000195,959.7400000000288,982.600000000002,1942.3400000000531
2022-05-04,434.19499999999863,530.0900000000195,959.7400000000288,964.285000000002,1924.0250000000533
2022-05-05,426.1589999999985,534.5200000000195,959.7400000000288,960.6790000000019,1920.4190000000533
2022-05-06,426.1589999999985,531.1450000000195,959.7400000000288,957.3040000000019,1917.0440000000533
2022-05-09,426.1589999999985,555.5850000000196,959.7400000000288,981.744000000002,1941.4840000000534
2022-05-10,426.1589999999985,571.0780000000195,966.7730000000289,997.2370000000019,1964.0100000000534
2022-05-11,426.1589999999985,556.2130000000195,951.9080000000289,982.3720000000019,1934.2800000000534
2022-05-12,426.1589999999985,584.5930000000196,950.693000000029,1010.752000000002,1961.4450000000536
2022-05-13,426.1589999999985,593.7780000000198,959.8780000000291,1019.9370000000022,1979.815000000054
2022-05-16,421.8789999999985,578.1380000000199,959.8780000000291,1000.0170000000022,1959.895000000054
2022-05-17,411.6869999999984,586.25100000002,959.8780000000291,997.9380000000021,1957.8160000000541
2022-05-18,411.6869999999984,584.1710000000201,959.8780000000291,995.8580000000022,1955.7360000000542
2022-05-19,422.9309999999985,558.4010000000201,971.7080000000291,981.3320000000023,1953.040000000054
2022-05-20,417.3319999999983,558.4010000000201,974.1580000000291,975.7330000000021,1949.891000000054
2022-05-23,410.7419999999981,558.4010000000201,979.3780000000291,969.143000000002,1948.5210000000538
2022-05-24,410.7419999999981,558.4010000000201,978.402000000029,969.143000000002,1947.5450000000537
2022-05-25,410.7419999999981,558.4010000000201,967.0820000000291,969.143000000002,1936.2250000000538
2022-05-26,410.7419999999981,558.4010000000201,967.0820000000291,969.143000000002,1936.2250000000538
2022-05-27,410.7419999999981,558.4010000000201,967.0820000000291,969.143000000002,1936.2250000000538
2022-05-30,410.7419999999981,558.4010000000201,967.0820000000291,969.143000000002,1936.2250000000538
2022-05-31,410.7419999999981,558.4010000000201,967.0820000000291,969.143000000002,1936.2250000000538
2022-06-01,405.36599999999805,547.2810000000202,952.6270000000292,952.647000000002,1905.2740000000538
2022-06-02,417.11199999999786,547.2810000000202,958.0520000000291,964.3930000000018,1922.4450000000536
2022-06-03,415.3769999999981,547.2810000000202,938.8520000000293,962.6580000000021,1901.5100000000539
2022-06-06,410.44599999999815,547.2810000000202,938.8520000000293,957.7270000000021,1896.579000000054
2022-06-07,405.055999999998,547.2810000000202,938.8520000000293,952.337000000002,1891.189000000054
2022-06-08,405.055999999998,547.2810000000202,938.8520000000293,952.337000000002,1891.189000000054
2022-06-09,405.055999999998,547.2810000000202,938.8520000000293,952.337000000002,1891.189000000054
2022-06-10,361.1189999999982,514.6040000000203,910.6200000000292,875.7230000000023,1786.3430000000542
2022-06-13,363.24099999999817,522.2140000000204,887.4450000000293,885.4550000000024,1772.9000000000542
2022-06-14,372.8659999999981,534.5790000000204,899.8100000000293,907.4450000000023,1807.255000000054
2022-06-15,351.08599999999825,511.3790000000203,899.8100000000293,862.4650000000024,1762.275000000054
2022-06-16,351.08599999999825,478.63900000002025,899.8100000000293,829.7250000000024,1729.535000000054
2022-06-17,351.08599999999825,478.63900000002025,899.8100000000293,829.7250000000024,1729.535000000054
2022-06-20,351.08599999999825,478.63900000002025,899.8100000000293,829.7250000000024,1729.535000000054
2022-06-21,351.08599999999825,478.63900000002025,899.8100000000293,829.7250000000024,1729.535000000054
2022-06-22,351.08599999999825,466.32400000002013,899.8100000000293,817.4100000000024,1717.220000000054
2022-06-23,351.08599999999825,466.32400000002013,899.8100000000293,817.4100000000024,1717.220000000054
2022-06-24,345.1209999999983,466.0740000000201,897.3900000000294,811.1950000000023,1708.585000000054
2022-06-27,345.1209999999983,466.0740000000201,897.3900000000294,811.1950000000023,1708.585000000054
2022-06-28,345.1209999999983,468.42500000002013,897.3900000000294,813.5460000000024,1710.936000000054
2022-06-29,330.2789999999981,469.3950000000201,881.5120000000292,799.6740000000023,1681.1860000000536
2022-06-30,314.8649999999981,480.57900000002,887.316000000029,795.4440000000021,1682.7600000000532
2022-07-01,311.37399999999826,481.1290000000199,887.866000000029,792.5030000000022,1680.3690000000531
2022-07-04,305.6759999999983,483.16100000001995,887.866000000029,788.8370000000023,1676.7030000000532
2022-07-05,324.65699999999833,523.3500000000199,888.2730000000291,848.0070000000022,1736.2800000000532
2022-07-06,327.0279999999983,551.46000000002,916.3830000000293,878.4880000000023,1794.8710000000533
2022-07-07,327.0279999999983,549.6300000000201,914.5530000000293,876.6580000000024,1791.2110000000534
2022-07-08,327.0279999999983,547.7360000000201,914.5530000000293,874.7640000000024,1789.3170000000534
2022-07-11,327.0279999999983,558.8960000000202,914.5530000000293,885.9240000000025,1800.4770000000535
2022-07-12,327.0279999999983,566.4860000000203,914.5530000000293,893.5140000000026,1808.0670000000537
2022-07-13,319.5379999999985,558.7860000000203,887.5940000000292,878.3240000000027,1765.9180000000536
2022-07-14,327.12399999999843,583.8860000000204,887.5940000000292,911.0100000000027,1798.6040000000537
2022-07-15,327.12399999999843,588.5060000000205,887.5940000000292,915.6300000000028,1803.2240000000538
2022-07-18,324.28999999999854,589.6620000000207,887.5940000000292,913.9520000000031,1801.5460000000542
2022-07-19,318.3129999999984,585.2900000000209,887.5940000000292,903.603000000003,1791.1970000000542
2022-07-20,318.3129999999984,596.5680000000209,887.5940000000292,914.881000000003,1802.4750000000543
2022-07-21,316.1969999999985,572.6080000000209,865.2140000000292,888.8050000000031,1754.0190000000543
2022-07-22,323.15499999999855,572.6080000000209,871.690000000029,895.7630000000032,1767.4530000000543
2022-07-25,323.15499999999855,572.6080000000209,864.3900000000291,895.7630000000032,1760.1530000000544
2022-07-26,323.15499999999855,572.6080000000209,854.6900000000293,895.7630000000032,1750.4530000000545
2022-07-27,321.78099999999847,572.6080000000209,853.7460000000293,894.3890000000032,1748.1350000000546
2022-07-28,343.08699999999845,572.6080000000209,873.2660000000295,915.6950000000032,1788.9610000000548
2022-07-29,337.9569999999985,572.6080000000209,879.0620000000296,910.5650000000034,1789.627000000055
2022-08-01,337.9569999999985,572.6080000000209,886.4660000000296,910.5650000000034,1797.031000000055
2022-08-02,337.9569999999985,572.6080000000209,875.1040000000295,910.5650000000034,1785.669000000055
2022-08-03,337.9569999999985,572.6080000000209,875.1040000000295,910.5650000000034,1785.669000000055
2022-08-04,352.60199999999844,572.6080000000209,880.6140000000295,925.2100000000033,1805.8240000000549
2022-08-05,339.3739999999985,572.6080000000209,858.3600000000296,911.9820000000034,1770.342000000055
2022-08-08,336.0439999999985,572.6080000000209,858.3600000000296,908.6520000000035,1767.012000000055
2022-08-09,336.0439999999985,572.6080000000209,854.4860000000295,908.6520000000035,1763.138000000055
2022-08-10,326.4559999999985,560.5140000000208,854.4860000000295,886.9700000000033,1741.456000000055
2022-08-11,316.6459999999985,560.5140000000208,854.4860000000295,877.1600000000034,1731.646000000055
2022-08-12,316.6459999999985,560.4180000000208,854.4860000000295,877.0640000000034,1731.550000000055
2022-08-15,324.1419999999985,538.8780000000208,854.7420000000296,863.0200000000034,1717.762000000055
2022-08-16,327.36899999999855,538.8780000000208,857.1760000000296,866.2470000000035,1723.423000000055
2022-08-17,331.6689999999987,538.8780000000208,860.2220000000297,870.5470000000037,1730.7690000000553
2022-08-18,329.2949999999986,538.8780000000208,862.5460000000297,868.1730000000036,1730.7190000000553
2022-08-19,336.80499999999876,538.8780000000208,863.8860000000299,875.6830000000039,1739.5690000000557
2022-08-22,347.3149999999989,538.8780000000208,865.72600000003,886.1930000000041,1751.919000000056
2022-08-23,343.70499999999896,538.8780000000208,854.0020000000301,882.5830000000042,1736.5850000000562
2022-08-24,343.70499999999896,538.8780000000208,854.0020000000301,882.5830000000042,1736.5850000000562
2022-08-25,337.9949999999991,538.8780000000208,848.6760000000301,876.8730000000044,1725.5490000000564
2022-08-26,347.514999999999,538.8780000000208,848.6760000000301,886.3930000000043,1735.0690000000563
2022-08-29,348.16499999999905,538.8780000000208,834.3820000000302,887.0430000000044,1721.4250000000566
2022-08-30,343.0349999999991,538.8780000000208,834.3820000000302,881.9130000000046,1716.2950000000567
2022-08-31,336.66399999999896,538.8780000000208,838.1080000000301,875.5420000000045,1713.6500000000565
2022-09-01,336.66399999999896,547.3020000000208,854.2720000000301,883.9660000000044,1738.2380000000564
2022-09-02,339.58899999999886,532.9050000000209,837.3560000000301,872.4940000000043,1709.8500000000563
2022-09-05,339.58899999999886,532.9050000000209,837.3560000000301,872.4940000000043,1709.8500000000563
2022-09-06,323.18899999999894,540.325000000021,837.3560000000301,863.5140000000044,1700.8700000000565
2022-09-07,325.22799999999904,523.1610000000212,837.3560000000301,848.3890000000048,1685.7450000000567
2022-09-08,318.66799999999904,522.2070000000213,837.3560000000301,840.8750000000048,1678.2310000000568
2022-09-09,310.99799999999914,522.2070000000213,837.3560000000301,833.2050000000049,1670.561000000057
2022-09-12,306.05799999999925,522.2070000000213,827.3250000000302,828.2650000000051,1655.5900000000572
2022-09-13,306.05799999999925,523.2180000000214,827.3250000000302,829.2760000000053,1656.6010000000574
2022-09-14,306.05799999999925,529.2980000000214,827.3250000000302,835.3560000000052,1662.6810000000573
2022-09-15,306.05799999999925,562.5880000000213,850.5810000000303,868.6460000000052,1719.2270000000574
2022-09-16,306.05799999999925,551.7070000000213,839.7000000000302,857.7650000000051,1697.4650000000572
2022-09-19,306.05799999999925,539.5200000000214,839.7000000000302,845.5780000000052,1685.2780000000573
2022-09-20,306.05799999999925,539.5200000000214,839.7000000000302,845.5780000000052,1685.2780000000573
2022-09-21,293.8879999999991,539.5200000000214,839.7000000000302,833.4080000000051,1673.1080000000572
2022-09-22,293.8879999999991,539.5200000000214,839.7000000000302,833.4080000000051,1673.1080000000572
2022-09-23,292.98499999999905,539.6400000000215,839.8200000000303,832.6250000000051,1672.4450000000572
2022-09-26,282.1719999999991,542.9270000000215,843.1070000000303,825.0990000000052,1668.2060000000572
2022-09-27,282.1719999999991,542.6670000000215,834.1540000000304,824.8390000000052,1658.9930000000572
2022-09-28,295.40299999999905,542.6670000000215,834.1540000000304,838.0700000000052,1672.2240000000572
2022-09-29,279.401999999999,542.6670000000215,834.1540000000304,822.0690000000052,1656.2230000000573
2022-09-30,273.47499999999906,542.6670000000215,832.4340000000303,816.1420000000053,1648.5760000000573
2022-10-03,283.694999999999,543.7000000000214,863.8840000000304,827.3950000000051,1691.279000000057
2022-10-04,310.4979999999991,567.8930000000214,888.0770000000304,878.3910000000051,1766.468000000057
2022-10-05,310.4979999999991,558.7790000000214,878.9630000000303,869.277000000005,1748.2400000000569
2022-10-06,310.4979999999991,556.6310000000212,878.9630000000303,867.1290000000049,1746.0920000000567
2022-10-07,310.4979999999991,540.1310000000215,878.9630000000303,850.6290000000051,1729.592000000057
2022-10-10,327.9969999999993,540.1310000000215,892.3790000000303,868.1280000000054,1760.5070000000571
2022-10-11,329.15999999999923,540.1310000000215,894.4920000000303,869.2910000000054,1763.7830000000572
2022-10-12,329.15999999999923,540.1310000000215,894.4920000000303,869.2910000000054,1763.7830000000572
2022-10-13,311.146999999999,540.1310000000215,878.9850000000305,851.2780000000052,1730.2630000000572
2022-10-14,311.146999999999,540.1310000000215,878.9850000000305,851.2780000000052,1730.2630000000572
2022-10-17,300.0169999999991,540.1310000000215,878.9850000000305,840.1480000000054,1719.1330000000573
2022-10-18,300.0169999999991,540.1310000000215,878.9850000000305,840.1480000000054,1719.1330000000573
2022-10-19,313.546999999999,540.1310000000215,879.7040000000305,853.6780000000053,1733.3820000000574
2022-10-20,308.447999999999,540.1310000000215,862.7240000000307,848.5790000000054,1711.3030000000576
2022-10-21,308.509999999999,540.1310000000215,862.7240000000307,848.6410000000054,1711.3650000000578
2022-10-24,296.04999999999893,540.1310000000215,862.7240000000307,836.1810000000054,1698.9050000000577
2022-10-25,296.04999999999893,540.1310000000215,862.7240000000307,836.1810000000054,1698.9050000000577
2022-10-26,288.81999999999886,540.1310000000215,856.1640000000308,828.9510000000054,1685.1150000000578
2022-10-27,288.81999999999886,540.1310000000215,856.1640000000308,828.9510000000054,1685.1150000000578
2022-10-28,293.6699999999987,540.1310000000215,856.1640000000308,833.8010000000053,1689.9650000000577
2022-10-31,293.6699999999987,540.1310000000215,856.1640000000308,833.8010000000053,1689.9650000000577
2022-11-01,289.4799999999986,540.1310000000215,856.1640000000308,829.6110000000052,1685.7750000000576
2022-11-02,273.8489999999987,540.1310000000215,856.1640000000308,813.9800000000054,1670.1440000000578
2022-11-03,272.58799999999866,540.1310000000215,846.273000000031,812.7190000000054,1658.992000000058
2022-11-04,313.9069999999988,540.1310000000215,853.463000000031,854.0380000000056,1707.5010000000582
2022-11-07,312.1259999999988,540.1310000000215,853.463000000031,852.2570000000056,1705.7200000000582
2022-11-08,318.3959999999987,538.9720000000216,852.3040000000311,857.3680000000056,1709.6720000000582
2022-11-09,313.16599999999863,531.7920000000217,852.3040000000311,844.9580000000057,1697.2620000000584
2022-11-10,336.1369999999988,580.4820000000218,874.4250000000312,916.6190000000058,1791.0440000000585
2022-11-11,349.3759999999988,595.8930000000219,874.4250000000312,945.2690000000058,1819.6940000000586
2022-11-14,349.3759999999988,604.223000000022,874.4250000000312,953.599000000006,1828.0240000000588
2022-11-15,349.3759999999988,612.6920000000221,874.4250000000312,962.068000000006,1836.4930000000588
2022-11-16,349.3759999999988,605.8120000000222,874.4250000000312,955.1880000000061,1829.613000000059
2022-11-17,352.08599999999876,592.6220000000224,874.4250000000312,944.7080000000062,1819.1330000000592
2022-11-18,352.08599999999876,580.8430000000224,874.5750000000313,932.9290000000062,1807.5040000000592
2022-11-21,357.88699999999864,567.4340000000225,877.6040000000313,925.3210000000062,1802.925000000059
2022-11-22,357.88699999999864,566.5330000000226,877.6040000000313,924.4200000000063,1802.0240000000592
2022-11-23,347.4469999999985,573.2030000000227,877.6040000000313,920.6500000000062,1798.2540000000592
2022-11-24,347.4469999999985,575.2840000000227,877.6040000000313,922.7310000000062,1800.3350000000594
2022-11-25,347.4469999999985,575.8030000000227,877.6040000000313,923.2500000000063,1800.8540000000594
2022-11-28,347.4469999999985,559.7640000000226,877.6040000000313,907.2110000000062,1784.8150000000592
2022-11-29,347.4469999999985,559.7640000000226,877.6040000000313,907.2110000000062,1784.8150000000592
2022-11-30,347.4469999999985,561.6150000000227,879.4550000000314,909.0620000000063,1788.5170000000594
2022-12-01,367.0659999999986,591.3760000000229,904.2160000000316,958.4420000000065,1862.6580000000597
2022-12-02,354.04699999999855,585.885000000023,904.2160000000316,939.9320000000064,1844.1480000000597
2022-12-05,369.73599999999834,553.275000000023,904.2160000000316,923.0110000000062,1827.2270000000597
2022-12-06,360.32599999999843,553.275000000023,904.2160000000316,913.6010000000064,1817.8170000000598
2022-12-07,360.32599999999843,553.275000000023,904.2160000000316,913.6010000000064,1817.8170000000598
2022-12-08,360.32599999999843,553.275000000023,904.2160000000316,913.6010000000064,1817.8170000000598
2022-12-09,360.32599999999843,543.296000000023,904.2160000000316,903.6220000000063,1807.8380000000598
2022-12-12,361.9559999999985,543.296000000023,904.2160000000316,905.2520000000064,1809.4680000000599
2022-12-13,360.7559999999986,542.4430000000232,892.2730000000316,903.1990000000067,1795.47200000006
2022-12-14,358.0229999999986,537.5000000000232,892.2730000000316,895.5230000000066,1787.79600000006
2022-12-15,374.20999999999844,537.5000000000232,892.7730000000316,911.7100000000065,1804.48300000006
2022-12-16,375.15999999999843,537.5000000000232,892.7730000000316,912.6600000000066,1805.43300000006
2022-12-19,373.5529999999984,537.5000000000232,892.7730000000316,911.0530000000066,1803.82600000006
2022-12-20,388.86599999999845,539.3430000000233,892.7730000000316,928.2090000000067,1820.9820000000602
2022-12-21,385.75299999999834,536.1230000000232,892.7730000000316,921.8760000000065,1814.6490000000601
2022-12-22,396.67299999999835,512.8830000000232,892.7730000000316,909.5560000000064,1802.3290000000602
2022-12-23,391.28599999999835,512.8830000000232,892.7730000000316,904.1690000000065,1796.9420000000603
2022-12-27,394.36599999999845,500.71600000002303,892.7730000000316,895.0820000000064,1787.8550000000603
2022-12-28,392.8049999999985,492.349000000023,892.7730000000316,885.1540000000064,1777.9270000000604
2022-12-29,392.8049999999985,500.819000000023,892.7730000000316,893.6240000000064,1786.3970000000604
2022-12-30,392.8049999999985,509.0890000000229,892.7730000000316,901.8940000000064,1794.6670000000604
2023-01-03,387.8249999999986,517.4190000000228,892.1630000000317,905.2440000000064,1797.4070000000604
2023-01-04,374.19199999999853,535.969000000023,888.8960000000319,910.1610000000064,1799.0570000000605
2023-01-05,375.8189999999984,514.0790000000231,888.8960000000319,889.8980000000064,1778.7940000000606
2023-01-06,379.14199999999846,547.8620000000233,888.8960000000319,927.0040000000065,1815.9000000000608
2023-01-09,380.59199999999845,549.0220000000234,880.583000000032,929.6140000000065,1810.1970000000608
2023-01-10,380.59199999999845,556.3020000000233,880.583000000032,936.8940000000065,1817.4770000000608
2023-01-11,380.59199999999845,555.3750000000234,880.583000000032,935.9670000000066,1816.550000000061
2023-01-12,363.05499999999836,576.5250000000235,879.083000000032,939.5800000000065,1818.6630000000607
2023-01-13,362.1119999999983,598.7580000000237,887.8440000000322,960.8700000000066,1848.7140000000609
2023-01-16,350.5449999999985,596.1100000000237,887.8440000000322,946.6550000000068,1834.499000000061
2023-01-17,341.86499999999836,590.1980000000237,887.8440000000322,932.0630000000067,1819.9070000000609
2023-01-18,328.0819999999984,584.6750000000238,887.8440000000322,912.7570000000068,1800.601000000061
2023-01-19,319.22199999999816,610.9980000000239,887.8440000000322,930.2200000000066,1818.0640000000608
2023-01-20,314.00899999999814,606.1610000000239,887.8440000000322,920.1700000000066,1808.0140000000608
2023-01-23,300.03899999999805,609.7710000000241,887.8440000000322,909.8100000000065,1797.654000000061
2023-01-24,292.4959999999981,616.0040000000242,887.8440000000322,908.5000000000067,1796.3440000000612
2023-01-25,278.9659999999983,625.4540000000243,887.8440000000322,904.4200000000069,1792.2640000000615
2023-01-26,282.3189999999981,606.4940000000245,887.8440000000322,888.8130000000068,1776.6570000000615
2023-01-27,281.66899999999816,606.4940000000245,882.5110000000324,888.163000000007,1770.6740000000618
2023-01-30,281.66899999999816,606.4940000000245,884.7480000000322,888.163000000007,1772.9110000000617
2023-01-31,275.788999999998,606.4940000000245,878.0780000000324,882.2830000000068,1760.3610000000617
2023-02-01,271.93899999999803,606.4940000000245,878.0780000000324,878.4330000000069,1756.5110000000618
2023-02-02,274.10599999999806,606.4940000000245,877.0510000000326,880.600000000007,1757.651000000062
2023-02-03,321.13299999999805,606.4940000000245,927.1780000000327,927.627000000007,1854.8050000000621
2023-02-06,311.32299999999805,606.4940000000245,924.0750000000327,917.817000000007,1841.8920000000621
2023-02-07,311.32299999999805,606.4940000000245,922.1650000000326,917.817000000007,1839.982000000062
2023-02-08,311.32299999999805,606.4940000000245,919.4550000000326,917.817000000007,1837.272000000062
2023-02-09,311.32299999999805,606.4940000000245,924.6750000000326,917.817000000007,1842.492000000062
2023-02-10,296.13299999999793,606.4940000000245,922.5620000000328,902.627000000007,1825.1890000000622
2023-02-13,296.13299999999793,606.4940000000245,923.1520000000329,902.627000000007,1825.7790000000623
2023-02-14,296.13299999999793,606.4940000000245,919.3020000000328,902.627000000007,1821.9290000000622
2023-02-15,293.8329999999979,606.4940000000245,925.1020000000327,900.327000000007,1825.4290000000622
2023-02-16,293.8329999999979,606.4940000000245,917.1120000000327,900.327000000007,1817.4390000000622
2023-02-17,294.60299999999785,592.6440000000246,899.3620000000327,887.247000000007,1786.609000000062
2023-02-20,295.5319999999978,592.6440000000246,899.3620000000327,888.176000000007,1787.538000000062
2023-02-21,295.4229999999978,592.6440000000246,899.3620000000327,888.0670000000069,1787.429000000062
2023-02-22,295.4229999999978,601.5640000000246,899.3620000000327,896.987000000007,1796.349000000062
2023-02-23,295.4229999999978,602.9510000000248,899.3620000000327,898.3740000000072,1797.7360000000622
2023-02-24,295.4229999999978,614.9610000000248,901.0210000000326,910.3840000000072,1811.405000000062
2023-02-27,294.28399999999783,609.1310000000249,901.0210000000326,903.4150000000072,1804.4360000000622
2023-02-28,291.56699999999785,599.5610000000249,901.0210000000326,891.1280000000073,1792.1490000000622
2023-03-01,301.7099999999978,599.5610000000249,903.3280000000326,901.2710000000073,1804.5990000000622
2023-03-02,301.7099999999978,599.5610000000249,903.3280000000326,901.2710000000073,1804.5990000000622
2023-03-03,313.01399999999785,599.5610000000249,914.9290000000327,912.5750000000074,1827.5040000000624
2023-03-06,308.30399999999776,599.5610000000249,907.4560000000328,907.8650000000074,1815.3210000000624
2023-03-07,328.6639999999976,599.751000000025,910.9460000000328,928.4150000000072,1839.3610000000622
2023-03-08,324.7009999999976,600.021000000025,910.9460000000328,924.7220000000071,1835.6680000000622
2023-03-09,330.04099999999744,600.021000000025,910.9460000000328,930.0620000000071,1841.008000000062
2023-03-10,366.4839999999976,600.021000000025,922.1660000000328,966.5050000000073,1888.6710000000623
2023-03-13,394.5449999999977,613.5640000000249,951.2460000000327,1008.1090000000072,1959.355000000062
2023-03-14,384.8549999999978,605.7350000000249,943.4170000000328,990.5900000000073,1934.0070000000621
2023-03-15,364.5349999999978,617.982000000025,951.2470000000327,982.5170000000073,1933.764000000062
2023-03-16,364.5349999999978,617.973000000025,951.2380000000327,982.5080000000073,1933.746000000062
2023-03-17,397.1249999999979,674.020000000025,982.2880000000326,1071.1450000000075,2053.433000000062
2023-03-20,396.8619999999979,673.6210000000251,955.6780000000327,1070.4830000000077,2026.161000000062
2023-03-21,422.6189999999979,635.2820000000252,955.6780000000327,1057.9010000000078,2013.579000000062
2023-03-22,413.8079999999977,636.8020000000251,955.6780000000327,1050.6100000000076,2006.2880000000619
2023-03-23,413.8079999999977,668.9460000000252,955.6780000000327,1082.7540000000076,2038.4320000000619
2023-03-24,413.8079999999977,652.8170000000252,955.6780000000327,1066.6250000000077,2022.303000000062
2023-03-27,428.3049999999975,633.6600000000253,955.6780000000327,1061.9650000000076,2017.6430000000619
2023-03-28,428.3049999999975,633.6600000000253,955.6780000000327,1061.9650000000076,2017.6430000000619
2023-03-29,428.3049999999975,633.6600000000253,955.6780000000327,1061.9650000000076,2017.6430000000619
2023-03-30,428.3049999999975,633.6600000000253,955.6780000000327,1061.9650000000076,2017.6430000000619
2023-03-31,428.3049999999975,633.6600000000253,955.6780000000327,1061.9650000000076,2017.6430000000619
2023-04-03,412.6549999999976,633.6600000000253,955.6780000000327,1046.3150000000078,2001.993000000062
2023-04-04,412.1049999999976,639.0730000000253,961.0910000000327,1051.1780000000078,2012.2690000000619
2023-04-05,412.1049999999976,639.3270000000255,961.3450000000329,1051.432000000008,2012.7770000000621
2023-04-06,412.1049999999976,639.3270000000255,961.3450000000329,1051.432000000008,2012.7770000000621
2023-04-10,418.6919999999975,639.3270000000255,961.3450000000329,1058.019000000008,2019.364000000062
2023-04-11,418.6919999999975,639.3270000000255,961.3450000000329,1058.019000000008,2019.364000000062
2023-04-12,418.6919999999975,639.3270000000255,961.3450000000329,1058.019000000008,2019.364000000062
2023-04-13,414.27499999999753,632.9770000000256,956.5350000000329,1047.2520000000081,2003.787000000062
2023-04-14,419.91199999999765,632.9770000000256,949.5160000000329,1052.8890000000083,2002.4050000000623
2023-04-17,401.4919999999977,632.9770000000256,948.743000000033,1034.4690000000085,1983.2120000000623
2023-04-18,401.4919999999977,632.9770000000256,938.7860000000329,1034.4690000000085,1973.2550000000622
2023-04-19,393.3889999999978,632.9770000000256,935.1060000000329,1026.3660000000086,1961.4720000000623
2023-04-20,393.3889999999978,632.9770000000256,935.1060000000329,1026.3660000000086,1961.4720000000623
2023-04-21,383.49499999999773,632.9770000000256,925.8050000000329,1016.4720000000086,1942.2770000000623
2023-04-24,383.49499999999773,632.9770000000256,925.8050000000329,1016.4720000000086,1942.2770000000623
2023-04-25,376.19399999999774,632.9770000000256,925.8050000000329,1009.1710000000087,1934.9760000000624
2023-04-26,363.0939999999978,632.9770000000256,925.8050000000329,996.0710000000088,1921.8760000000625
2023-04-27,363.0939999999978,632.9770000000256,925.8050000000329,996.0710000000088,1921.8760000000625
2023-04-28,363.0939999999978,632.9770000000256,925.8050000000329,996.0710000000088,1921.8760000000625
2023-05-01,337.1139999999979,632.9770000000256,905.7380000000331,970.0910000000089,1875.8290000000627
2023-05-02,348.28299999999786,632.9770000000256,909.2310000000331,981.2600000000089,1890.4910000000625
2023-05-03,344.40999999999775,632.9770000000256,928.5050000000332,977.3870000000088,1905.8920000000626
2023-05-04,318.8189999999978,617.1080000000254,916.1050000000331,935.9270000000087,1852.0320000000622
2023-05-05,334.6619999999978,617.1080000000254,916.1050000000331,951.7700000000087,1867.8750000000623
2023-05-08,325.5529999999978,617.1080000000254,916.1050000000331,942.6610000000087,1858.7660000000624
2023-05-09,325.5529999999978,617.1080000000254,916.1050000000331,942.6610000000087,1858.7660000000624
2023-05-10,307.50199999999774,617.1080000000254,916.1050000000331,924.6100000000087,1840.7150000000624
2023-05-11,306.1879999999976,617.1080000000254,916.1050000000331,923.2960000000086,1839.4010000000624
2023-05-12,304.0369999999975,608.7580000000255,916.954000000033,912.7950000000085,1829.749000000062
2023-05-15,304.0369999999975,608.7580000000255,916.954000000033,912.7950000000085,1829.749000000062
2023-05-16,318.3369999999974,614.5880000000254,930.014000000033,932.9250000000083,1862.9390000000617
2023-05-17,325.05799999999755,621.2340000000256,936.6600000000332,946.2920000000086,1882.952000000062
2023-05-18,334.6409999999976,646.5130000000258,961.9390000000334,981.1540000000088,1943.0930000000624
2023-05-19,321.9549999999973,628.5320000000258,941.7580000000333,950.4870000000085,1892.245000000062
2023-05-22,321.9549999999973,636.2410000000257,941.7580000000333,958.1960000000083,1899.9540000000618
2023-05-23,321.9549999999973,632.3000000000259,941.7580000000333,954.2550000000085,1896.013000000062
2023-05-24,315.6839999999973,649.8500000000261,918.5410000000333,965.5340000000086,1884.075000000062
2023-05-25,315.6839999999973,670.373000000026,921.6240000000331,986.0570000000085,1907.6810000000617
2023-05-26,315.6839999999973,664.822000000026,907.2430000000332,980.5060000000086,1887.7490000000619
2023-05-29,315.6839999999973,664.3420000000261,907.2430000000332,980.0260000000087,1887.269000000062
2023-05-30,314.41399999999726,647.831000000026,907.2430000000332,962.2450000000085,1869.488000000062
2023-05-31,310.6539999999972,639.2610000000261,911.5340000000332,949.9150000000085,1861.4490000000617
2023-06-01,310.6539999999972,639.2610000000261,923.1010000000332,949.9150000000085,1873.0160000000617
2023-06-02,302.17699999999724,642.504000000026,897.8250000000331,944.6810000000085,1842.5060000000615
2023-06-05,304.7059999999974,629.937000000026,897.8250000000331,934.6430000000086,1832.4680000000617
2023-06-06,304.8759999999974,629.937000000026,897.8250000000331,934.8130000000086,1832.6380000000618
2023-06-07,304.8759999999974,631.7270000000262,897.8250000000331,936.6030000000088,1834.428000000062
2023-06-08,311.2499999999974,608.6560000000263,897.8250000000331,919.9060000000088,1817.731000000062
2023-06-09,306.4199999999974,608.6560000000263,897.8250000000331,915.0760000000089,1812.9010000000621
2023-06-12,306.4199999999974,608.6560000000263,897.8250000000331,915.0760000000089,1812.9010000000621
2023-06-13,306.4199999999974,608.6560000000263,897.8250000000331,915.0760000000089,1812.9010000000621
2023-06-14,306.4199999999974,608.6560000000263,897.8250000000331,915.0760000000089,1812.9010000000621
2023-06-15,304.4799999999975,581.2860000000264,878.082000000033,885.7660000000091,1763.848000000062
2023-06-16,300.78999999999763,581.2860000000264,878.082000000033,882.0760000000092,1760.1580000000622
2023-06-19,300.78999999999763,581.2860000000264,878.082000000033,882.0760000000092,1760.1580000000622
2023-06-20,302.7799999999978,581.2860000000264,878.082000000033,884.0660000000095,1762.1480000000624
2023-06-21,302.7799999999978,575.9250000000266,878.082000000033,878.7050000000096,1756.7870000000626
2023-06-22,309.0189999999978,589.8350000000266,879.102000000033,898.8540000000096,1777.9560000000624
2023-06-23,293.7479999999977,584.0440000000265,863.4610000000329,877.7920000000094,1741.253000000062
2023-06-26,293.7479999999977,583.5040000000265,863.4610000000329,877.2520000000094,1740.713000000062
2023-06-27,293.7479999999977,591.8970000000265,863.4610000000329,885.6450000000094,1749.106000000062
2023-06-28,293.7479999999977,597.1260000000266,861.2210000000331,890.8740000000095,1752.0950000000623
2023-06-29,278.5579999999976,599.0290000000266,849.4210000000331,877.5870000000093,1727.008000000062
2023-06-30,280.08099999999746,586.8390000000268,849.4210000000331,866.9200000000093,1716.3410000000622
2023-07-03,263.50899999999746,582.2690000000268,844.4520000000333,845.7780000000093,1690.2300000000623
2023-07-04,258.9689999999974,582.2690000000268,842.1210000000333,841.2380000000093,1683.3590000000622
2023-07-05,257.75999999999743,582.2690000000268,832.0320000000332,840.0290000000093,1672.0610000000622
2023-07-06,232.99999999999736,577.9890000000269,832.0320000000332,810.9890000000092,1643.021000000062
2023-07-07,239.46299999999727,563.8180000000268,822.8020000000332,803.281000000009,1626.0830000000617
2023-07-10,232.83699999999723,563.8180000000268,822.8020000000332,796.6550000000091,1619.4570000000617
2023-07-11,235.78699999999722,563.8180000000268,818.8320000000332,799.6050000000091,1618.4370000000617
2023-07-12,250.43599999999728,563.8180000000268,844.0130000000332,814.2540000000092,1658.267000000062
2023-07-13,249.65699999999723,563.8180000000268,846.1840000000333,813.4750000000092,1659.659000000062
2023-07-14,249.65699999999723,563.8180000000268,846.1840000000333,813.4750000000092,1659.659000000062
2023-07-17,249.65699999999723,563.8180000000268,846.1840000000333,813.4750000000092,1659.659000000062
2023-07-18,266.0609999999972,569.848000000027,854.8550000000333,835.9090000000093,1690.764000000062
2023-07-19,264.7509999999972,569.2250000000272,854.2320000000335,833.9760000000094,1688.2080000000622
2023-07-20,264.02099999999734,560.3350000000273,837.9320000000336,824.3560000000097,1662.2880000000623
2023-07-21,271.91099999999716,549.5080000000273,837.9320000000336,821.4190000000094,1659.3510000000622
2023-07-24,270.0179999999971,549.5080000000273,838.2720000000337,819.5260000000094,1657.7980000000623
2023-07-25,261.06799999999697,549.5080000000273,828.4020000000338,810.5760000000093,1638.9780000000624
2023-07-26,258.83499999999697,546.8250000000273,828.4020000000338,805.6600000000093,1634.0620000000624
2023-07-27,274.3149999999969,514.0640000000274,794.3200000000336,788.3790000000092,1582.6990000000621
2023-07-28,268.7649999999969,514.0640000000274,780.6970000000338,782.8290000000093,1563.5260000000624
2023-07-31,268.7649999999969,514.0640000000274,780.6970000000338,782.8290000000093,1563.5260000000624
2023-08-01,281.7349999999969,514.0640000000274,779.0770000000339,795.7990000000093,1574.8760000000625
2023-08-02,281.651999999997,514.0640000000274,779.2870000000339,795.7160000000094,1575.0030000000627
2023-08-03,277.561999999997,514.0640000000274,781.0070000000339,791.6260000000095,1572.6330000000628
2023-08-04,277.561999999997,514.0640000000274,781.0070000000339,791.6260000000095,1572.6330000000628
2023-08-07,277.561999999997,514.0640000000274,781.0070000000339,791.6260000000095,1572.6330000000628
2023-08-08,277.561999999997,514.0640000000274,781.0070000000339,791.6260000000095,1572.6330000000628
2023-08-09,278.568999999997,514.0640000000274,782.5270000000339,792.6330000000096,1575.1600000000628
2023-08-10,274.57899999999694,514.0640000000274,785.1270000000341,788.6430000000096,1573.770000000063
2023-08-11,274.57899999999694,514.0640000000274,785.1270000000341,788.6430000000096,1573.770000000063
2023-08-14,274.57899999999694,510.3740000000275,781.4370000000342,784.9530000000098,1566.3900000000633
2023-08-15,274.57899999999694,514.8640000000274,785.9270000000342,789.4430000000098,1575.3700000000633
2023-08-16,274.57899999999694,523.6640000000276,785.9270000000342,798.2430000000099,1584.1700000000635
2023-08-17,258.0789999999968,528.6210000000275,782.7740000000342,786.7000000000097,1569.4740000000631
2023-08-18,251.8889999999967,528.8640000000277,782.7740000000342,780.7530000000097,1563.5270000000633
2023-08-21,245.36199999999658,524.5340000000277,782.7740000000342,769.8960000000096,1552.670000000063
2023-08-22,240.40099999999651,521.5770000000276,782.7740000000342,761.9780000000094,1544.752000000063
2023-08-23,252.97399999999655,521.5770000000276,781.3240000000344,774.5510000000095,1555.8750000000632
2023-08-24,251.1039999999966,521.5770000000276,780.8810000000344,772.6810000000096,1553.5620000000633
2023-08-25,251.1039999999966,521.5770000000276,780.8810000000344,772.6810000000096,1553.5620000000633
2023-08-28,245.75799999999654,521.5770000000276,775.6220000000344,767.3350000000096,1542.9570000000633
2023-08-29,245.8709999999965,521.5770000000276,779.2020000000343,767.4480000000095,1546.650000000063
2023-08-30,251.6339999999966,521.5770000000276,785.2090000000344,773.2110000000097,1558.4200000000633
2023-08-31,249.42399999999674,521.5770000000276,780.4390000000344,771.0010000000099,1551.4400000000635
2023-09-01,249.42399999999674,521.5770000000276,770.8190000000343,771.0010000000099,1541.8200000000634
2023-09-04,249.42399999999674,521.5770000000276,770.8190000000343,771.0010000000099,1541.8200000000634
2023-09-05,261.5139999999968,528.8970000000278,775.3890000000345,790.4110000000101,1565.8000000000636
2023-09-06,260.37099999999674,538.1970000000277,784.6890000000344,798.5680000000099,1583.2570000000633
2023-09-07,260.37099999999674,536.6670000000278,783.1590000000344,797.0380000000099,1580.1970000000633
2023-09-08,252.76099999999656,536.7970000000279,783.1590000000344,789.5580000000098,1572.7170000000633
2023-09-11,252.76099999999656,531.937000000028,783.1590000000344,784.6980000000099,1567.8570000000634
2023-09-12,258.5839999999966,541.0760000000281,779.5590000000345,799.66000000001,1579.2190000000635
2023-09-13,256.37099999999657,545.3790000000282,779.5590000000345,801.75000000001,1581.3090000000636
2023-09-14,256.37099999999657,544.4660000000282,779.5590000000345,800.83700000001,1580.3960000000636
2023-09-15,263.02399999999653,532.0090000000283,779.5590000000345,795.03300000001,1574.5920000000638
2023-09-18,263.02399999999653,532.0090000000283,782.6190000000345,795.03300000001,1577.6520000000637
2023-09-19,263.02399999999653,532.0090000000283,780.7690000000346,795.03300000001,1575.8020000000638
2023-09-20,263.02399999999653,532.0090000000283,772.9490000000346,795.03300000001,1567.9820000000639
2023-09-21,271.1709999999964,532.6990000000284,772.9490000000346,803.8700000000099,1576.8190000000639
2023-09-22,271.1709999999964,527.0190000000283,772.9490000000346,798.1900000000098,1571.1390000000638
2023-09-25,271.1709999999964,536.8890000000284,772.9490000000346,808.06000000001,1581.009000000064
2023-09-26,284.02099999999626,552.5390000000285,778.7980000000348,836.5600000000098,1615.3580000000638
2023-09-27,308.8479999999962,576.3590000000285,802.6180000000347,885.2070000000097,1687.8250000000635
2023-09-28,309.86899999999633,585.8020000000284,812.0610000000347,895.6710000000097,1707.7320000000634
2023-09-29,309.86899999999633,601.6020000000284,812.0610000000347,911.4710000000097,1723.5320000000634
2023-10-02,321.28899999999635,618.3620000000286,812.0610000000347,939.6510000000098,1751.7120000000637
2023-10-03,321.28899999999635,622.2450000000287,815.9440000000347,943.5340000000099,1759.4780000000637
2023-10-04,321.28899999999635,621.1820000000286,815.9440000000347,942.4710000000098,1758.4150000000636
2023-10-05,321.28899999999635,622.7620000000285,815.9440000000347,944.0510000000097,1759.9950000000636
2023-10-06,321.28899999999635,614.1220000000284,815.9440000000347,935.4110000000096,1751.3550000000635
2023-10-09,333.5529999999964,600.3520000000286,815.9440000000347,933.9050000000099,1749.8490000000638
2023-10-10,326.7829999999964,600.3520000000286,814.444000000035,927.1350000000099,1741.579000000064
2023-10-11,327.6169999999964,600.3520000000286,818.1170000000352,927.9690000000099,1746.0860000000644
2023-10-12,326.77399999999625,600.3520000000286,811.6170000000354,927.1260000000099,1738.7430000000645
2023-10-13,367.81399999999616,600.3520000000286,843.3970000000354,968.1660000000098,1811.5630000000644
2023-10-16,359.4239999999962,600.3520000000286,843.3970000000354,959.77600000001,1803.1730000000646
2023-10-17,359.4239999999962,600.3520000000286,843.3970000000354,959.77600000001,1803.1730000000646
2023-10-18,359.5439999999963,600.3520000000286,854.4670000000356,959.8960000000101,1814.3630000000649
2023-10-19,359.5439999999963,600.3520000000286,878.9770000000356,959.8960000000101,1838.8730000000648
2023-10-20,359.5439999999963,600.2790000000288,878.9770000000356,959.8230000000102,1838.800000000065
2023-10-23,359.5439999999963,600.2790000000288,878.9770000000356,959.8230000000102,1838.800000000065
2023-10-24,359.5439999999963,600.2790000000288,878.9770000000356,959.8230000000102,1838.800000000065
2023-10-25,359.5439999999963,595.7190000000288,878.9770000000356,955.2630000000103,1834.240000000065
2023-10-26,359.5439999999963,592.5090000000288,878.9770000000356,952.0530000000102,1831.030000000065
2023-10-27,359.5439999999963,609.8540000000288,880.3820000000355,969.3980000000103,1849.780000000065
2023-10-30,358.20099999999616,604.154000000029,880.3820000000355,962.3550000000103,1842.737000000065
2023-10-31,352.52799999999627,593.6270000000292,880.3820000000355,946.1550000000105,1826.5370000000653
2023-11-01,359.3649999999962,593.6270000000292,880.3820000000355,952.9920000000105,1833.3740000000653
2023-11-02,359.3649999999962,593.6270000000292,880.3820000000355,952.9920000000105,1833.3740000000653
2023-11-03,359.3649999999962,593.6270000000292,880.3820000000355,952.9920000000105,1833.3740000000653
2023-11-06,365.1549999999961,593.6270000000292,880.3820000000355,958.7820000000105,1839.1640000000652
2023-11-07,373.9319999999961,593.6270000000292,875.1420000000355,967.5590000000105,1842.7010000000653
2023-11-08,380.268999999996,593.6270000000292,873.3220000000356,973.8960000000105,1847.2180000000653
2023-11-09,372.978999999996,593.6270000000292,873.3220000000356,966.6060000000106,1839.9280000000654
2023-11-10,377.6659999999961,593.6270000000292,873.6720000000355,971.2930000000107,1844.9650000000654
2023-11-13,377.6659999999961,593.6270000000292,873.6720000000355,971.2930000000107,1844.9650000000654
2023-11-14,385.78899999999607,593.6270000000292,873.6720000000355,979.4160000000107,1853.0880000000654
2023-11-15,385.73899999999605,593.6270000000292,873.6720000000355,979.3660000000108,1853.0380000000655
2023-11-16,386.83199999999607,593.6270000000292,869.2960000000357,980.4590000000109,1849.7550000000658
2023-11-17,385.19199999999614,593.6270000000292,869.2960000000357,978.819000000011,1848.115000000066
2023-11-20,385.19199999999614,593.6270000000292,869.2960000000357,978.819000000011,1848.115000000066
2023-11-21,392.974999999996,593.6270000000292,862.7160000000358,986.6020000000109,1849.318000000066
2023-11-22,392.974999999996,593.6270000000292,862.7160000000358,986.6020000000109,1849.318000000066
2023-11-23,392.974999999996,593.6270000000292,862.7160000000358,986.6020000000109,1849.318000000066
2023-11-24,392.974999999996,593.6270000000292,862.7160000000358,986.6020000000109,1849.318000000066
2023-11-27,398.69499999999596,595.6670000000294,862.9160000000359,994.362000000011,1857.278000000066
2023-11-28,411.29799999999597,621.2770000000295,877.716000000036,1032.5750000000112,1910.291000000066
2023-11-29,406.100999999996,621.1300000000296,877.716000000036,1027.2310000000114,1904.9470000000663
2023-11-30,406.100999999996,612.3600000000296,877.716000000036,1018.4610000000114,1896.1770000000663
2023-12-01,409.63099999999594,642.7430000000296,880.9590000000362,1052.3740000000114,1933.3330000000662
2023-12-04,346.410999999996,546.8030000000296,876.6890000000362,893.2140000000114,1769.9030000000662
2023-12-05,342.4909999999959,546.8030000000296,891.2790000000361,889.2940000000114,1780.573000000066
2023-12-06,342.4909999999959,546.8030000000296,883.4090000000363,889.2940000000114,1772.7030000000661
2023-12-07,342.4909999999959,546.8030000000296,883.4090000000363,889.2940000000114,1772.7030000000661
2023-12-08,344.64799999999576,546.8030000000296,888.9690000000364,891.4510000000113,1780.4200000000662
2023-12-11,369.70799999999565,542.4330000000297,900.6490000000365,912.1410000000112,1812.7900000000661
2023-12-12,369.70799999999565,540.2930000000298,900.6490000000365,910.0010000000113,1810.6500000000663
2023-12-13,381.73799999999557,490.4730000000298,900.6490000000365,872.2110000000113,1772.8600000000663
2023-12-14,388.16799999999535,490.4730000000298,893.4290000000365,878.6410000000111,1772.070000000066
2023-12-15,388.16799999999535,490.4730000000298,893.4290000000365,878.6410000000111,1772.070000000066
2023-12-18,388.16799999999535,490.4730000000298,893.4290000000365,878.6410000000111,1772.070000000066
2023-12-19,388.16799999999535,490.4730000000298,893.4290000000365,878.6410000000111,1772.070000000066
2023-12-20,388.16799999999535,490.4730000000298,893.4290000000365,878.6410000000111,1772.070000000066
2023-12-21,388.16799999999535,490.4730000000298,893.4290000000365,878.6410000000111,1772.070000000066
2023-12-22,379.1279999999951,490.4730000000298,879.1260000000368,869.6010000000109,1748.7270000000663
2023-12-26,379.1279999999951,490.4730000000298,879.1260000000368,869.6010000000109,1748.7270000000663
2023-12-27,379.1279999999951,490.4730000000298,875.1890000000367,869.6010000000109,1744.7900000000661
2023-12-28,379.1279999999951,469.69300000002977,875.1890000000367,848.8210000000109,1724.0100000000662
2023-12-29,373.9249999999953,469.69300000002977,875.1890000000367,843.6180000000112,1718.8070000000664
2024-01-02,373.9249999999953,469.69300000002977,875.1890000000367,843.6180000000112,1718.8070000000664
2024-01-03,375.71199999999527,469.69300000002977,890.629000000037,845.4050000000112,1736.0340000000667
2024-01-04,375.71199999999527,469.69300000002977,890.629000000037,845.4050000000112,1736.0340000000667
2024-01-05,375.71199999999527,469.69300000002977,890.629000000037,845.4050000000112,1736.0340000000667
2024-01-08,376.1389999999951,469.69300000002977,883.2390000000371,845.8320000000111,1729.0710000000668
2024-01-09,376.1389999999951,469.69300000002977,883.2390000000371,845.8320000000111,1729.0710000000668
2024-01-10,376.1389999999951,469.69300000002977,883.2390000000371,845.8320000000111,1729.0710000000668
2024-01-11,367.85999999999507,469.69300000002977,883.2390000000371,837.5530000000111,1720.7920000000668
2024-01-12,375.59299999999496,469.69300000002977,874.272000000037,845.2860000000111,1719.5580000000666
2024-01-15,375.59299999999496,469.69300000002977,874.272000000037,845.2860000000111,1719.5580000000666
2024-01-16,390.42299999999483,469.69300000002977,874.272000000037,860.116000000011,1734.3880000000665
2024-01-17,411.30999999999494,469.69300000002977,876.732000000037,881.0030000000112,1757.7350000000667
2024-01-18,406.0469999999949,469.69300000002977,876.732000000037,875.7400000000112,1752.4720000000668
2024-01-19,407.126999999995,469.69300000002977,876.732000000037,876.8200000000113,1753.552000000067
2024-01-22,407.126999999995,469.69300000002977,876.732000000037,876.8200000000113,1753.552000000067
2024-01-23,396.806999999995,469.69300000002977,876.732000000037,866.5000000000114,1743.232000000067
2024-01-24,396.806999999995,469.69300000002977,876.732000000037,866.5000000000114,1743.232000000067
2024-01-25,393.986999999995,469.69300000002977,876.732000000037,863.6800000000114,1740.412000000067
2024-01-26,393.986999999995,469.69300000002977,876.732000000037,863.6800000000114,1740.412000000067
2024-01-29,383.64699999999505,469.69300000002977,876.732000000037,853.3400000000115,1730.0720000000672
2024-01-30,377.5069999999949,469.69300000002977,874.472000000037,847.2000000000114,1721.672000000067
2024-01-31,367.7169999999951,469.69300000002977,857.482000000037,837.4100000000117,1694.8920000000674
2024-02-01,334.31999999999505,469.69300000002977,853.3220000000374,804.0130000000116,1657.3350000000676
2024-02-02,328.2169999999951,469.69300000002977,853.3220000000374,797.9100000000117,1651.2320000000677
2024-02-05,338.7539999999951,469.69300000002977,857.8120000000374,808.4470000000117,1666.2590000000678
2024-02-06,338.41699999999526,469.69300000002977,857.8120000000374,808.110000000012,1665.922000000068
2024-02-07,338.41699999999526,469.69300000002977,857.8120000000374,808.110000000012,1665.922000000068
2024-02-08,330.34699999999526,469.69300000002977,857.8120000000374,800.040000000012,1657.852000000068
2024-02-09,329.5169999999953,469.69300000002977,857.8120000000374,799.2100000000121,1657.0220000000681
2024-02-12,319.0769999999951,469.69300000002977,856.4620000000373,788.7700000000119,1645.2320000000677
2024-02-13,308.9869999999953,481.15300000002975,867.9220000000373,790.1400000000122,1658.0620000000679
2024-02-14,309.1569999999953,481.33300000002976,867.9220000000373,790.4900000000122,1658.412000000068
2024-02-15,314.11999999999546,470.38300000002965,867.9220000000373,784.5030000000122,1652.4250000000682
2024-02-16,314.11999999999546,461.67300000002956,867.9220000000373,775.7930000000122,1643.7150000000681
2024-02-19,309.8699999999956,461.67300000002956,867.9220000000373,771.5430000000124,1639.4650000000684
2024-02-20,308.0699999999956,461.67300000002956,874.3920000000373,769.7430000000124,1644.1350000000684
2024-02-21,308.0699999999956,461.67300000002956,870.5320000000374,769.7430000000124,1640.2750000000685
2024-02-22,308.0699999999956,461.67300000002956,863.3350000000376,769.7430000000124,1633.0780000000686
2024-02-23,302.52299999999553,461.67300000002956,861.1650000000375,764.1960000000124,1625.3610000000685
2024-02-26,302.52299999999553,461.67300000002956,861.1650000000375,764.1960000000124,1625.3610000000685
2024-02-27,302.52299999999553,461.67300000002956,861.1650000000375,764.1960000000124,1625.3610000000685
2024-02-28,294.6529999999956,461.67300000002956,861.1650000000375,756.3260000000125,1617.4910000000687
2024-02-29,290.31599999999554,457.8130000000294,857.3050000000374,748.1290000000123,1605.4340000000682
2024-03-01,309.8869999999956,495.60400000002926,885.6050000000373,805.4910000000123,1691.096000000068
2024-03-04,325.196999999995,528.414000000029,910.2950000000371,853.6110000000114,1763.9060000000668
2024-03-05,339.2869999999953,543.1870000000289,911.4380000000369,882.4740000000115,1793.9120000000667
2024-03-06,339.2869999999953,561.4970000000286,911.4380000000369,900.7840000000112,1812.2220000000664
2024-03-07,339.2869999999953,572.5670000000285,911.4380000000369,911.8540000000112,1823.2920000000663
2024-03-08,320.3569999999952,587.5160000000288,907.667000000037,907.8730000000113,1815.5400000000664
2024-03-11,320.3569999999952,591.4060000000289,907.667000000037,911.7630000000114,1819.4300000000665
2024-03-12,334.9569999999953,567.2660000000293,907.667000000037,902.2230000000118,1809.890000000067
2024-03-13,330.47999999999513,580.846000000029,907.667000000037,911.3260000000113,1818.9930000000666
2024-03-14,330.3069999999955,569.4760000000289,907.667000000037,899.7830000000115,1807.450000000067
2024-03-15,323.3169999999952,564.913000000029,907.667000000037,888.2300000000113,1795.8970000000666
2024-03-18,317.70399999999506,569.9740000000289,899.4770000000372,887.678000000011,1787.1550000000664
2024-03-19,309.80399999999514,566.384000000029,899.4770000000372,876.1880000000111,1775.6650000000666
2024-03-20,309.80399999999514,590.325000000029,900.0540000000371,900.1290000000112,1800.1830000000666
2024-03-21,288.0609999999951,570.6350000000292,897.8140000000371,858.6960000000113,1756.5100000000666
2024-03-22,295.1609999999947,553.2650000000291,897.8140000000371,848.4260000000107,1746.2400000000662
2024-03-25,295.1609999999947,553.2650000000291,897.8140000000371,848.4260000000107,1746.2400000000662
2024-03-26,295.1609999999947,539.9850000000291,897.8140000000371,835.1460000000108,1732.9600000000662
2024-03-27,295.1609999999947,543.7650000000291,897.8140000000371,838.9260000000107,1736.7400000000662
2024-03-28,295.1609999999947,572.8120000000293,906.8740000000373,867.973000000011,1774.8470000000666
2024-04-01,299.51099999999434,580.3520000000295,886.8770000000377,879.8630000000107,1766.7400000000666
2024-04-02,299.51099999999434,604.0120000000296,886.8770000000377,903.5230000000108,1790.4000000000667
2024-04-03,299.51099999999434,619.5120000000298,886.8770000000377,919.023000000011,1805.900000000067
2024-04-04,299.51099999999434,602.3320000000298,886.8770000000377,901.843000000011,1788.7200000000669
2024-04-05,278.47099999999426,607.7690000000299,883.6570000000377,886.240000000011,1769.8970000000668
2024-04-08,256.7509999999942,597.7590000000299,883.6570000000377,854.5100000000109,1738.1670000000668
2024-04-09,246.64099999999422,609.9160000000298,883.6570000000377,856.5570000000108,1740.2140000000668
2024-04-10,239.79099999999403,609.9160000000298,883.6570000000377,849.7070000000107,1733.3640000000667
2024-04-11,241.5809999999937,609.9160000000298,883.6570000000377,851.4970000000104,1735.1540000000664
2024-04-12,214.72099999999395,557.93600000003,838.4460000000377,772.6570000000108,1611.1030000000667
2024-04-15,175.5179999999939,557.93600000003,838.4460000000377,733.4540000000108,1571.9000000000667
2024-04-16,175.5179999999939,557.93600000003,838.4460000000377,733.4540000000108,1571.9000000000667
2024-04-17,175.5179999999939,557.93600000003,838.4460000000377,733.4540000000108,1571.9000000000667
2024-04-18,160.18699999999393,557.93600000003,838.4460000000377,718.1230000000108,1556.5690000000668
2024-04-19,160.18699999999393,557.93600000003,838.4460000000377,718.1230000000108,1556.5690000000668
2024-04-22,194.79699999999423,557.93600000003,874.3760000000377,752.7330000000112,1627.1090000000672
2024-04-23,192.28699999999418,534.28300000003,882.1560000000377,726.5700000000111,1608.726000000067
2024-04-24,192.28699999999418,534.28300000003,884.6960000000374,726.5700000000111,1611.2660000000667
2024-04-25,192.28699999999418,534.28300000003,884.6960000000374,726.5700000000111,1611.2660000000667
2024-04-26,192.28699999999418,534.28300000003,884.6960000000374,726.5700000000111,1611.2660000000667
2024-04-29,179.0459999999939,534.28300000003,884.6960000000374,713.3290000000109,1598.0250000000665
2024-04-30,204.94599999999417,560.81300000003,899.7260000000374,765.759000000011,1665.4850000000665
2024-05-01,193.74599999999427,541.9430000000299,865.4470000000372,735.689000000011,1601.1360000000661
2024-05-02,178.41599999999406,552.34000000003,865.4470000000372,730.7560000000109,1596.2030000000661
2024-05-03,178.41599999999406,554.58000000003,865.4470000000372,732.9960000000109,1598.4430000000661
2024-05-06,189.01599999999414,531.0910000000302,865.4470000000372,720.1070000000111,1585.5540000000665
2024-05-07,189.01599999999414,531.0910000000302,865.4470000000372,720.1070000000111,1585.5540000000665
2024-05-08,189.01599999999414,531.0910000000302,865.4470000000372,720.1070000000111,1585.5540000000665
2024-05-09,206.33599999999402,531.0910000000302,865.4470000000372,737.427000000011,1602.8740000000664
2024-05-10,224.285999999994,531.0910000000302,882.1470000000372,755.3770000000111,1637.5240000000665
2024-05-13,227.985999999994,531.0910000000302,882.1470000000372,759.0770000000111,1641.2240000000666
2024-05-14,230.43599999999398,531.0910000000302,882.1470000000372,761.5270000000112,1643.6740000000666
2024-05-15,234.4449999999939,531.0910000000302,882.1470000000372,765.5360000000111,1647.6830000000666
2024-05-16,228.44499999999408,531.0910000000302,882.1470000000372,759.5360000000113,1641.6830000000668
2024-05-17,242.86499999999387,531.0910000000302,884.9470000000372,773.9560000000112,1658.9030000000666
2024-05-20,239.7549999999939,523.0010000000303,861.9870000000369,762.7560000000112,1624.7430000000663
2024-05-21,239.7549999999939,523.0010000000303,861.9870000000369,762.7560000000112,1624.7430000000663
2024-05-22,246.69199999999398,523.0010000000303,861.9870000000369,769.6930000000114,1631.6800000000665
2024-05-23,296.2319999999941,523.0010000000303,903.1500000000372,819.2330000000115,1722.3830000000669
2024-05-24,283.99199999999405,523.0010000000303,899.8500000000372,806.9930000000115,1706.843000000067
2024-05-27,283.99199999999405,523.0010000000303,899.8500000000372,806.9930000000115,1706.843000000067
2024-05-28,283.99199999999405,523.0010000000303,899.8500000000372,806.9930000000115,1706.843000000067
2024-05-29,283.99199999999405,523.0010000000303,899.8500000000372,806.9930000000115,1706.843000000067
2024-05-30,283.99199999999405,523.0010000000303,899.8500000000372,806.9930000000115,1706.843000000067
2024-05-31,283.99199999999405,523.0010000000303,899.8500000000372,806.9930000000115,1706.843000000067
2024-06-03,275.62199999999433,523.0010000000303,899.8500000000372,798.6230000000119,1698.4730000000673
2024-06-04,264.30199999999434,523.0010000000303,899.8500000000372,787.3030000000119,1687.1530000000673
2024-06-05,261.72299999999433,523.0010000000303,899.8500000000372,784.724000000012,1684.5740000000674
2024-06-06,263.1029999999946,523.0010000000303,904.7100000000376,786.1040000000123,1690.814000000068
2024-06-07,310.0529999999946,539.4910000000308,895.7400000000376,849.5440000000127,1745.2840000000685
2024-06-10,296.12999999999454,527.8110000000307,895.7400000000376,823.9410000000125,1719.6810000000685
2024-06-11,296.12999999999454,511.7280000000308,895.7400000000376,807.8580000000127,1703.5980000000686
2024-06-12,278.0399999999941,511.7280000000308,895.7400000000376,789.7680000000123,1685.5080000000683
2024-06-13,278.0399999999941,511.7280000000308,895.7400000000376,789.7680000000123,1685.5080000000683
2024-06-14,281.06699999999387,511.7280000000308,895.7400000000376,792.7950000000121,1688.535000000068
2024-06-17,281.06699999999387,511.7280000000308,895.7400000000376,792.7950000000121,1688.535000000068
2024-06-18,281.06699999999387,511.7280000000308,895.7400000000376,792.7950000000121,1688.535000000068
2024-06-19,281.06699999999387,511.7280000000308,895.7400000000376,792.7950000000121,1688.535000000068
2024-06-20,295.38699999999375,511.7280000000308,913.9230000000379,807.1150000000121,1721.0380000000682
2024-06-21,290.7269999999933,511.7280000000308,894.7330000000376,802.4550000000116,1697.1880000000674
2024-06-24,283.8839999999932,511.7280000000308,894.7330000000376,795.6120000000116,1690.3450000000673
2024-06-25,283.8839999999932,511.7280000000308,894.7330000000376,795.6120000000116,1690.3450000000673
2024-06-26,282.3609999999932,511.7280000000308,907.7030000000376,794.0890000000117,1701.7920000000674
2024-06-27,291.15099999999336,511.7280000000308,882.7300000000379,802.8790000000118,1685.609000000068
2024-06-28,293.2739999999931,511.7280000000308,882.7300000000379,805.0020000000117,1687.7320000000677
2024-07-01,293.2739999999931,511.7280000000308,882.7300000000379,805.0020000000117,1687.7320000000677
2024-07-02,293.2739999999931,511.7280000000308,882.7300000000379,805.0020000000117,1687.7320000000677
2024-07-03,302.8709999999935,511.7280000000308,891.4230000000379,814.5990000000121,1706.0220000000681
2024-07-04,302.8709999999935,511.7280000000308,888.6900000000376,814.5990000000121,1703.289000000068
2024-07-05,308.3539999999934,528.0610000000311,920.5930000000379,836.4150000000122,1757.0080000000685
2024-07-08,305.24099999999373,501.76100000003106,920.5930000000379,807.0020000000126,1727.595000000069
2024-07-09,302.39199999999374,497.30100000003074,920.5930000000379,799.6930000000123,1720.2860000000687
2024-07-10,296.9019999999937,500.50400000003043,920.5930000000379,797.4060000000119,1717.9990000000685
2024-07-11,304.42899999999344,541.4810000000305,928.0800000000378,845.9100000000117,1773.990000000068
2024-07-12,284.5789999999934,540.0610000000306,914.1300000000377,824.6400000000118,1738.770000000068
2024-07-15,274.2599999999936,553.3910000000308,914.1300000000377,827.6510000000121,1741.7810000000684
2024-07-16,277.89999999999384,600.7510000000311,919.2870000000381,878.6510000000127,1797.9380000000692
2024-07-17,272.5469999999941,589.524000000031,908.060000000038,862.0710000000129,1770.1310000000692
2024-07-18,267.95699999999385,573.114000000031,908.060000000038,841.0710000000125,1749.1310000000688
2024-07-19,312.5299999999939,527.2310000000309,912.7500000000379,839.7610000000125,1752.5110000000684
2024-07-22,299.99699999999416,527.2310000000309,907.7300000000376,827.2280000000128,1734.9580000000685
2024-07-23,299.99699999999416,527.2310000000309,894.8600000000375,827.2280000000128,1722.0880000000684
2024-07-24,299.99699999999416,527.2310000000309,894.8600000000375,827.2280000000128,1722.0880000000684
2024-07-25,325.9939999999942,527.2310000000309,908.1700000000377,853.2250000000129,1761.3950000000686
2024-07-26,325.9939999999942,527.2310000000309,884.6330000000381,853.2250000000129,1737.858000000069
2024-07-29,325.9939999999942,527.2310000000309,884.6330000000381,853.2250000000129,1737.858000000069
2024-07-30,325.9939999999942,527.2310000000309,884.6330000000381,853.2250000000129,1737.858000000069
2024-07-31,352.16099999999426,527.2310000000309,907.9720000000383,879.392000000013,1787.3640000000694
2024-08-01,330.71099999999416,518.7510000000307,903.322000000038,849.4620000000126,1752.7840000000685
2024-08-02,330.71099999999416,500.57500000003046,903.322000000038,831.2860000000125,1734.6080000000684
2024-08-05,320.91099999999415,500.57500000003046,869.7820000000382,821.4860000000125,1691.2680000000687
2024-08-06,320.91099999999415,500.57500000003046,869.7820000000382,821.4860000000125,1691.2680000000687
2024-08-07,320.91099999999415,500.57500000003046,869.7820000000382,821.4860000000125,1691.2680000000687
2024-08-08,322.7139999999942,500.57500000003046,869.7820000000382,823.2890000000126,1693.0710000000688
2024-08-09,322.7139999999942,500.57500000003046,869.7820000000382,823.2890000000126,1693.0710000000688
2024-08-12,340.09999999999434,507.6650000000303,885.8420000000384,847.7650000000126,1733.6070000000689
2024-08-13,328.08299999999423,500.6580000000304,878.8350000000386,828.7410000000126,1707.576000000069
2024-08-14,328.08299999999423,481.98500000003037,878.8350000000386,810.0680000000126,1688.903000000069
2024-08-15,328.08299999999423,481.98500000003037,878.8350000000386,810.0680000000126,1688.903000000069
2024-08-16,343.43599999999446,517.4350000000304,891.8620000000384,860.8710000000128,1752.7330000000688
2024-08-19,334.7069999999948,517.8650000000305,891.8620000000384,852.5720000000132,1744.4340000000693
2024-08-20,334.7069999999948,528.3580000000306,876.6920000000385,863.0650000000134,1739.7570000000696
2024-08-21,315.6969999999948,524.7880000000307,876.6920000000385,840.4850000000133,1717.1770000000697
2024-08-22,324.2029999999948,524.7880000000307,876.6920000000385,848.9910000000134,1725.6830000000698
2024-08-23,324.2029999999948,524.7880000000307,876.6920000000385,848.9910000000134,1725.6830000000698
2024-08-26,314.72299999999495,524.7880000000307,876.6920000000385,839.5110000000136,1716.20300000007
2024-08-27,306.45599999999484,524.7880000000307,876.6920000000385,831.2440000000136,1707.93600000007
2024-08-28,304.3669999999946,524.7880000000307,876.6920000000385,829.1550000000134,1705.8470000000698
2024-08-29,304.3669999999946,524.7880000000307,876.6920000000385,829.1550000000134,1705.8470000000698
2024-08-30,306.34699999999435,524.7880000000307,876.6920000000385,831.1350000000132,1707.8270000000696
2024-09-02,302.4739999999945,524.7880000000307,868.7890000000386,827.2620000000134,1696.0510000000697
2024-09-03,290.6969999999946,524.7880000000307,875.7590000000386,815.4850000000135,1691.2440000000697
2024-09-04,274.71699999999475,524.7880000000307,855.3690000000385,799.5050000000138,1654.8740000000698
2024-09-05,292.36699999999456,524.7880000000307,855.3690000000385,817.1550000000136,1672.5240000000697
2024-09-06,290.81699999999455,524.7880000000307,855.3690000000385,815.6050000000137,1670.9740000000697
2024-09-09,290.49699999999456,524.7880000000307,855.3690000000385,815.2850000000137,1670.6540000000698
2024-09-10,290.49699999999456,524.7880000000307,855.3690000000385,815.2850000000137,1670.6540000000698
2024-09-11,281.9569999999943,524.7880000000307,855.3690000000385,806.7450000000135,1662.1140000000696
2024-09-12,312.3699999999945,536.9040000000309,867.4850000000387,849.2740000000139,1716.75900000007
2024-09-13,334.0909999999942,561.805000000031,892.3860000000387,895.8960000000136,1788.2820000000697
2024-09-16,334.0909999999942,561.805000000031,892.3860000000387,895.8960000000136,1788.2820000000697
2024-09-17,327.44199999999404,561.805000000031,892.3860000000387,889.2470000000135,1781.6330000000696
2024-09-18,327.44199999999404,561.805000000031,892.3860000000387,889.2470000000135,1781.6330000000696
2024-09-19,327.44199999999404,561.805000000031,862.8670000000387,889.2470000000135,1752.1140000000696
2024-09-20,347.4949999999941,569.4280000000308,873.9000000000384,916.9230000000133,1790.823000000069
2024-09-23,347.4949999999941,569.4280000000308,873.9000000000384,916.9230000000133,1790.823000000069
2024-09-24,350.07099999999383,588.2040000000309,882.7090000000384,938.275000000013,1820.9840000000686
2024-09-25,345.82099999999355,588.5570000000307,883.0620000000382,934.3780000000125,1817.4400000000678
2024-09-26,345.82099999999355,579.2000000000305,883.0620000000382,925.0210000000124,1808.0830000000676
2024-09-27,354.44799999999367,579.2000000000305,883.0620000000382,933.6480000000125,1816.7100000000678
2024-09-30,358.23899999999355,584.7570000000305,888.6190000000382,942.9960000000124,1831.6150000000675
2024-10-01,350.01199999999386,551.7970000000307,855.6590000000384,901.8090000000128,1757.468000000068
2024-10-02,336.01199999999403,551.7970000000307,855.6590000000384,887.809000000013,1743.4680000000683
2024-10-03,317.9519999999938,551.7970000000307,855.6590000000384,869.7490000000129,1725.4080000000681
2024-10-04,305.42899999999383,551.7970000000307,855.6590000000384,857.226000000013,1712.8850000000682
2024-10-07,305.42899999999383,551.7970000000307,836.0970000000389,857.226000000013,1693.3230000000688
2024-10-08,303.17599999999385,562.4370000000304,848.3560000000386,865.6130000000126,1713.969000000068
2024-10-09,313.54299999999375,574.9370000000306,860.8560000000389,888.4800000000126,1749.3360000000682
2024-10-10,313.54299999999375,554.3340000000308,840.253000000039,867.8770000000128,1708.1300000000685
2024-10-11,323.28599999999386,554.3340000000308,840.253000000039,877.620000000013,1717.8730000000687
2024-10-14,323.28599999999386,554.3340000000308,840.253000000039,877.620000000013,1717.8730000000687
2024-10-15,310.2959999999938,554.3340000000308,840.253000000039,864.630000000013,1704.8830000000687
2024-10-16,308.5589999999939,554.3340000000308,834.4530000000391,862.8930000000131,1697.346000000069
2024-10-17,308.5589999999939,550.4840000000306,830.603000000039,859.043000000013,1689.6460000000686
2024-10-18,325.34199999999396,561.7540000000304,841.8730000000387,887.0960000000127,1728.969000000068
2024-10-21,325.34199999999396,542.7440000000304,841.8730000000387,868.0860000000127,1709.959000000068
2024-10-22,325.34199999999396,542.7440000000304,841.8730000000387,868.0860000000127,1709.959000000068
2024-10-23,302.7389999999938,542.7440000000304,841.8730000000387,845.4830000000126,1687.356000000068
2024-10-24,267.9519999999934,542.7440000000304,841.8730000000387,810.6960000000122,1652.5690000000677
2024-10-25,254.09199999999345,542.7440000000304,816.6530000000387,796.8360000000123,1613.4890000000678
2024-10-28,254.09199999999345,542.7440000000304,816.6530000000387,796.8360000000123,1613.4890000000678
2024-10-29,273.74299999999346,542.7440000000304,819.0430000000388,816.4870000000124,1635.530000000068
2024-10-30,275.95199999999346,555.2240000000302,831.5230000000386,831.1760000000121,1662.6990000000674
2024-10-31,305.7219999999936,555.2240000000302,819.4600000000387,860.9460000000123,1680.4060000000677
2024-11-01,300.37199999999405,555.2240000000302,821.3130000000385,855.5960000000127,1676.9090000000679
2024-11-04,300.37199999999405,555.2240000000302,821.9500000000385,855.5960000000127,1677.5460000000678
2024-11-05,300.37199999999405,555.2240000000302,814.6500000000385,855.5960000000127,1670.2460000000679
2024-11-06,356.95099999999394,601.1940000000307,887.8400000000388,958.145000000013,1845.9850000000683
2024-11-07,344.31099999999395,560.4950000000308,832.6110000000388,904.8060000000132,1737.4170000000684
2024-11-08,324.99099999999396,582.015000000031,832.6110000000388,907.0060000000134,1739.6170000000686
2024-11-11,371.5509999999941,645.3450000000312,845.821000000039,1016.8960000000136,1862.717000000069
2024-11-12,395.47099999999386,669.3220000000313,852.688000000039,1064.7930000000135,1917.4810000000687
2024-11-13,395.47099999999386,694.132000000031,859.4880000000389,1089.6030000000133,1949.0910000000683
2024-11-14,395.47099999999386,697.4050000000309,846.9680000000392,1092.8760000000132,1939.8440000000685
2024-11-15,395.47099999999386,701.755000000031,846.9680000000392,1097.2260000000133,1944.1940000000686
2024-11-18,412.3009999999935,662.495000000031,846.9680000000392,1074.796000000013,1921.7640000000683
2024-11-19,432.2799999999935,641.0950000000312,845.2780000000389,1073.3750000000132,1918.653000000068
2024-11-20,432.2799999999935,626.9550000000311,845.2780000000389,1059.235000000013,1904.513000000068
2024-11-21,443.16999999999354,626.9550000000311,845.2780000000389,1070.1250000000132,1915.403000000068
2024-11-22,455.56999999999334,626.9550000000311,847.4080000000392,1082.525000000013,1929.9330000000682
2024-11-25,457.2799999999931,628.8850000000311,847.4080000000392,1086.165000000013,1933.573000000068
2024-11-26,457.2799999999931,607.3950000000311,847.4080000000392,1064.675000000013,1912.083000000068
2024-11-27,457.2799999999931,597.9050000000311,847.4080000000392,1055.185000000013,1902.593000000068
2024-11-28,457.2799999999931,597.9050000000311,847.4080000000392,1055.185000000013,1902.593000000068
2024-11-29,457.2799999999931,597.9050000000311,847.4080000000392,1055.185000000013,1902.593000000068
2024-12-02,457.2799999999931,597.9050000000311,847.4080000000392,1055.185000000013,1902.593000000068
2024-12-03,457.2799999999931,597.9050000000311,847.4080000000392,1055.185000000013,1902.593000000068
2024-12-04,457.2799999999931,597.9050000000311,847.4080000000392,1055.185000000013,1902.593000000068
2024-12-05,457.2799999999931,597.9050000000311,847.4080000000392,1055.185000000013,1902.593000000068
2024-12-06,457.2799999999931,597.9050000000311,823.8780000000393,1055.185000000013,1879.063000000068
2024-12-09,457.2799999999931,597.9050000000311,815.9080000000392,1055.185000000013,1871.093000000068
2024-12-10,457.2799999999931,597.9050000000311,818.7390000000396,1055.185000000013,1873.9240000000684
2024-12-11,440.3629999999929,597.9050000000311,822.4400000000394,1038.2680000000128,1860.708000000068
2024-12-12,442.2059999999926,597.9050000000311,822.4400000000394,1040.1110000000126,1862.551000000068
2024-12-13,473.4759999999928,597.9050000000311,822.4400000000394,1071.3810000000128,1893.8210000000681
2024-12-16,460.19899999999245,597.9050000000311,822.4400000000394,1058.1040000000125,1880.5440000000679
2024-12-17,453.4849999999922,597.9050000000311,822.4400000000394,1051.3900000000124,1873.8300000000677
2024-12-18,483.2849999999921,609.5350000000315,834.0700000000397,1092.8200000000127,1926.890000000068
2024-12-19,478.3049999999918,600.4580000000315,834.0700000000397,1078.7630000000124,1912.8330000000678
2024-12-20,467.4419999999914,570.9080000000315,834.0700000000397,1038.350000000012,1872.4200000000674
2024-12-23,467.4419999999914,584.0680000000316,834.0700000000397,1051.510000000012,1885.5800000000675
2024-12-24,467.4419999999914,579.5910000000316,834.0700000000397,1047.0330000000122,1881.1030000000676
2024-12-26,473.7529999999913,564.5180000000314,831.5400000000398,1038.2710000000118,1869.8110000000672
2024-12-27,471.8419999999914,581.3010000000315,831.5400000000398,1053.143000000012,1884.6830000000675
2024-12-30,460.0219999999914,597.3100000000318,830.16300000004,1057.3320000000124,1887.4950000000679
2024-12-31,457.9929999999916,580.5500000000318,830.16300000004,1038.5430000000126,1868.7060000000681
2025-01-02,492.28299999999126,580.5500000000318,846.80000000004,1072.8330000000124,1919.6330000000678
2025-01-03,487.12599999999145,580.5500000000318,846.80000000004,1067.6760000000127,1914.476000000068
2025-01-06,476.3029999999913,580.5500000000318,846.80000000004,1056.8530000000126,1903.653000000068
2025-01-07,465.53399999999124,580.5500000000318,846.80000000004,1046.0840000000126,1892.884000000068
2025-01-08,465.53399999999124,580.5500000000318,846.80000000004,1046.0840000000126,1892.884000000068
2025-01-09,465.53399999999124,580.5500000000318,842.2310000000398,1046.0840000000126,1888.3150000000678
2025-01-10,461.27699999999135,580.5500000000318,850.3310000000399,1041.8270000000127,1892.1580000000681
2025-01-13,459.96099999999126,580.5500000000318,850.3310000000399,1040.5110000000127,1890.842000000068
2025-01-14,459.96099999999126,580.5500000000318,850.3310000000399,1040.5110000000127,1890.842000000068
2025-01-15,455.28099999999114,580.5500000000318,850.3310000000399,1035.8310000000126,1886.162000000068
2025-01-16,462.600999999991,580.7000000000317,860.4210000000398,1043.3010000000124,1903.7220000000675
2025-01-17,452.9709999999911,566.7500000000316,860.4210000000398,1019.7210000000124,1880.1420000000676
2025-01-20,436.0409999999914,566.7500000000316,860.4210000000398,1002.7910000000128,1863.212000000068
2025-01-21,439.89099999999104,584.0500000000316,864.4610000000396,1023.9410000000123,1888.4020000000671
2025-01-22,445.3509999999908,596.2570000000317,862.8310000000397,1041.6080000000122,1904.439000000067
2025-01-23,439.05399999999094,594.5870000000318,862.8310000000397,1033.6410000000126,1896.4720000000673
2025-01-24,435.923999999991,610.7870000000319,851.29100000004,1046.7110000000127,1898.0020000000675
2025-01-27,455.4039999999912,584.5770000000321,851.29100000004,1039.9810000000132,1891.272000000068
2025-01-28,450.0639999999912,599.5770000000318,851.29100000004,1049.641000000013,1900.9320000000678
2025-01-29,437.7479999999913,591.4600000000319,851.29100000004,1029.208000000013,1880.4990000000678
2025-01-30,450.3179999999912,626.5900000000322,851.1010000000401,1076.9080000000133,1928.009000000068
2025-01-31,450.3179999999912,631.0800000000322,839.3040000000399,1081.3980000000133,1920.7020000000678
2025-02-03,421.8909999999912,655.1570000000322,839.3040000000399,1077.0480000000134,1916.3520000000678
2025-02-04,421.8909999999912,685.4870000000324,839.3040000000399,1107.3780000000136,1946.682000000068
2025-02-05,424.580999999991,706.4570000000324,834.0540000000397,1131.0380000000134,1965.0920000000674
2025-02-06,419.98399999999094,706.4570000000324,834.0540000000397,1126.4410000000134,1960.4950000000674
2025-02-07,419.98399999999094,706.4570000000324,834.0540000000397,1126.4410000000134,1960.4950000000674
2025-02-10,422.6069999999907,717.8710000000324,832.2980000000396,1140.4780000000133,1972.776000000067
2025-02-11,400.8199999999906,681.2780000000323,832.2980000000396,1082.0980000000131,1914.3960000000668
2025-02-12,383.4399999999907,681.2780000000323,832.2980000000396,1064.7180000000133,1897.016000000067
2025-02-13,383.4399999999907,681.2780000000323,832.2980000000396,1064.7180000000133,1897.016000000067
2025-02-14,399.88999999999066,681.2780000000323,833.6450000000395,1081.1680000000133,1914.813000000067
2025-02-17,379.0969999999907,681.2780000000323,813.5750000000393,1060.3750000000134,1873.9500000000667
2025-02-18,379.0969999999907,681.2780000000323,784.2550000000392,1060.3750000000134,1844.6300000000665
2025-02-19,379.0969999999907,681.2780000000323,784.2550000000392,1060.3750000000134,1844.6300000000665
2025-02-20,379.0969999999907,681.2780000000323,784.2550000000392,1060.3750000000134,1844.6300000000665
2025-02-21,379.0969999999907,681.2780000000323,784.2550000000392,1060.3750000000134,1844.6300000000665
2025-02-24,379.0969999999907,681.2780000000323,784.2550000000392,1060.3750000000134,1844.6300000000665
2025-02-25,373.08699999999067,681.2780000000323,802.9650000000395,1054.3650000000134,1857.3300000000668
2025-02-26,351.01999999999083,681.2780000000323,793.1650000000395,1032.2980000000136,1825.463000000067
2025-02-27,368.39999999999065,681.2780000000323,831.5450000000399,1049.6780000000135,1881.2230000000673
2025-02-28,376.82999999999066,684.9980000000323,852.5750000000398,1061.8280000000136,1914.403000000067
2025-03-03,379.75999999999067,658.9110000000326,852.5750000000398,1038.671000000014,1891.2460000000674
2025-03-04,402.2899999999906,658.9110000000326,852.5750000000398,1061.201000000014,1913.7760000000674
2025-03-05,402.2899999999906,658.9110000000326,852.5750000000398,1061.201000000014,1913.7760000000674
2025-03-06,386.58999999999094,658.9110000000326,852.5750000000398,1045.5010000000143,1898.0760000000678
2025-03-07,386.58999999999094,658.9110000000326,852.5750000000398,1045.5010000000143,1898.0760000000678
2025-03-10,385.63999999999083,658.9110000000326,852.6850000000397,1044.5510000000143,1897.2360000000676
2025-03-11,375.7029999999908,658.9110000000326,826.8580000000397,1034.6140000000144,1861.4720000000675
2025-03-12,363.87699999999114,658.9110000000326,826.8580000000397,1022.7880000000147,1849.646000000068
2025-03-13,413.56699999999137,671.5780000000327,871.3180000000395,1085.145000000015,1956.463000000068
2025-03-14,411.3699999999914,668.1850000000325,867.9250000000393,1079.5550000000148,1947.4800000000673
2025-03-17,411.3699999999914,668.1850000000325,867.9250000000393,1079.5550000000148,1947.4800000000673
2025-03-18,429.92999999999154,676.8620000000324,876.6020000000392,1106.792000000015,1983.394000000067
2025-03-19,429.92999999999154,690.0490000000325,889.7890000000393,1119.979000000015,2009.7680000000673
2025-03-20,429.92999999999154,690.0490000000325,889.7890000000393,1119.979000000015,2009.7680000000673
2025-03-21,413.0399999999914,690.0490000000325,889.7890000000393,1103.089000000015,1992.8780000000672
2025-03-24,413.0399999999914,690.0490000000325,895.3550000000394,1103.089000000015,1998.4440000000673
2025-03-25,413.0399999999914,690.0490000000325,886.7150000000393,1103.089000000015,1989.8040000000672
2025-03-26,413.0399999999914,690.0490000000325,886.7150000000393,1103.089000000015,1989.8040000000672
2025-03-27,416.83999999999173,690.0490000000325,889.3050000000392,1106.8890000000154,1996.1940000000675
2025-03-28,412.62999999999187,696.6590000000324,914.7520000000391,1109.2890000000154,2024.0410000000672
2025-03-31,404.0899999999916,707.6290000000324,922.409000000039,1111.7190000000153,2034.1280000000668
2025-04-01,397.9339999999914,703.3790000000326,918.1590000000392,1101.3130000000153,2019.4720000000668
2025-04-02,377.7339999999913,703.3790000000326,918.1590000000392,1081.1130000000153,1999.2720000000668
2025-04-03,375.1139999999911,650.6060000000327,865.3860000000393,1025.7200000000153,1891.1060000000666
2025-04-04,380.468999999991,684.8410000000326,899.6210000000392,1065.310000000015,1964.9310000000662
2025-04-07,411.14199999999096,717.1240000000328,931.9040000000393,1128.266000000015,2060.1700000000665
2025-04-08,383.27199999999124,718.6000000000327,933.3800000000392,1101.8720000000153,2035.2520000000663
2025-04-09,413.07199999999114,607.0960000000325,933.3800000000392,1020.168000000015,1953.5480000000662
2025-04-10,413.07199999999114,607.0960000000325,933.3800000000392,1020.168000000015,1953.5480000000662
2025-04-11,430.53199999999134,620.4360000000329,974.8400000000395,1050.9680000000155,2025.8080000000668
2025-04-14,430.53199999999134,620.4360000000329,974.8400000000395,1050.9680000000155,2025.8080000000668
2025-04-15,430.53199999999134,620.4360000000329,974.8400000000395,1050.9680000000155,2025.8080000000668
2025-04-16,507.4319999999916,673.1960000000329,1010.7600000000393,1180.6280000000158,2191.3880000000668
2025-04-17,443.75199999999165,645.7460000000333,983.3100000000397,1089.4980000000162,2072.8080000000678
2025-04-21,471.42199999999144,664.4560000000331,991.6800000000394,1135.8780000000158,2127.558000000067
2025-04-22,426.03199999999146,651.836000000033,979.0600000000393,1077.8680000000156,2056.9280000000667
2025-04-23,453.68199999999126,694.1860000000327,985.9700000000394,1147.8680000000152,2133.838000000066
2025-04-24,453.68199999999126,660.5160000000324,985.9700000000394,1114.1980000000149,2100.1680000000656
2025-04-25,418.33199999999107,701.1760000000324,975.1800000000392,1119.5080000000148,2094.688000000065
2025-04-28,418.33199999999107,659.1160000000323,904.3200000000393,1077.4480000000146,1981.768000000065
2025-04-29,418.33199999999107,664.6160000000325,904.3200000000393,1082.9480000000149,1987.2680000000653
2025-04-30,418.33199999999107,687.0420000000327,884.0760000000394,1105.374000000015,1989.4500000000655
2025-05-01,433.6819999999907,731.9920000000327,929.0260000000394,1165.6740000000148,2094.7000000000653
2025-05-02,433.6819999999907,735.7520000000327,932.7860000000394,1169.4340000000147,2102.2200000000653
2025-05-05,455.7819999999908,646.3180000000327,932.7860000000394,1102.100000000015,2034.8860000000655
2025-05-06,550.1819999999906,646.3180000000327,976.2160000000395,1196.5000000000148,2172.7160000000654
2025-05-07,550.1819999999906,646.3180000000327,974.2540000000397,1196.5000000000148,2170.7540000000654
2025-05-08,569.7819999999903,646.3180000000327,974.2540000000397,1216.1000000000145,2190.354000000065
2025-05-09,525.0619999999902,646.3180000000327,974.2540000000397,1171.3800000000144,2145.6340000000646
2025-05-12,520.5319999999903,633.2680000000328,961.2040000000397,1153.8000000000145,2115.0040000000645
2025-05-13,520.5319999999903,617.1780000000329,945.1140000000398,1137.7100000000146,2082.8240000000646
2025-05-14,525.1919999999903,668.9040000000327,949.4100000000399,1194.0960000000146,2143.5060000000644
2025-05-15,514.0519999999904,619.094000000033,899.6000000000402,1133.1460000000147,2032.746000000065
2025-05-16,472.9419999999904,633.7280000000333,899.6000000000402,1106.670000000015,2006.2700000000652
2025-05-19,472.9419999999904,633.7280000000333,899.6000000000402,1106.670000000015,2006.2700000000652
2025-05-20,483.3519999999904,633.7280000000333,910.9800000000405,1117.0800000000152,2028.0600000000657
2025-05-21,504.6719999999903,633.7280000000333,932.3300000000402,1138.400000000015,2070.730000000065
2025-05-22,504.6719999999903,633.7280000000333,932.3300000000402,1138.400000000015,2070.730000000065
2025-05-23,517.6649999999904,633.7280000000333,932.3300000000402,1151.3930000000153,2083.723000000065
2025-05-26,517.6649999999904,633.7280000000333,932.3300000000402,1151.3930000000153,2083.723000000065
2025-05-27,517.6649999999904,633.7280000000333,932.3300000000402,1151.3930000000153,2083.723000000065
2025-05-28,517.6649999999904,633.7280000000333,932.3300000000402,1151.3930000000153,2083.723000000065
2025-05-29,509.2349999999903,633.7280000000333,932.3300000000402,1142.9630000000152,2075.2930000000647
2025-05-30,509.2349999999903,633.7280000000333,932.3300000000402,1142.9630000000152,2075.2930000000647
2025-06-02,544.54499999999,633.7280000000333,943.0770000000402,1178.273000000015,2121.3500000000645
2025-06-03,515.3849999999903,633.7280000000333,905.3770000000402,1149.1130000000153,2054.490000000065
2025-06-04,515.3849999999903,633.7280000000333,905.3770000000402,1149.1130000000153,2054.490000000065
2025-06-05,515.3849999999903,633.7280000000333,905.3770000000402,1149.1130000000153,2054.490000000065
2025-06-06,527.8749999999903,633.7280000000333,905.3770000000402,1161.6030000000153,2066.9800000000646
2025-06-09,520.0449999999902,633.7280000000333,874.0230000000402,1153.7730000000151,2027.7960000000644
2025-06-10,520.0449999999902,633.7280000000333,874.0230000000402,1153.7730000000151,2027.7960000000644
2025-06-11,520.0449999999902,633.7280000000333,874.0230000000402,1153.7730000000151,2027.7960000000644
2025-06-12,520.0449999999902,633.7280000000333,873.6830000000402,1153.7730000000151,2027.4560000000645
2025-06-13,530.4219999999904,670.2380000000333,889.2700000000405,1200.6600000000153,2089.930000000065
2025-06-16,561.1819999999904,605.5880000000334,889.2700000000405,1166.7700000000154,2056.040000000065
2025-06-17,562.2449999999902,605.5880000000334,889.2700000000405,1167.8330000000153,2057.1030000000646
2025-06-18,562.2449999999902,605.5880000000334,889.2700000000405,1167.8330000000153,2057.1030000000646
2025-06-19,543.2189999999898,605.5880000000334,884.6500000000404,1148.807000000015,2033.4570000000642
2025-06-20,543.67899999999,605.5880000000334,887.5600000000409,1149.267000000015,2036.8270000000648
2025-06-23,527.3689999999903,605.5880000000334,887.5600000000409,1132.9570000000153,2020.517000000065
2025-06-24,536.7359999999907,605.5880000000334,896.0100000000409,1142.3240000000158,2038.3340000000655
2025-06-25,525.4359999999907,605.5880000000334,883.3700000000413,1131.0240000000158,2014.394000000066
2025-06-26,512.5159999999909,605.5880000000334,883.3700000000413,1118.104000000016,2001.474000000066
2025-06-27,547.432999999991,605.5880000000334,896.7700000000416,1153.021000000016,2049.7910000000666
2025-06-30,524.8969999999913,605.5880000000334,896.7700000000416,1130.4850000000165,2027.255000000067
2025-07-01,551.4299999999914,605.5880000000334,896.7700000000416,1157.0180000000166,2053.788000000067
2025-07-02,551.4299999999914,605.5880000000334,896.7700000000416,1157.0180000000166,2053.788000000067
2025-07-03,532.3729999999914,605.5880000000334,896.7700000000416,1137.9610000000166,2034.7310000000668
2025-07-04,532.3729999999914,605.5880000000334,896.7700000000416,1137.9610000000166,2034.7310000000668
2025-07-07,523.7829999999911,570.2410000000334,871.0060000000417,1094.0240000000163,1965.0300000000666
2025-07-08,507.6729999999909,563.5710000000336,871.0060000000417,1071.244000000016,1942.2500000000664
2025-07-09,508.8229999999907,549.1210000000335,871.0060000000417,1057.9440000000159,1928.9500000000662
2025-07-10,497.1299999999907,549.1210000000335,871.0060000000417,1046.251000000016,1917.2570000000662
2025-07-11,496.1359999999907,549.1210000000335,872.1020000000419,1045.257000000016,1917.3590000000665
2025-07-14,483.3989999999908,549.1210000000335,872.1020000000419,1032.5200000000161,1904.6220000000667
2025-07-15,483.3989999999908,549.1210000000335,872.1020000000419,1032.5200000000161,1904.6220000000667
2025-07-16,468.23899999999065,549.1210000000335,872.1020000000419,1017.360000000016,1889.4620000000666
2025-07-17,443.98899999999037,549.1210000000335,845.2020000000421,993.1100000000158,1838.3120000000665
2025-07-18,433.60899999999043,549.1210000000335,845.2020000000421,982.7300000000159,1827.9320000000666
2025-07-21,455.7789999999902,547.3000000000338,856.3850000000423,1003.079000000016,1859.4640000000668
2025-07-22,441.17199999999013,570.8790000000338,888.2880000000423,1012.0510000000158,1900.3390000000666
2025-07-23,427.40899999999056,533.1990000000337,847.7780000000423,960.6080000000162,1808.3860000000668
2025-07-24,446.01899999999085,533.1990000000337,847.7780000000423,979.2180000000166,1826.9960000000672
2025-07-25,454.00899999999126,533.1990000000337,850.934000000042,987.208000000017,1838.1420000000674
2025-07-28,454.00899999999126,533.1990000000337,835.7000000000419,987.208000000017,1822.9080000000672
2025-07-29,454.00899999999126,533.1990000000337,835.7000000000419,987.208000000017,1822.9080000000672
2025-07-30,476.5149999999913,553.9290000000335,856.4300000000417,1030.4440000000168,1886.8740000000666
2025-07-31,451.61799999999107,541.5920000000333,830.3930000000416,993.2100000000163,1823.603000000066
2025-08-01,470.31799999999106,494.83200000003325,841.3530000000419,965.1500000000162,1806.503000000066
2025-08-04,485.31099999999117,494.83200000003325,846.7130000000418,980.1430000000164,1826.8560000000662
2025-08-05,485.31099999999117,483.9790000000329,851.0790000000416,969.2900000000161,1820.3690000000656
2025-08-06,485.31099999999117,483.9790000000329,851.0790000000416,969.2900000000161,1820.3690000000656
2025-08-07,485.31099999999117,487.25300000003296,851.0790000000416,972.5640000000162,1823.6430000000657
2025-08-08,485.31099999999117,485.1560000000329,833.8030000000415,970.4670000000162,1804.2700000000657
2025-08-11,500.90099999999103,442.92600000003307,828.3730000000414,943.8270000000163,1772.2000000000655
2025-08-12,500.90099999999103,442.92600000003307,827.1430000000412,943.8270000000163,1770.9700000000653
2025-08-13,500.90099999999103,442.92600000003307,827.1430000000412,943.8270000000163,1770.9700000000653
2025-08-14,500.90099999999103,442.92600000003307,827.1430000000412,943.8270000000163,1770.9700000000653
2025-08-15,500.90099999999103,442.92600000003307,827.1430000000412,943.8270000000163,1770.9700000000653
2025-08-18,500.90099999999103,442.92600000003307,827.1430000000412,943.8270000000163,1770.9700000000653
2025-08-19,500.90099999999103,442.92600000003307,828.4630000000411,943.8270000000163,1772.2900000000652
2025-08-20,511.7709999999911,442.92600000003307,802.046000000041,954.6970000000164,1756.7430000000652
2025-08-21,495.76099999999104,442.92600000003307,802.046000000041,938.6870000000164,1740.7330000000652
2025-08-22,500.7839999999909,442.92600000003307,801.0890000000409,943.7100000000163,1744.799000000065
2025-08-25,498.22399999999067,442.92600000003307,801.0890000000409,941.1500000000161,1742.2390000000648
2025-08-26,498.22399999999067,442.92600000003307,807.2980000000405,941.1500000000161,1748.4480000000644
2025-08-27,498.22399999999067,442.92600000003307,812.4050000000402,941.1500000000161,1753.5550000000642
2025-08-28,499.85699999999065,464.00600000003317,827.0620000000401,963.8630000000162,1790.925000000064
2025-08-29,513.756999999991,499.75600000003334,862.8120000000404,1013.5130000000166,1876.3250000000646
2025-09-01,541.9169999999912,525.8930000000335,855.4720000000406,1067.810000000017,1923.2820000000652
2025-09-02,552.046999999991,585.9360000000332,915.5150000000403,1137.9830000000168,2053.4980000000646
2025-09-03,583.4569999999911,620.3030000000332,949.8820000000403,1203.7600000000168,2153.6420000000644
2025-09-04,561.0529999999914,608.3290000000333,949.8820000000403,1169.3820000000171,2119.2640000000647
2025-09-05,556.4829999999914,662.0720000000334,949.8820000000403,1218.5550000000173,2168.437000000065
2025-09-08,557.7459999999916,706.2620000000337,952.7820000000406,1264.0080000000178,2216.7900000000654
2025-09-09,557.7459999999916,705.9420000000338,952.4620000000407,1263.6880000000178,2216.1500000000656
2025-09-10,526.0089999999917,712.219000000034,952.4620000000407,1238.2280000000183,2190.690000000066
2025-09-11,527.9789999999917,712.219000000034,952.4620000000407,1240.1980000000183,2192.660000000066
2025-09-12,527.9789999999917,703.209000000034,952.4620000000407,1231.1880000000183,2183.6500000000656
2025-09-15,507.19199999999165,720.219000000034,952.4620000000407,1227.4110000000182,2179.8730000000655
2025-09-16,507.19199999999165,731.1890000000345,952.4620000000407,1238.3810000000187,2190.843000000066
2025-09-17,527.1119999999914,700.9160000000346,952.4620000000407,1228.0280000000187,2180.4900000000657
2025-09-18,544.7809999999915,700.9160000000346,943.0690000000409,1245.6970000000188,2188.766000000066
2025-09-19,522.7839999999915,700.9160000000346,904.0690000000411,1223.7000000000187,2127.769000000066
2025-09-22,563.9539999999918,728.006000000035,923.9220000000414,1291.9600000000194,2215.882000000067
2025-09-23,563.9539999999918,752.3960000000351,948.3120000000415,1316.3500000000195,2264.662000000067
2025-09-24,588.1669999999917,752.3960000000351,948.3120000000415,1340.5630000000194,2288.875000000067
2025-09-25,575.4599999999916,752.3960000000351,948.3120000000415,1327.8560000000193,2276.1680000000665
2025-09-26,575.4599999999916,752.3960000000351,948.3120000000415,1327.8560000000193,2276.1680000000665
2025-09-29,575.4599999999916,751.8860000000351,963.1920000000418,1327.3460000000193,2290.538000000067
2025-09-30,532.8329999999919,780.3250000000352,948.7680000000416,1313.1580000000197,2261.926000000067
2025-10-01,532.8329999999919,780.3250000000352,948.7680000000416,1313.1580000000197,2261.926000000067
2025-10-02,512.1999999999919,780.3250000000352,948.7680000000416,1292.5250000000196,2241.2930000000665
2025-10-03,512.1999999999919,780.3250000000352,948.7680000000416,1292.5250000000196,2241.2930000000665
2025-10-06,561.0069999999919,780.3250000000352,945.4080000000417,1341.3320000000197,2286.7400000000666
2025-10-07,561.0069999999919,780.3250000000352,951.408000000042,1341.3320000000197,2292.7400000000666
2025-10-08,586.2399999999918,775.5650000000352,946.648000000042,1361.8050000000196,2308.4530000000664
2025-10-09,578.1099999999915,775.5650000000352,923.1080000000418,1353.6750000000193,2276.783000000066
2025-10-10,554.4629999999918,775.5650000000352,884.568000000042,1330.0280000000196,2214.5960000000664
2025-10-13,587.0529999999922,789.775000000035,895.6180000000415,1376.8280000000198,2272.446000000066
2025-10-14,548.1729999999923,786.4980000000352,908.9410000000421,1334.67100000002,2243.6120000000665
2025-10-15,548.1729999999923,786.4980000000352,908.9410000000421,1334.67100000002,2243.6120000000665
2025-10-16,548.1729999999923,821.464000000035,908.9410000000421,1369.63700000002,2278.5780000000664
2025-10-17,513.7529999999925,900.8040000000345,927.5310000000425,1414.5570000000198,2342.0880000000666
2025-10-20,478.6329999999919,806.5140000000348,927.5310000000425,1285.1470000000195,2212.6780000000663
2025-10-21,622.8829999999921,971.4110000000348,1072.171000000043,1594.2940000000199,2666.465000000067
2025-10-22,655.2299999999921,991.7910000000343,1092.5510000000424,1647.0210000000193,2739.5720000000656
2025-10-23,655.2299999999921,974.874000000035,1075.6340000000432,1630.10400000002,2705.738000000067
2025-10-24,655.2299999999921,986.3270000000357,1087.0870000000439,1641.5570000000207,2728.6440000000684
2025-10-27,679.0999999999922,1077.240000000036,1178.000000000044,1756.340000000021,2934.340000000069
2025-10-28,717.3929999999925,1106.3830000000362,1207.1430000000444,1823.7760000000217,3030.9190000000694
2025-10-29,717.3929999999925,1093.7830000000365,1194.5430000000447,1811.176000000022,3005.71900000007
2025-10-30,717.3929999999925,1011.0260000000362,1092.8730000000444,1728.4190000000217,2821.2920000000695
2025-10-31,717.3929999999925,1047.129000000036,1092.8730000000444,1764.5220000000215,2857.395000000069
2025-11-03,717.3929999999925,1016.0090000000359,1092.8730000000444,1733.4020000000214,2826.2750000000688
2025-11-04,717.3929999999925,1074.0290000000357,1092.8730000000444,1791.4220000000212,2884.2950000000683
2025-11-05,717.3929999999925,1023.7990000000354,1042.6430000000441,1741.192000000021,2783.835000000068
2025-11-06,717.3929999999925,1016.5160000000353,1042.6430000000441,1733.9090000000208,2776.5520000000674
2025-11-07,717.3929999999925,1016.5160000000353,1042.6430000000441,1733.9090000000208,2776.5520000000674
2025-11-10,781.8129999999928,1016.5160000000353,1099.8260000000444,1798.329000000021,2898.155000000068
2025-11-11,785.7269999999928,1016.5160000000353,1099.8260000000444,1802.243000000021,2902.0690000000677
2025-11-12,786.7699999999927,1016.5160000000353,1099.8260000000444,1803.286000000021,2903.1120000000674
2025-11-13,785.7729999999926,1016.5160000000353,1099.8260000000444,1802.289000000021,2902.115000000067
2025-11-14,758.0929999999926,1016.5160000000353,1099.8260000000444,1774.6090000000208,2874.435000000067
2025-11-17,758.0929999999926,1016.5160000000353,1069.6760000000445,1774.6090000000208,2844.2850000000667
2025-11-18,758.0929999999926,1016.5160000000353,1024.2900000000443,1774.6090000000208,2798.8990000000663
2025-11-19,704.3929999999925,1016.5160000000353,1024.2900000000443,1720.9090000000208,2745.199000000066
2025-11-20,704.3929999999925,1016.5160000000353,1024.2900000000443,1720.9090000000208,2745.199000000066
2025-11-21,704.3929999999925,1016.5160000000353,1024.2900000000443,1720.9090000000208,2745.199000000066
2025-11-24,743.322999999993,1016.5160000000353,1024.2900000000443,1759.8390000000213,2784.1290000000663
2025-11-25,737.0429999999935,1016.5160000000353,1024.2900000000443,1753.5590000000218,2777.8490000000666
2025-11-26,737.0429999999935,1016.5160000000353,1024.2900000000443,1753.5590000000218,2777.8490000000666
2025-11-27,737.0429999999935,1016.5160000000353,1024.2900000000443,1753.5590000000218,2777.8490000000666
2025-11-28,737.0429999999935,1016.5160000000353,1048.2030000000439,1753.5590000000218,2801.762000000066
2025-12-01,737.6929999999934,1016.5160000000353,1062.8100000000443,1754.2090000000217,2817.0190000000666
2025-12-02,741.0529999999933,1016.5160000000353,1062.8100000000443,1757.5690000000216,2820.3790000000663
2025-12-03,741.0529999999933,1016.5160000000353,1062.8100000000443,1757.5690000000216,2820.3790000000663
2025-12-04,705.5829999999933,1016.5160000000353,1062.8100000000443,1722.0990000000215,2784.909000000066
2025-12-05,705.5829999999933,997.8460000000355,1062.8100000000443,1703.4290000000217,2766.239000000066
2025-12-08,713.9529999999934,997.8460000000355,1062.8100000000443,1711.7990000000218,2774.609000000066
2025-12-09,686.1729999999939,997.8460000000355,1062.8100000000443,1684.0190000000223,2746.829000000066
2025-12-10,686.1729999999939,997.8460000000355,1062.8100000000443,1684.0190000000223,2746.829000000066
2025-12-11,684.265999999994,1036.6390000000354,1065.2330000000443,1720.9050000000223,2786.1380000000663
2025-12-12,694.295999999994,1059.5690000000359,1056.070000000045,1753.8650000000227,2809.9350000000672
2025-12-15,662.4659999999943,1061.4490000000362,1056.070000000045,1723.9150000000234,2779.985000000068
2025-12-16,638.775999999995,1061.6190000000365,1056.070000000045,1700.3950000000243,2756.465000000069
2025-12-17,638.775999999995,1094.8290000000359,1056.070000000045,1733.6050000000237,2789.675000000068
2025-12-18,625.8589999999948,1090.4660000000358,1056.070000000045,1716.3250000000235,2772.3950000000677
2025-12-19,625.8589999999948,1094.7660000000353,1056.070000000045,1720.625000000023,2776.695000000067
2025-12-22,708.3089999999949,1177.996000000035,1096.1060000000452,1886.3050000000228,2982.411000000067
2025-12-23,714.245999999995,1215.2790000000357,1096.1060000000452,1929.5250000000235,3025.6310000000676
2025-12-24,680.8359999999946,1200.6690000000356,1096.1060000000452,1881.5050000000228,2977.611000000067
2025-12-26,663.9359999999946,1241.2530000000359,1096.1060000000452,1905.1890000000233,3001.2950000000674
2025-12-29,818.655999999995,1241.2530000000359,1207.8160000000455,2059.9090000000238,3267.725000000068
2025-12-30,770.3659999999952,1241.2530000000359,1205.7060000000452,2011.619000000024,3217.325000000068
2025-12-31,709.9859999999953,1241.2530000000359,1224.476000000045,1951.2390000000241,3175.715000000068
2026-01-02,642.3659999999957,1241.2530000000359,1224.476000000045,1883.6190000000245,3108.095000000068
2026-01-05,660.9859999999958,1241.2530000000359,1239.0660000000453,1902.2390000000246,3141.3050000000685
2026-01-06,660.9859999999958,1241.2530000000359,1239.0660000000453,1902.2390000000246,3141.3050000000685
2026-01-07,660.9859999999958,1241.2530000000359,1239.0660000000453,1902.2390000000246,3141.3050000000685
2026-01-08,660.9859999999958,1241.2530000000359,1239.0660000000453,1902.2390000000246,3141.3050000000685
2026-01-09,660.9859999999958,1241.2530000000359,1239.0660000000453,1902.2390000000246,3141.3050000000685
2026-01-12,689.9359999999958,1245.940000000036,1243.7530000000454,1935.8760000000248,3179.6290000000686
2026-01-13,689.9359999999958,1245.940000000036,1243.7530000000454,1935.8760000000248,3179.6290000000686
2026-01-14,689.9359999999958,1245.940000000036,1243.7530000000454,1935.8760000000248,3179.6290000000686
2026-01-15,689.9359999999958,1245.940000000036,1243.7530000000454,1935.8760000000248,3179.6290000000686
2026-01-16,689.9359999999958,1245.940000000036,1243.7530000000454,1935.8760000000248,3179.6290000000686
2026-01-19,689.9359999999958,1245.940000000036,1243.7530000000454,1935.8760000000248,3179.6290000000686
2026-01-20,689.9359999999958,1272.8300000000356,1270.643000000045,1962.7660000000244,3233.409000000068
2026-01-21,693.2689999999957,1263.6900000000355,1230.963000000045,1956.9590000000242,3187.9220000000673
2026-01-22,693.2689999999957,1263.6900000000355,1230.963000000045,1956.9590000000242,3187.9220000000673
2026-01-23,693.2689999999957,1263.6900000000355,1230.963000000045,1956.9590000000242,3187.9220000000673
2026-01-26,694.1289999999956,1263.6900000000355,1230.963000000045,1957.819000000024,3188.782000000067
2026-01-27,694.1289999999956,1263.6900000000355,1230.963000000045,1957.819000000024,3188.782000000067
2026-01-28,841.0689999999963,1378.7600000000355,1230.963000000045,2219.8290000000247,3450.7920000000677
2026-01-29,624.5619999999961,1166.690000000035,1230.963000000045,1791.252000000024,3022.215000000067
2026-01-30,1107.3719999999967,1620.1900000000353,1579.7000000000453,2727.562000000025,4307.262000000068
2026-02-02,1154.438999999996,1709.2670000000358,1668.7770000000457,2863.7060000000247,4532.483000000068
2026-02-03,1154.438999999996,1538.8640000000357,1668.7770000000457,2693.3030000000244,4362.080000000068
2026-02-04,1154.438999999996,1547.6340000000364,1668.7770000000457,2702.073000000025,4370.850000000069
2026-02-05,1162.7219999999957,1747.9340000000368,1668.7770000000457,2910.656000000025,4579.433000000068
2026-02-06,1016.9519999999955,1497.8010000000372,1668.7770000000457,2514.753000000025,4183.530000000068
2026-02-09,1016.9519999999955,1453.3210000000379,1668.7770000000457,2470.2730000000256,4139.050000000068
2026-02-10,1016.9519999999955,1441.4080000000376,1668.7770000000457,2458.360000000025,4127.137000000068
2026-02-11,1016.9519999999955,1441.4080000000376,1668.7770000000457,2458.360000000025,4127.137000000068
2026-02-12,993.1649999999954,1480.788000000038,1668.7770000000457,2473.9530000000254,4142.730000000068
2026-02-13,993.1649999999954,1368.068000000038,1556.0570000000457,2361.233000000025,3917.2900000000677
2026-02-16,993.1649999999954,1368.068000000038,1556.0570000000457,2361.233000000025,3917.2900000000677
2026-02-17,1013.1749999999959,1378.5080000000378,1613.5870000000457,2391.6830000000255,4005.2700000000677
2026-02-18,1013.1749999999959,1252.5580000000373,1487.6370000000452,2265.7330000000247,3753.3700000000667
2026-02-19,1013.1749999999959,1252.5580000000373,1487.6370000000452,2265.7330000000247,3753.3700000000667
2026-02-20,1013.1749999999959,1252.5580000000373,1487.6370000000452,2265.7330000000247,3753.3700000000667
2026-02-23,1096.3379999999966,1252.5580000000373,1487.6370000000452,2348.896000000025,3836.533000000067
2026-02-24,1096.3379999999966,1252.5580000000373,1487.6370000000452,2348.896000000025,3836.533000000067
2026-02-25,1096.3379999999966,1252.5580000000373,1487.6370000000452,2348.896000000025,3836.533000000067
2026-02-26,1096.3379999999966,1252.5580000000373,1487.6370000000452,2348.896000000025,3836.533000000067
2026-02-27,1101.257999999996,1252.5580000000373,1487.6370000000452,2353.8160000000244,3841.4530000000664
2026-03-02,1077.0279999999957,1252.5580000000373,1487.6370000000452,2329.586000000024,3817.223000000066
2026-03-03,1113.1509999999964,1252.5580000000373,1534.787000000045,2365.7090000000244,3900.4960000000665
2026-03-04,1071.0609999999965,1252.5580000000373,1534.787000000045,2323.6190000000242,3858.4060000000663
2026-03-05,1054.1309999999964,1252.5580000000373,1535.4270000000456,2306.689000000024,3842.116000000067
2026-03-06,1054.1309999999964,1252.5580000000373,1535.4270000000456,2306.689000000024,3842.116000000067
2026-03-09,1054.1309999999964,1252.5580000000373,1443.8170000000453,2306.689000000024,3750.5060000000663
2026-03-10,1064.520999999997,1252.5580000000373,1443.8170000000453,2317.0790000000243,3760.8960000000666
2026-03-11,1064.520999999997,1252.5580000000373,1443.8170000000453,2317.0790000000243,3760.8960000000666
2026-03-12,1053.1109999999967,1252.5580000000373,1443.8170000000453,2305.669000000024,3749.4860000000663
2026-03-13,1065.0909999999967,1252.5580000000373,1468.4270000000452,2317.649000000024,3786.076000000066
2026-03-16,1055.5279999999968,1252.5580000000373,1479.724000000045,2308.086000000024,3787.810000000066
2026-03-17,1055.5279999999968,1252.5580000000373,1479.724000000045,2308.086000000024,3787.810000000066
2026-03-18,1192.317999999997,1290.9280000000374,1623.5240000000454,2483.246000000024,4106.770000000067
2026-03-19,1350.137999999997,1480.948000000038,1813.544000000046,2831.086000000025,4644.630000000068
2026-03-20,1346.6879999999974,1615.0280000000373,1947.6240000000453,2961.7160000000245,4909.340000000067
2026-03-23,1374.8349999999975,1714.4780000000374,1903.1240000000455,3089.3130000000247,4992.437000000068
2026-03-24,1374.8349999999975,1738.6890000000378,1903.1240000000455,3113.524000000025,5016.648000000068
2026-03-25,1428.5919999999974,1691.4220000000382,1903.1240000000455,3120.014000000025,5023.138000000068
2026-03-26,1428.5919999999974,1844.5750000000378,1903.1240000000455,3273.1670000000245,5176.2910000000675
2026-03-27,1425.2919999999974,1740.6680000000379,1903.1240000000455,3165.9600000000246,5069.084000000067
2026-03-30,1425.2919999999974,1711.2810000000375,1903.1240000000455,3136.573000000024,5039.6970000000665
2026-03-31,1429.9419999999973,1538.4440000000372,1980.6840000000461,2968.3860000000236,4949.070000000067
2026-04-01,1517.2619999999972,1538.4440000000372,2065.5210000000457,3055.7060000000233,5121.227000000066
2026-04-02,1517.2619999999972,1538.4440000000372,1883.1480000000454,3055.7060000000233,4938.854000000066
2026-04-06,1517.2619999999972,1538.4440000000372,1883.1480000000454,3055.7060000000233,4938.854000000066
2026-04-07,1517.2619999999972,1538.4440000000372,1883.1480000000454,3055.7060000000233,4938.854000000066
2026-04-08,1435.0889999999968,1538.4440000000372,1883.1480000000454,2973.5330000000226,4856.681000000065
2026-04-09,1435.0889999999968,1538.4440000000372,1883.1480000000454,2973.5330000000226,4856.681000000065
2026-04-10,1435.0889999999968,1538.4440000000372,1883.1480000000454,2973.5330000000226,4856.681000000065
2026-04-13,1435.0889999999968,1538.4440000000372,1883.1480000000454,2973.5330000000226,4856.681000000065
2026-04-14,1435.0889999999968,1538.4440000000372,1883.1480000000454,2973.5330000000226,4856.681000000065
2026-04-15,1435.0889999999968,1538.4440000000372,1883.1480000000454,2973.5330000000226,4856.681000000065
2026-04-16,1435.0889999999968,1538.4440000000372,1883.1480000000454,2973.5330000000226,4856.681000000065
2026-04-17,1435.0889999999968,1538.4440000000372,1856.3700000000454,2973.5330000000226,4829.903000000065
2026-04-20,1435.0889999999968,1538.4440000000372,1856.3700000000454,2973.5330000000226,4829.903000000065
2026-04-21,1503.2089999999969,1538.4440000000372,1888.1300000000458,3041.6530000000225,4929.783000000065
2026-04-22,1503.2089999999969,1538.4440000000372,1851.313000000046,3041.6530000000225,4892.966000000065
2026-04-23,1461.5989999999965,1538.4440000000372,1851.313000000046,3000.043000000022,4851.356000000064
2026-04-24,1405.3489999999958,1538.4440000000372,1851.313000000046,2943.793000000021,4795.106000000063
2026-04-27,1405.7989999999959,1538.4440000000372,1851.313000000046,2944.243000000021,4795.556000000063
2026-04-28,1483.1089999999956,1538.4440000000372,1887.3930000000462,3021.5530000000203,4908.946000000063
2026-04-29,1478.228999999996,1538.4440000000372,1934.003000000046,3016.6730000000207,4950.676000000063
2026-04-30,1504.968999999996,1538.4440000000372,1934.003000000046,3043.4130000000205,4977.416000000063
2026-05-01,1499.538999999996,1538.4440000000372,1934.003000000046,3037.98300000002,4971.986000000063
2026-05-04,1529.2189999999955,1538.4440000000372,1934.003000000046,3067.6630000000196,5001.666000000062
2026-05-05,1492.651999999995,1538.4440000000372,1934.003000000046,3031.096000000019,4965.099000000061
2026-05-06,1591.141999999995,1538.4440000000372,1963.1230000000462,3129.586000000019,5092.709000000061
2026-05-07,1591.141999999995,1538.4440000000372,1971.0730000000462,3129.586000000019,5100.659000000061
2026-05-08,1591.141999999995,1538.4440000000372,1971.0730000000462,3129.586000000019,5100.659000000061
2026-05-11,1591.141999999995,1538.4440000000372,1971.0730000000462,3129.586000000019,5100.659000000061
2026-05-12,1491.3919999999955,1538.4440000000372,1971.0730000000462,3029.8360000000193,5000.909000000061
2026-05-13,1491.3919999999955,1538.4440000000372,1971.0730000000462,3029.8360000000193,5000.909000000061
2026-05-14,1491.3919999999955,1538.4440000000372,1971.0730000000462,3029.8360000000193,5000.909000000061
2026-05-15,1581.781999999996,1550.924000000037,2055.103000000046,3132.7060000000197,5187.809000000061
2026-05-18,1581.781999999996,1537.4970000000376,2055.103000000046,3119.27900000002,5174.382000000061
2026-05-19,1581.781999999996,1617.1220000000378,2055.103000000046,3198.90400000002,5254.007000000061
2026-05-20,1594.811999999996,1555.1420000000376,2055.103000000046,3149.9540000000197,5205.057000000061
2026-05-21,1567.1919999999964,1551.2620000000377,2055.103000000046,3118.45400000002,5173.557000000061
2026-05-22,1567.1919999999964,1578.2320000000382,2055.103000000046,3145.4240000000204,5200.527000000061
2026-05-25,1567.1919999999964,1578.2320000000382,2055.103000000046,3145.4240000000204,5200.527000000061
2026-05-26,1567.1919999999964,1594.422000000039,2055.103000000046,3161.614000000021,5216.7170000000615
2026-05-27,1540.4489999999962,1654.002000000039,2049.9230000000457,3194.451000000021,5244.374000000062
2026-05-28,1530.4989999999957,1613.202000000039,1954.7160000000458,3143.7010000000205,5098.417000000061
2026-05-29,1576.8659999999961,1613.202000000039,1928.5160000000453,3190.0680000000207,5118.584000000061
2026-06-01,1558.145999999996,1579.8420000000388,1928.5160000000453,3137.9880000000203,5066.50400000006
2026-06-02,1558.145999999996,1579.8420000000388,1928.5160000000453,3137.9880000000203,5066.50400000006
2026-06-03,1558.145999999996,1592.632000000039,1928.5160000000453,3150.7780000000203,5079.29400000006
2026-06-04,1558.145999999996,1560.1750000000388,1928.5160000000453,3118.32100000002,5046.83700000006
2026-06-05,1641.7459999999958,1688.255000000039,2016.2960000000453,3330.0010000000198,5346.29700000006
2026-06-08,1632.825999999996,1678.2150000000393,2016.2960000000453,3311.04100000002,5327.33700000006
2026-06-09,1632.825999999996,1746.878000000039,2016.2960000000453,3379.7040000000197,5396.000000000059
2026-06-10,1790.8259999999962,1900.638000000039,2081.1260000000448,3691.46400000002,5772.590000000059
2026-06-11,1792.925999999996,1737.5150000000392,1974.6960000000452,3530.44100000002,5505.13700000006
2026-06-12,1792.1959999999967,1769.3050000000385,1974.6960000000452,3561.5010000000198,5536.197000000059
2026-06-15,1818.0559999999966,1733.498000000038,1946.136000000045,3551.554000000019,5497.690000000059
2026-06-16,1818.0559999999966,1733.498000000038,1946.136000000045,3551.554000000019,5497.690000000059
2026-06-17,1818.0559999999966,1733.498000000038,1801.7760000000455,3551.554000000019,5353.330000000059
2026-06-18,1818.0559999999966,1782.6010000000374,1801.7760000000455,3600.6570000000183,5402.433000000058
2026-06-19,1865.735999999996,1848.978000000037,1814.7230000000457,3714.714000000017,5529.437000000057
2026-06-22,1838.1859999999963,1798.0410000000375,1753.6160000000461,3636.227000000018,5389.843000000059
2026-06-23,1838.1859999999963,1875.614000000038,1753.6160000000461,3713.8000000000184,5467.416000000059
2026-06-24,1853.4559999999965,1991.5140000000383,1753.1530000000462,3844.970000000019,5598.12300000006
2026-06-25,1853.4559999999965,1960.494000000038,1707.513000000046,3813.9500000000185,5521.463000000059
2026-06-26,1853.4559999999965,1914.354000000038,1707.513000000046,3767.810000000018,5475.3230000000585
2026-06-29,1853.4559999999965,1964.277000000038,1707.513000000046,3817.733000000018,5525.246000000058
2026-06-30,1853.4559999999965,1962.390000000038,1707.513000000046,3815.8460000000177,5523.359000000059
2026-07-01,1802.2259999999967,1936.6300000000385,1656.453000000046,3738.8560000000184,5395.309000000059
2026-07-02,1807.7759999999962,1859.0900000000383,1659.903000000046,3666.8660000000177,5326.769000000058
2026-07-03,1802.2059999999965,1859.0900000000383,1718.0430000000463,3661.296000000018,5379.339000000059
2026-07-06,1784.915999999996,1859.0900000000383,1698.8630000000455,3644.0060000000176,5342.869000000058
2026-07-07,1784.915999999996,1859.0900000000383,1698.8630000000455,3644.0060000000176,5342.869000000058
2026-07-08,1743.3659999999961,1859.0900000000383,1698.8630000000455,3602.4560000000174,5301.319000000058
2026-07-09,1743.3659999999961,1859.0900000000383,1698.8630000000455,3602.4560000000174,5301.319000000058
2026-07-10,1743.3659999999961,1859.0900000000383,1698.8630000000455,3602.4560000000174,5301.319000000058
2026-07-13,1786.455999999996,1917.1800000000387,1689.8430000000458,3703.6360000000177,5393.4790000000585
2026-07-14,1737.4659999999963,1861.8800000000388,1689.8430000000458,3599.3460000000177,5289.1890000000585
2026-07-15,1737.4659999999963,1861.8800000000388,1689.8430000000458,3599.3460000000177,5289.1890000000585
2026-07-16,1754.3359999999964,1873.7700000000389,1689.8430000000458,3628.106000000018,5317.949000000059
2026-07-17,1754.3359999999964,1836.060000000039,1689.8430000000458,3590.396000000018,5280.239000000059
2026-07-20,1754.3359999999964,1822.610000000039,1689.8430000000458,3576.9460000000176,5266.789000000059
2026-07-21,1782.6059999999966,1737.9800000000391,1695.783000000046,3520.586000000018,5216.36900000006
2026-07-22,1818.4159999999972,1737.9800000000391,1748.083000000046,3556.3960000000184,5304.47900000006
2026-07-23,1863.2559999999976,1737.9800000000391,1688.1230000000457,3601.2360000000185,5289.35900000006
2026-07-24,1855.2359999999978,1730.840000000039,1688.1230000000457,3586.0760000000187,5274.199000000061
2026-07-27,1855.2359999999978,1730.840000000039,1688.1230000000457,3586.0760000000187,5274.199000000061
2026-07-28,1874.695999999998,1749.5800000000395,1688.1230000000457,3624.2760000000194,5312.399000000061
2026-07-29,1811.7759999999982,1722.7300000000398,1688.1230000000457,3534.50600000002,5222.629000000062
2026-07-30,1811.7759999999982,1722.7300000000398,1688.1230000000457,3534.50600000002,5222.629000000062
2026-07-31,1815.5959999999982,1722.7300000000398,1688.1230000000457,3538.3260000000196,5226.4490000000615
2026-08-03,1815.5959999999982,1722.7300000000398,1688.1230000000457,3538.3260000000196,5226.4490000000615
2026-08-04,1797.3359999999982,1722.7300000000398,1688.1230000000457,3520.0660000000194,5208.189000000061
2026-08-05,1939.105999999998,1722.7300000000398,1805.623000000046,3661.836000000019,5467.459000000061
2026-08-06,1955.4059999999974,1722.7300000000398,1804.8930000000466,3678.136000000018,5483.0290000000605
2026-08-07,1931.4959999999978,1705.1600000000403,1832.7230000000468,3636.656000000019,5469.379000000062
2026-08-10,1931.4959999999978,1745.7300000000403,1832.7230000000468,3677.2260000000188,5509.9490000000615
2026-08-11,1877.2759999999978,1718.3800000000401,1805.3730000000467,3595.6560000000186,5401.029000000061
2026-08-12,1877.2759999999978,1763.3700000000401,1805.3730000000467,3640.6460000000184,5446.019000000061
2026-08-13,1901.9459999999972,1712.5300000000402,1805.3730000000467,3614.476000000018,5419.84900000006
2026-08-14,1871.7859999999976,1703.8100000000402,1738.8630000000467,3575.596000000018,5314.459000000061
2026-08-17,1871.7859999999976,1722.42000000004,1738.8630000000467,3594.206000000018,5333.06900000006
2026-08-18,1900.2759999999976,1656.5600000000397,1738.8630000000467,3556.8360000000175,5295.69900000006
2026-08-19,1928.5859999999975,1728.7400000000393,1790.1730000000464,3657.326000000017,5447.499000000059
2026-08-20,1891.4759999999972,1739.1100000000395,1800.5430000000465,3630.5860000000166,5431.129000000059
2026-08-21,1903.4659999999972,1831.9100000000399,1852.5230000000463,3735.376000000017,5587.8990000000595
2026-08-24,1903.4659999999972,1878.5100000000396,1852.5230000000463,3781.9760000000165,5634.499000000059
2026-08-25,1858.0459999999973,1877.81000000004,1852.5230000000463,3735.856000000017,5588.379000000059
2026-08-26,1869.5359999999973,1800.6200000000397,1852.5230000000463,3670.156000000017,5522.679000000058
2026-08-27,1869.5359999999973,1800.8200000000397,1852.5230000000463,3670.3560000000166,5522.879000000058
2026-08-28,1963.1959999999965,1649.6000000000397,1969.8730000000469,3612.7960000000157,5582.669000000058
2026-08-31,1968.955999999997,1649.6000000000397,1977.033000000047,3618.556000000016,5595.589000000058
2026-09-01,2015.535999999997,1649.6000000000397,2096.283000000047,3665.136000000016,5761.419000000058
2026-09-02,2006.8759999999975,1649.6000000000397,2033.8830000000469,3656.476000000016,5690.359000000058
2026-09-03,2058.095999999997,1649.6000000000397,2033.8830000000469,3707.6960000000154,5741.579000000057
2026-09-04,2058.095999999997,1649.6000000000397,2033.8830000000469,3707.6960000000154,5741.579000000057
2026-09-07,2058.095999999997,1649.6000000000397,2033.8830000000469,3707.6960000000154,5741.579000000057
2026-09-08,2058.095999999997,1649.6000000000397,2033.8830000000469,3707.6960000000154,5741.579000000057
2026-09-09,2058.095999999997,1649.6000000000397,1984.3730000000469,3707.6960000000154,5692.069000000057
2026-09-10,2072.3039999999974,1649.6000000000397,1999.7730000000467,3721.904000000016,5721.677000000057
2026-09-11,2005.8609999999976,1649.6000000000397,1929.4970000000471,3655.461000000016,5584.958000000058
2026-09-14,1975.1749999999981,1649.6000000000397,1930.9210000000473,3624.7750000000165,5555.696000000058
2026-09-15,1975.1749999999981,1649.6000000000397,1928.1710000000476,3624.7750000000165,5552.946000000058
2026-09-16,1883.534999999998,1649.6000000000397,1928.1710000000476,3533.135000000016,5461.306000000058
2026-09-17,1844.3349999999984,1649.6000000000397,1928.1710000000476,3493.9350000000163,5422.106000000058
2026-09-18,1844.3349999999984,1649.6000000000397,1928.1710000000476,3493.9350000000163,5422.106000000058
2026-09-21,1844.3349999999984,1649.6000000000397,1928.1710000000476,3493.9350000000163,5422.106000000058
2026-09-22,1844.3349999999984,1649.6000000000397,1928.1710000000476,3493.9350000000163,5422.106000000058
2026-09-23,1844.3349999999984,1649.6000000000397,1928.1710000000476,3493.9350000000163,5422.106000000058
2026-09-24,1844.3349999999984,1636.44000000004,1915.011000000048,3480.7750000000165,5395.786000000058
2026-09-25,1822.5749999999987,1636.44000000004,1915.011000000048,3459.0150000000167,5374.026000000059
